{
  "type": "FeatureCollection",
  "features": [
    {
      "type": "Feature",
      "properties": {
        "name": "Ute 100 Course"
      },
      "geometry": {
        "type": "LineString",
        "coordinates": [
          [
            -109.290452,
            38.548971,
            2402.0
          ],
          [
            -109.290457,
            38.548972,
            2402.0
          ],
          [
            -109.290576,
            38.548595,
            2402.296875
          ],
          [
            -109.290737,
            38.548274,
            2401.5
          ],
          [
            -109.290914,
            38.548101,
            2400.8984375
          ],
          [
            -109.291035,
            38.547174,
            2404.796875
          ],
          [
            -109.291065,
            38.54698,
            2406.59765625
          ],
          [
            -109.291064,
            38.54698,
            2406.69921875
          ],
          [
            -109.291079,
            38.546867,
            2407.59765625
          ],
          [
            -109.291079,
            38.546867,
            2407.59765625
          ],
          [
            -109.291089,
            38.546863,
            2407.59765625
          ],
          [
            -109.291178,
            38.546342,
            2411.8984375
          ],
          [
            -109.291247,
            38.546162,
            2412.296875
          ],
          [
            -109.291247,
            38.546162,
            2412.296875
          ],
          [
            -109.29135,
            38.545893,
            2413.3984375
          ],
          [
            -109.291509,
            38.545748,
            2413.796875
          ],
          [
            -109.291741,
            38.545666,
            2414.69921875
          ],
          [
            -109.292108,
            38.545597,
            2418.5
          ],
          [
            -109.292507,
            38.545585,
            2420.19921875
          ],
          [
            -109.293058,
            38.545652,
            2422.296875
          ],
          [
            -109.293662,
            38.545771,
            2423.5
          ],
          [
            -109.294202,
            38.545919,
            2426.19921875
          ],
          [
            -109.295083,
            38.546425,
            2433.5
          ],
          [
            -109.295405,
            38.546516,
            2437.3984375
          ],
          [
            -109.296039,
            38.546565,
            2444.69921875
          ],
          [
            -109.296488,
            38.546489,
            2447.8984375
          ],
          [
            -109.296733,
            38.546363,
            2451.8984375
          ],
          [
            -109.297639,
            38.545782,
            2459.69921875
          ],
          [
            -109.29787,
            38.545683,
            2460.796875
          ],
          [
            -109.29815,
            38.545682,
            2459.796875
          ],
          [
            -109.298512,
            38.545825,
            2456.59765625
          ],
          [
            -109.298763,
            38.545886,
            2458.09765625
          ],
          [
            -109.299366,
            38.545762,
            2464.5
          ],
          [
            -109.299561,
            38.54569,
            2467.296875
          ],
          [
            -109.299622,
            38.545573,
            2470.296875
          ],
          [
            -109.299551,
            38.545443,
            2472.296875
          ],
          [
            -109.299354,
            38.545367,
            2471.796875
          ],
          [
            -109.299104,
            38.545383,
            2470.3984375
          ],
          [
            -109.298798,
            38.545427,
            2469.5
          ],
          [
            -109.298589,
            38.54538,
            2469.69921875
          ],
          [
            -109.298279,
            38.545112,
            2474.59765625
          ],
          [
            -109.298265,
            38.544926,
            2478.69921875
          ],
          [
            -109.298376,
            38.544709,
            2482.5
          ],
          [
            -109.29874,
            38.544442,
            2484.796875
          ],
          [
            -109.298976,
            38.544369,
            2485.59765625
          ],
          [
            -109.299191,
            38.544388,
            2486.09765625
          ],
          [
            -109.299402,
            38.54452,
            2486.0
          ],
          [
            -109.30075,
            38.545649,
            2492.8984375
          ],
          [
            -109.300935,
            38.54578,
            2493.09765625
          ],
          [
            -109.300982,
            38.54579,
            2493.3984375
          ],
          [
            -109.30106,
            38.545807,
            2493.8984375
          ],
          [
            -109.301156,
            38.545811,
            2494.296875
          ],
          [
            -109.301152,
            38.545837,
            2493.8984375
          ],
          [
            -109.301137,
            38.545864,
            2493.59765625
          ],
          [
            -109.301103,
            38.545888,
            2493.09765625
          ],
          [
            -109.301064,
            38.545901,
            2492.59765625
          ],
          [
            -109.301003,
            38.545915,
            2491.8984375
          ],
          [
            -109.300853,
            38.545945,
            2490.3984375
          ],
          [
            -109.300822,
            38.545961,
            2489.8984375
          ],
          [
            -109.30081,
            38.545979,
            2489.5
          ],
          [
            -109.300816,
            38.546008,
            2489.5
          ],
          [
            -109.300839,
            38.546041,
            2489.59765625
          ],
          [
            -109.300873,
            38.54606,
            2489.59765625
          ],
          [
            -109.30092,
            38.546065,
            2489.8984375
          ],
          [
            -109.300991,
            38.546065,
            2490.3984375
          ],
          [
            -109.301087,
            38.546055,
            2491.19921875
          ],
          [
            -109.301129,
            38.546034,
            2491.59765625
          ],
          [
            -109.301229,
            38.545973,
            2492.0
          ],
          [
            -109.301278,
            38.545957,
            2492.19921875
          ],
          [
            -109.301329,
            38.545955,
            2492.19921875
          ],
          [
            -109.301461,
            38.545993,
            2491.19921875
          ],
          [
            -109.30153,
            38.546009,
            2490.296875
          ],
          [
            -109.30156,
            38.546006,
            2490.09765625
          ],
          [
            -109.301599,
            38.545992,
            2490.09765625
          ],
          [
            -109.301798,
            38.545861,
            2489.8984375
          ],
          [
            -109.30189,
            38.545804,
            2489.796875
          ],
          [
            -109.301957,
            38.545788,
            2489.09765625
          ],
          [
            -109.301999,
            38.545782,
            2488.796875
          ],
          [
            -109.302046,
            38.545791,
            2488.0
          ],
          [
            -109.302107,
            38.545815,
            2486.8984375
          ],
          [
            -109.302253,
            38.545855,
            2484.19921875
          ],
          [
            -109.302339,
            38.545885,
            2482.8984375
          ],
          [
            -109.302414,
            38.545893,
            2482.3984375
          ],
          [
            -109.302457,
            38.545884,
            2482.296875
          ],
          [
            -109.302516,
            38.545869,
            2482.09765625
          ],
          [
            -109.302644,
            38.545885,
            2481.09765625
          ],
          [
            -109.30276,
            38.545917,
            2479.59765625
          ],
          [
            -109.302896,
            38.545952,
            2478.59765625
          ],
          [
            -109.302943,
            38.54595,
            2478.59765625
          ],
          [
            -109.302975,
            38.545941,
            2478.796875
          ],
          [
            -109.30301,
            38.545906,
            2479.59765625
          ],
          [
            -109.303062,
            38.545898,
            2479.796875
          ],
          [
            -109.303089,
            38.545897,
            2479.8984375
          ],
          [
            -109.303089,
            38.545897,
            2479.8984375
          ],
          [
            -109.303109,
            38.545897,
            2479.8984375
          ],
          [
            -109.303355,
            38.545987,
            2478.69921875
          ],
          [
            -109.303642,
            38.546018,
            2479.0
          ],
          [
            -109.303951,
            38.545906,
            2481.0
          ],
          [
            -109.304294,
            38.546131,
            2477.8984375
          ],
          [
            -109.304754,
            38.546059,
            2482.5
          ],
          [
            -109.304962,
            38.546142,
            2481.5
          ],
          [
            -109.305174,
            38.546453,
            2477.69921875
          ],
          [
            -109.305987,
            38.546554,
            2477.59765625
          ],
          [
            -109.307889,
            38.547521,
            2462.296875
          ],
          [
            -109.308317,
            38.547658,
            2462.5
          ],
          [
            -109.308752,
            38.548128,
            2458.3984375
          ],
          [
            -109.309378,
            38.548344,
            2459.8984375
          ],
          [
            -109.309794,
            38.54824,
            2463.3984375
          ],
          [
            -109.309818,
            38.548079,
            2465.8984375
          ],
          [
            -109.310084,
            38.54782,
            2468.3984375
          ],
          [
            -109.310258,
            38.54781,
            2466.8984375
          ],
          [
            -109.310391,
            38.547628,
            2466.8984375
          ],
          [
            -109.310865,
            38.547479,
            2465.0
          ],
          [
            -109.311803,
            38.546853,
            2466.69921875
          ],
          [
            -109.312075,
            38.546698,
            2466.59765625
          ],
          [
            -109.312018,
            38.547107,
            2457.5
          ],
          [
            -109.312315,
            38.547534,
            2460.59765625
          ],
          [
            -109.312687,
            38.547545,
            2467.59765625
          ],
          [
            -109.314206,
            38.547,
            2484.3984375
          ],
          [
            -109.315773,
            38.546831,
            2478.5
          ],
          [
            -109.316459,
            38.546846,
            2479.19921875
          ],
          [
            -109.316881,
            38.546972,
            2479.296875
          ],
          [
            -109.317327,
            38.547325,
            2475.69921875
          ],
          [
            -109.317526,
            38.547158,
            2479.8984375
          ],
          [
            -109.317748,
            38.547282,
            2478.19921875
          ],
          [
            -109.31792,
            38.547433,
            2476.0
          ],
          [
            -109.318016,
            38.547617,
            2473.296875
          ],
          [
            -109.31801,
            38.547699,
            2472.296875
          ],
          [
            -109.31801,
            38.547699,
            2472.296875
          ],
          [
            -109.317987,
            38.548,
            2468.59765625
          ],
          [
            -109.317919,
            38.548262,
            2465.296875
          ],
          [
            -109.317766,
            38.548638,
            2460.0
          ],
          [
            -109.31767,
            38.548869,
            2456.19921875
          ],
          [
            -109.317577,
            38.549371,
            2450.3984375
          ],
          [
            -109.318096,
            38.549863,
            2446.8984375
          ],
          [
            -109.318356,
            38.550164,
            2441.69921875
          ],
          [
            -109.318456,
            38.55039,
            2439.19921875
          ],
          [
            -109.31838,
            38.550466,
            2438.59765625
          ],
          [
            -109.318254,
            38.550543,
            2437.5
          ],
          [
            -109.317957,
            38.550757,
            2432.69921875
          ],
          [
            -109.317791,
            38.550997,
            2430.0
          ],
          [
            -109.317609,
            38.551238,
            2425.3984375
          ],
          [
            -109.317441,
            38.551767,
            2417.0
          ],
          [
            -109.317243,
            38.552074,
            2411.3984375
          ],
          [
            -109.317048,
            38.552455,
            2407.5
          ],
          [
            -109.316841,
            38.552836,
            2401.796875
          ],
          [
            -109.316893,
            38.553262,
            2400.0
          ],
          [
            -109.316968,
            38.553463,
            2400.0
          ],
          [
            -109.316969,
            38.55368,
            2397.5
          ],
          [
            -109.316994,
            38.553817,
            2396.09765625
          ],
          [
            -109.317246,
            38.554245,
            2395.0
          ],
          [
            -109.317544,
            38.554774,
            2393.59765625
          ],
          [
            -109.317778,
            38.555098,
            2392.8984375
          ],
          [
            -109.31801,
            38.555291,
            2391.796875
          ],
          [
            -109.318465,
            38.555477,
            2392.796875
          ],
          [
            -109.318773,
            38.555421,
            2397.3984375
          ],
          [
            -109.31905,
            38.555498,
            2397.59765625
          ],
          [
            -109.319377,
            38.555728,
            2397.5
          ],
          [
            -109.319636,
            38.556076,
            2395.19921875
          ],
          [
            -109.32003,
            38.556356,
            2393.19921875
          ],
          [
            -109.320225,
            38.556518,
            2391.5
          ],
          [
            -109.320335,
            38.556692,
            2389.59765625
          ],
          [
            -109.320396,
            38.556924,
            2385.69921875
          ],
          [
            -109.320418,
            38.557022,
            2383.8984375
          ],
          [
            -109.3205,
            38.557125,
            2383.0
          ],
          [
            -109.32065,
            38.557194,
            2384.296875
          ],
          [
            -109.320872,
            38.557137,
            2389.796875
          ],
          [
            -109.320998,
            38.55711,
            2391.59765625
          ],
          [
            -109.321113,
            38.55715,
            2390.796875
          ],
          [
            -109.321439,
            38.557422,
            2389.296875
          ],
          [
            -109.321592,
            38.557575,
            2390.796875
          ],
          [
            -109.321686,
            38.557771,
            2392.09765625
          ],
          [
            -109.321902,
            38.557959,
            2395.19921875
          ],
          [
            -109.321902,
            38.557959,
            2395.19921875
          ],
          [
            -109.321963,
            38.558012,
            2395.59765625
          ],
          [
            -109.322327,
            38.558192,
            2400.3984375
          ],
          [
            -109.32294,
            38.558426,
            2403.296875
          ],
          [
            -109.323399,
            38.558855,
            2397.296875
          ],
          [
            -109.32393,
            38.55962,
            2389.69921875
          ],
          [
            -109.324266,
            38.559892,
            2389.0
          ],
          [
            -109.324588,
            38.560011,
            2388.796875
          ],
          [
            -109.32495,
            38.560069,
            2389.796875
          ],
          [
            -109.325408,
            38.56016,
            2385.09765625
          ],
          [
            -109.325877,
            38.56015,
            2380.59765625
          ],
          [
            -109.326154,
            38.560285,
            2377.796875
          ],
          [
            -109.326433,
            38.560374,
            2377.0
          ],
          [
            -109.32659,
            38.560823,
            2374.0
          ],
          [
            -109.326633,
            38.560945,
            2373.09765625
          ],
          [
            -109.326815,
            38.561318,
            2371.09765625
          ],
          [
            -109.326978,
            38.561469,
            2371.69921875
          ],
          [
            -109.327436,
            38.561711,
            2370.59765625
          ],
          [
            -109.32744,
            38.561713,
            2370.59765625
          ],
          [
            -109.327648,
            38.561828,
            2371.19921875
          ],
          [
            -109.32799,
            38.561954,
            2374.796875
          ],
          [
            -109.328209,
            38.562015,
            2375.796875
          ],
          [
            -109.328478,
            38.562061,
            2376.0
          ],
          [
            -109.328631,
            38.562075,
            2376.0
          ],
          [
            -109.328779,
            38.562076,
            2376.0
          ],
          [
            -109.328886,
            38.56207,
            2376.0
          ],
          [
            -109.329037,
            38.562045,
            2376.09765625
          ],
          [
            -109.329311,
            38.562003,
            2376.796875
          ],
          [
            -109.329754,
            38.561939,
            2377.5
          ],
          [
            -109.329967,
            38.561913,
            2377.59765625
          ],
          [
            -109.330106,
            38.561868,
            2377.3984375
          ],
          [
            -109.330385,
            38.561769,
            2376.796875
          ],
          [
            -109.330526,
            38.561751,
            2376.5
          ],
          [
            -109.331089,
            38.561735,
            2374.5
          ],
          [
            -109.33184,
            38.561723,
            2372.8984375
          ],
          [
            -109.332084,
            38.561748,
            2372.3984375
          ],
          [
            -109.332084,
            38.561748,
            2372.3984375
          ],
          [
            -109.332219,
            38.561762,
            2372.296875
          ],
          [
            -109.332401,
            38.561804,
            2371.3984375
          ],
          [
            -109.332666,
            38.561895,
            2370.0
          ],
          [
            -109.332869,
            38.561964,
            2369.09765625
          ],
          [
            -109.333115,
            38.562031,
            2368.0
          ],
          [
            -109.333459,
            38.562103,
            2366.5
          ],
          [
            -109.333627,
            38.562125,
            2365.796875
          ],
          [
            -109.333734,
            38.562148,
            2365.296875
          ],
          [
            -109.334046,
            38.562281,
            2363.296875
          ],
          [
            -109.334152,
            38.562313,
            2362.5
          ],
          [
            -109.334661,
            38.562406,
            2359.3984375
          ],
          [
            -109.334743,
            38.562411,
            2358.8984375
          ],
          [
            -109.334877,
            38.562398,
            2358.3984375
          ],
          [
            -109.335074,
            38.562357,
            2357.69921875
          ],
          [
            -109.335478,
            38.56232,
            2356.296875
          ],
          [
            -109.335692,
            38.562303,
            2355.5
          ],
          [
            -109.335895,
            38.562278,
            2354.69921875
          ],
          [
            -109.336299,
            38.562206,
            2352.5
          ],
          [
            -109.336893,
            38.562141,
            2350.0
          ],
          [
            -109.337199,
            38.562119,
            2348.09765625
          ],
          [
            -109.337572,
            38.562102,
            2347.0
          ],
          [
            -109.337768,
            38.562099,
            2346.8984375
          ],
          [
            -109.337993,
            38.562116,
            2346.19921875
          ],
          [
            -109.338364,
            38.562147,
            2346.0
          ],
          [
            -109.338756,
            38.562178,
            2345.69921875
          ],
          [
            -109.338908,
            38.562186,
            2345.5
          ],
          [
            -109.339191,
            38.562199,
            2344.59765625
          ],
          [
            -109.339311,
            38.562221,
            2344.5
          ],
          [
            -109.33947,
            38.562258,
            2344.296875
          ],
          [
            -109.339724,
            38.562364,
            2343.0
          ],
          [
            -109.339833,
            38.562397,
            2342.296875
          ],
          [
            -109.339931,
            38.562425,
            2341.69921875
          ],
          [
            -109.340065,
            38.562456,
            2340.69921875
          ],
          [
            -109.340173,
            38.562472,
            2340.19921875
          ],
          [
            -109.340332,
            38.562486,
            2339.19921875
          ],
          [
            -109.340472,
            38.56251,
            2338.0
          ],
          [
            -109.340642,
            38.562539,
            2336.69921875
          ],
          [
            -109.340698,
            38.562553,
            2336.296875
          ],
          [
            -109.340945,
            38.562637,
            2334.59765625
          ],
          [
            -109.34103,
            38.56265,
            2334.19921875
          ],
          [
            -109.341242,
            38.562675,
            2333.09765625
          ],
          [
            -109.34161,
            38.562713,
            2330.796875
          ],
          [
            -109.341761,
            38.562718,
            2329.69921875
          ],
          [
            -109.341917,
            38.562727,
            2328.5
          ],
          [
            -109.341966,
            38.562739,
            2328.0
          ],
          [
            -109.342029,
            38.562759,
            2327.19921875
          ],
          [
            -109.342079,
            38.562769,
            2326.59765625
          ],
          [
            -109.342142,
            38.562768,
            2325.8984375
          ],
          [
            -109.342219,
            38.562757,
            2325.19921875
          ],
          [
            -109.342393,
            38.562725,
            2323.5
          ],
          [
            -109.342458,
            38.562719,
            2322.796875
          ],
          [
            -109.342632,
            38.562718,
            2321.5
          ],
          [
            -109.342756,
            38.562723,
            2320.5
          ],
          [
            -109.342983,
            38.562749,
            2320.19921875
          ],
          [
            -109.343123,
            38.562761,
            2319.8984375
          ],
          [
            -109.343264,
            38.562765,
            2319.296875
          ],
          [
            -109.343419,
            38.562754,
            2319.0
          ],
          [
            -109.343623,
            38.562736,
            2318.59765625
          ],
          [
            -109.343754,
            38.562721,
            2318.19921875
          ],
          [
            -109.343877,
            38.562722,
            2317.69921875
          ],
          [
            -109.343961,
            38.562732,
            2317.19921875
          ],
          [
            -109.344054,
            38.562764,
            2316.69921875
          ],
          [
            -109.344259,
            38.562879,
            2315.3984375
          ],
          [
            -109.344421,
            38.563001,
            2313.5
          ],
          [
            -109.344534,
            38.563081,
            2312.69921875
          ],
          [
            -109.344572,
            38.563129,
            2312.3984375
          ],
          [
            -109.344583,
            38.563168,
            2312.09765625
          ],
          [
            -109.344652,
            38.563256,
            2311.5
          ],
          [
            -109.344717,
            38.563343,
            2310.8984375
          ],
          [
            -109.344758,
            38.563396,
            2310.3984375
          ],
          [
            -109.344776,
            38.563533,
            2309.3984375
          ],
          [
            -109.344964,
            38.563913,
            2306.796875
          ],
          [
            -109.34501,
            38.563969,
            2306.296875
          ],
          [
            -109.345324,
            38.564215,
            2301.09765625
          ],
          [
            -109.345413,
            38.564273,
            2299.59765625
          ],
          [
            -109.345491,
            38.564314,
            2298.3984375
          ],
          [
            -109.345675,
            38.564377,
            2296.5
          ],
          [
            -109.345761,
            38.564418,
            2295.59765625
          ],
          [
            -109.345877,
            38.564487,
            2294.09765625
          ],
          [
            -109.346014,
            38.564562,
            2292.59765625
          ],
          [
            -109.346094,
            38.564586,
            2292.0
          ],
          [
            -109.346177,
            38.564599,
            2291.19921875
          ],
          [
            -109.346265,
            38.564603,
            2290.59765625
          ],
          [
            -109.346599,
            38.564625,
            2287.8984375
          ],
          [
            -109.34678,
            38.564654,
            2286.796875
          ],
          [
            -109.346963,
            38.564691,
            2285.3984375
          ],
          [
            -109.347124,
            38.564717,
            2284.3984375
          ],
          [
            -109.347263,
            38.564731,
            2284.0
          ],
          [
            -109.347366,
            38.564747,
            2283.8984375
          ],
          [
            -109.347697,
            38.564822,
            2284.09765625
          ],
          [
            -109.347869,
            38.564837,
            2283.5
          ],
          [
            -109.347981,
            38.56483,
            2282.8984375
          ],
          [
            -109.348193,
            38.564795,
            2283.0
          ],
          [
            -109.348427,
            38.56478,
            2283.19921875
          ],
          [
            -109.348542,
            38.564787,
            2283.0
          ],
          [
            -109.348914,
            38.564838,
            2281.296875
          ],
          [
            -109.34911,
            38.56488,
            2280.59765625
          ],
          [
            -109.349254,
            38.564899,
            2279.59765625
          ],
          [
            -109.349446,
            38.564908,
            2278.09765625
          ],
          [
            -109.349705,
            38.564914,
            2277.19921875
          ],
          [
            -109.349831,
            38.564888,
            2276.3984375
          ],
          [
            -109.350132,
            38.564801,
            2274.3984375
          ],
          [
            -109.350294,
            38.564716,
            2273.296875
          ],
          [
            -109.350687,
            38.564612,
            2269.19921875
          ],
          [
            -109.351118,
            38.564589,
            2262.796875
          ],
          [
            -109.351324,
            38.564482,
            2261.3984375
          ],
          [
            -109.351564,
            38.564414,
            2260.296875
          ],
          [
            -109.352004,
            38.564633,
            2250.5
          ],
          [
            -109.35163,
            38.564832,
            2251.296875
          ],
          [
            -109.351565,
            38.564983,
            2251.796875
          ],
          [
            -109.351752,
            38.565145,
            2252.3984375
          ],
          [
            -109.352041,
            38.565172,
            2253.69921875
          ],
          [
            -109.35233,
            38.565113,
            2253.5
          ],
          [
            -109.352736,
            38.565073,
            2252.09765625
          ],
          [
            -109.353059,
            38.565162,
            2253.296875
          ],
          [
            -109.353717,
            38.565378,
            2252.296875
          ],
          [
            -109.353891,
            38.565526,
            2251.0
          ],
          [
            -109.353878,
            38.565693,
            2251.19921875
          ],
          [
            -109.353712,
            38.565981,
            2252.59765625
          ],
          [
            -109.35367,
            38.566162,
            2253.296875
          ],
          [
            -109.353735,
            38.566345,
            2253.5
          ],
          [
            -109.354064,
            38.566567,
            2252.59765625
          ],
          [
            -109.354333,
            38.566705,
            2253.19921875
          ],
          [
            -109.354872,
            38.566859,
            2252.59765625
          ],
          [
            -109.355046,
            38.566972,
            2252.59765625
          ],
          [
            -109.355406,
            38.567575,
            2257.19921875
          ],
          [
            -109.355393,
            38.567744,
            2258.0
          ],
          [
            -109.355193,
            38.568242,
            2259.796875
          ],
          [
            -109.355164,
            38.56846,
            2261.19921875
          ],
          [
            -109.355288,
            38.568676,
            2261.3984375
          ],
          [
            -109.355658,
            38.568897,
            2261.8984375
          ],
          [
            -109.356769,
            38.569425,
            2262.796875
          ],
          [
            -109.357317,
            38.569774,
            2261.59765625
          ],
          [
            -109.35783,
            38.570324,
            2260.296875
          ],
          [
            -109.357859,
            38.570443,
            2260.5
          ],
          [
            -109.357838,
            38.570998,
            2263.69921875
          ],
          [
            -109.357756,
            38.571591,
            2266.296875
          ],
          [
            -109.357874,
            38.571745,
            2266.3984375
          ],
          [
            -109.358398,
            38.572169,
            2265.59765625
          ],
          [
            -109.358617,
            38.572451,
            2265.0
          ],
          [
            -109.358719,
            38.572696,
            2264.5
          ],
          [
            -109.358806,
            38.573078,
            2263.59765625
          ],
          [
            -109.358774,
            38.573202,
            2263.8984375
          ],
          [
            -109.358527,
            38.573455,
            2265.0
          ],
          [
            -109.358061,
            38.573775,
            2262.796875
          ],
          [
            -109.357933,
            38.57379,
            2261.296875
          ],
          [
            -109.357933,
            38.57379,
            2261.296875
          ],
          [
            -109.357706,
            38.573817,
            2258.8984375
          ],
          [
            -109.357411,
            38.573776,
            2257.8984375
          ],
          [
            -109.356948,
            38.573603,
            2252.69921875
          ],
          [
            -109.356748,
            38.573512,
            2252.0
          ],
          [
            -109.356322,
            38.573475,
            2247.19921875
          ],
          [
            -109.355914,
            38.573471,
            2244.296875
          ],
          [
            -109.355825,
            38.573556,
            2243.3984375
          ],
          [
            -109.355846,
            38.573745,
            2242.09765625
          ],
          [
            -109.356104,
            38.574457,
            2236.69921875
          ],
          [
            -109.356671,
            38.575507,
            2231.69921875
          ],
          [
            -109.357357,
            38.577346,
            2223.09765625
          ],
          [
            -109.357517,
            38.577619,
            2222.09765625
          ],
          [
            -109.357617,
            38.577736,
            2221.296875
          ],
          [
            -109.35801,
            38.578053,
            2220.0
          ],
          [
            -109.358102,
            38.578123,
            2219.5
          ],
          [
            -109.358102,
            38.578123,
            2219.5
          ],
          [
            -109.358493,
            38.57842,
            2218.296875
          ],
          [
            -109.358647,
            38.578535,
            2217.796875
          ],
          [
            -109.359472,
            38.579088,
            2213.59765625
          ],
          [
            -109.360914,
            38.579881,
            2203.69921875
          ],
          [
            -109.361433,
            38.580042,
            2201.5
          ],
          [
            -109.362356,
            38.580377,
            2196.69921875
          ],
          [
            -109.362728,
            38.580551,
            2193.8984375
          ],
          [
            -109.363286,
            38.580906,
            2185.8984375
          ],
          [
            -109.3639,
            38.581084,
            2180.19921875
          ],
          [
            -109.364782,
            38.581217,
            2170.5
          ],
          [
            -109.365251,
            38.581218,
            2165.3984375
          ],
          [
            -109.366233,
            38.58106,
            2156.09765625
          ],
          [
            -109.367312,
            38.581081,
            2148.0
          ],
          [
            -109.36857,
            38.581148,
            2140.69921875
          ],
          [
            -109.369523,
            38.58113,
            2133.19921875
          ],
          [
            -109.370051,
            38.581087,
            2127.8984375
          ],
          [
            -109.371657,
            38.581211,
            2119.296875
          ],
          [
            -109.372321,
            38.581503,
            2115.8984375
          ],
          [
            -109.372887,
            38.58168,
            2112.19921875
          ],
          [
            -109.373653,
            38.581971,
            2107.796875
          ],
          [
            -109.374086,
            38.58225,
            2105.8984375
          ],
          [
            -109.374412,
            38.582297,
            2104.0
          ],
          [
            -109.375151,
            38.582439,
            2100.296875
          ],
          [
            -109.375691,
            38.582767,
            2099.8984375
          ],
          [
            -109.376438,
            38.583478,
            2095.5
          ],
          [
            -109.377118,
            38.583937,
            2091.59765625
          ],
          [
            -109.377459,
            38.584082,
            2088.796875
          ],
          [
            -109.377929,
            38.584083,
            2085.5
          ],
          [
            -109.378268,
            38.584211,
            2081.59765625
          ],
          [
            -109.378531,
            38.584417,
            2078.19921875
          ],
          [
            -109.378643,
            38.584686,
            2077.09765625
          ],
          [
            -109.378921,
            38.584888,
            2074.59765625
          ],
          [
            -109.379373,
            38.585102,
            2068.09765625
          ],
          [
            -109.379871,
            38.58525,
            2062.3984375
          ],
          [
            -109.380052,
            38.585356,
            2060.59765625
          ],
          [
            -109.380318,
            38.585468,
            2058.69921875
          ],
          [
            -109.380531,
            38.585439,
            2056.3984375
          ],
          [
            -109.380729,
            38.585295,
            2054.09765625
          ],
          [
            -109.380871,
            38.58491,
            2050.09765625
          ],
          [
            -109.381008,
            38.58475,
            2048.5
          ],
          [
            -109.38151,
            38.58446,
            2043.69921875
          ],
          [
            -109.381713,
            38.584264,
            2041.3984375
          ],
          [
            -109.382147,
            38.583878,
            2036.0
          ],
          [
            -109.382386,
            38.583528,
            2031.69921875
          ],
          [
            -109.382644,
            38.583285,
            2027.09765625
          ],
          [
            -109.38286,
            38.583063,
            2023.796875
          ],
          [
            -109.383023,
            38.58289,
            2021.5
          ],
          [
            -109.383205,
            38.582796,
            2019.296875
          ],
          [
            -109.383647,
            38.582837,
            2013.796875
          ],
          [
            -109.384373,
            38.582975,
            2004.296875
          ],
          [
            -109.384778,
            38.583057,
            2000.69921875
          ],
          [
            -109.385007,
            38.583289,
            1998.59765625
          ],
          [
            -109.385239,
            38.583446,
            1997.09765625
          ],
          [
            -109.385604,
            38.583794,
            1996.09765625
          ],
          [
            -109.386039,
            38.58463,
            1997.69921875
          ],
          [
            -109.386391,
            38.58482,
            1994.796875
          ],
          [
            -109.386427,
            38.584827,
            1994.5
          ],
          [
            -109.386575,
            38.584858,
            1992.8984375
          ],
          [
            -109.386773,
            38.584859,
            1991.296875
          ],
          [
            -109.386965,
            38.584861,
            1989.69921875
          ],
          [
            -109.387175,
            38.584807,
            1987.5
          ],
          [
            -109.387444,
            38.584316,
            1982.3984375
          ],
          [
            -109.387594,
            38.583972,
            1976.69921875
          ],
          [
            -109.387683,
            38.583849,
            1974.0
          ],
          [
            -109.387823,
            38.583765,
            1971.5
          ],
          [
            -109.388038,
            38.583779,
            1968.3984375
          ],
          [
            -109.388194,
            38.583882,
            1967.0
          ],
          [
            -109.38837,
            38.584131,
            1966.796875
          ],
          [
            -109.388509,
            38.584209,
            1965.59765625
          ],
          [
            -109.388759,
            38.584209,
            1962.5
          ],
          [
            -109.388991,
            38.584151,
            1958.59765625
          ],
          [
            -109.389283,
            38.584106,
            1956.69921875
          ],
          [
            -109.389483,
            38.584166,
            1956.69921875
          ],
          [
            -109.389638,
            38.584246,
            1953.8984375
          ],
          [
            -109.389817,
            38.58424,
            1949.59765625
          ],
          [
            -109.390093,
            38.584153,
            1944.59765625
          ],
          [
            -109.390693,
            38.584065,
            1945.8984375
          ],
          [
            -109.391028,
            38.583987,
            1935.59765625
          ],
          [
            -109.391785,
            38.583993,
            1930.19921875
          ],
          [
            -109.392688,
            38.584172,
            1921.8984375
          ],
          [
            -109.393025,
            38.584184,
            1917.59765625
          ],
          [
            -109.393367,
            38.584069,
            1913.796875
          ],
          [
            -109.393772,
            38.584094,
            1918.3984375
          ],
          [
            -109.394201,
            38.584106,
            1917.59765625
          ],
          [
            -109.394767,
            38.583933,
            1896.69921875
          ],
          [
            -109.395111,
            38.583797,
            1896.5
          ],
          [
            -109.395377,
            38.583528,
            1888.19921875
          ],
          [
            -109.395927,
            38.582975,
            1883.19921875
          ],
          [
            -109.396153,
            38.582716,
            1880.19921875
          ],
          [
            -109.396193,
            38.582403,
            1872.09765625
          ],
          [
            -109.396263,
            38.582141,
            1868.3984375
          ],
          [
            -109.396457,
            38.581902,
            1872.19921875
          ],
          [
            -109.39662,
            38.581624,
            1871.0
          ],
          [
            -109.396722,
            38.581374,
            1869.69921875
          ],
          [
            -109.396901,
            38.581047,
            1865.69921875
          ],
          [
            -109.39759,
            38.580377,
            1859.8984375
          ],
          [
            -109.397887,
            38.580286,
            1863.0
          ],
          [
            -109.398343,
            38.580091,
            1856.19921875
          ],
          [
            -109.39874,
            38.580151,
            1855.296875
          ],
          [
            -109.399103,
            38.580146,
            1853.69921875
          ],
          [
            -109.39945,
            38.580076,
            1850.59765625
          ],
          [
            -109.399934,
            38.580095,
            1850.296875
          ],
          [
            -109.400674,
            38.580262,
            1844.3984375
          ],
          [
            -109.401258,
            38.580416,
            1838.19921875
          ],
          [
            -109.401758,
            38.580509,
            1839.5
          ],
          [
            -109.402102,
            38.580526,
            1839.296875
          ],
          [
            -109.40236,
            38.580504,
            1836.59765625
          ],
          [
            -109.402983,
            38.580393,
            1825.3984375
          ],
          [
            -109.403247,
            38.580387,
            1823.796875
          ],
          [
            -109.403739,
            38.58044,
            1823.09765625
          ],
          [
            -109.404077,
            38.580507,
            1824.5
          ],
          [
            -109.404251,
            38.58049,
            1822.3984375
          ],
          [
            -109.40485,
            38.580109,
            1812.8984375
          ],
          [
            -109.405537,
            38.579965,
            1811.3984375
          ],
          [
            -109.405986,
            38.579716,
            1806.3984375
          ],
          [
            -109.406392,
            38.579665,
            1807.3984375
          ],
          [
            -109.406644,
            38.579494,
            1801.59765625
          ],
          [
            -109.407423,
            38.57925,
            1797.09765625
          ],
          [
            -109.407728,
            38.579192,
            1796.5
          ],
          [
            -109.40797,
            38.579212,
            1796.796875
          ],
          [
            -109.408226,
            38.57933,
            1796.0
          ],
          [
            -109.40861,
            38.579556,
            1791.796875
          ],
          [
            -109.408755,
            38.579753,
            1791.3984375
          ],
          [
            -109.408799,
            38.580062,
            1791.296875
          ],
          [
            -109.408757,
            38.580315,
            1793.69921875
          ],
          [
            -109.40886,
            38.580443,
            1793.19921875
          ],
          [
            -109.40907,
            38.580504,
            1794.0
          ],
          [
            -109.409278,
            38.580482,
            1791.09765625
          ],
          [
            -109.410391,
            38.580484,
            1788.19921875
          ],
          [
            -109.41087,
            38.580424,
            1787.09765625
          ],
          [
            -109.411185,
            38.580312,
            1784.3984375
          ],
          [
            -109.411655,
            38.580038,
            1778.5
          ],
          [
            -109.411763,
            38.579972,
            1776.296875
          ],
          [
            -109.411996,
            38.579944,
            1774.296875
          ],
          [
            -109.412164,
            38.579972,
            1773.69921875
          ],
          [
            -109.412253,
            38.5801,
            1774.19921875
          ],
          [
            -109.412502,
            38.580779,
            1776.296875
          ],
          [
            -109.412513,
            38.580993,
            1777.0
          ],
          [
            -109.412634,
            38.581112,
            1777.0
          ],
          [
            -109.412919,
            38.58121,
            1778.0
          ],
          [
            -109.4132,
            38.581252,
            1779.0
          ],
          [
            -109.413496,
            38.581177,
            1780.0
          ],
          [
            -109.41373,
            38.580999,
            1781.19921875
          ],
          [
            -109.414043,
            38.580578,
            1783.296875
          ],
          [
            -109.414285,
            38.580356,
            1782.296875
          ],
          [
            -109.414439,
            38.580287,
            1782.69921875
          ],
          [
            -109.414595,
            38.580289,
            1782.5
          ],
          [
            -109.414705,
            38.580427,
            1785.19921875
          ],
          [
            -109.414744,
            38.580827,
            1788.8984375
          ],
          [
            -109.414804,
            38.580962,
            1788.59765625
          ],
          [
            -109.414967,
            38.58111,
            1786.796875
          ],
          [
            -109.415155,
            38.581232,
            1782.796875
          ],
          [
            -109.415155,
            38.581232,
            1782.796875
          ],
          [
            -109.415167,
            38.58124,
            1782.69921875
          ],
          [
            -109.415405,
            38.581361,
            1780.09765625
          ],
          [
            -109.415622,
            38.581483,
            1778.09765625
          ],
          [
            -109.415739,
            38.581647,
            1780.796875
          ],
          [
            -109.416053,
            38.581784,
            1779.09765625
          ],
          [
            -109.416233,
            38.581851,
            1778.0
          ],
          [
            -109.416448,
            38.581906,
            1776.3984375
          ],
          [
            -109.416489,
            38.581915,
            1776.796875
          ],
          [
            -109.416542,
            38.581927,
            1777.296875
          ],
          [
            -109.416378,
            38.581982,
            1775.59765625
          ],
          [
            -109.41634,
            38.582,
            1776.3984375
          ],
          [
            -109.416301,
            38.582031,
            1777.3984375
          ],
          [
            -109.416259,
            38.58207,
            1778.59765625
          ],
          [
            -109.416233,
            38.582119,
            1778.796875
          ],
          [
            -109.416217,
            38.582188,
            1777.59765625
          ],
          [
            -109.416196,
            38.582224,
            1777.5
          ],
          [
            -109.416161,
            38.582261,
            1777.796875
          ],
          [
            -109.416018,
            38.582449,
            1778.09765625
          ],
          [
            -109.415846,
            38.582732,
            1776.8984375
          ],
          [
            -109.415747,
            38.582931,
            1775.296875
          ],
          [
            -109.415612,
            38.583029,
            1775.09765625
          ],
          [
            -109.415414,
            38.583137,
            1776.8984375
          ],
          [
            -109.415329,
            38.583217,
            1776.09765625
          ],
          [
            -109.415147,
            38.583474,
            1775.69921875
          ],
          [
            -109.414976,
            38.583673,
            1774.796875
          ],
          [
            -109.414788,
            38.583791,
            1774.69921875
          ],
          [
            -109.414452,
            38.583812,
            1775.09765625
          ],
          [
            -109.414231,
            38.583781,
            1775.19921875
          ],
          [
            -109.413931,
            38.583686,
            1778.09765625
          ],
          [
            -109.413674,
            38.583675,
            1778.09765625
          ],
          [
            -109.413302,
            38.583768,
            1776.59765625
          ],
          [
            -109.413093,
            38.58384,
            1776.8984375
          ],
          [
            -109.413018,
            38.583866,
            1777.0
          ],
          [
            -109.412422,
            38.584028,
            1780.19921875
          ],
          [
            -109.411937,
            38.584167,
            1783.0
          ],
          [
            -109.411591,
            38.584273,
            1789.5
          ],
          [
            -109.411226,
            38.584441,
            1792.0
          ],
          [
            -109.410985,
            38.584489,
            1794.796875
          ],
          [
            -109.410626,
            38.584554,
            1795.09765625
          ],
          [
            -109.410283,
            38.58443,
            1794.09765625
          ],
          [
            -109.409963,
            38.584149,
            1797.19921875
          ],
          [
            -109.409792,
            38.584113,
            1795.796875
          ],
          [
            -109.409459,
            38.584018,
            1799.59765625
          ],
          [
            -109.409238,
            38.583948,
            1803.59765625
          ],
          [
            -109.40904,
            38.583964,
            1803.19921875
          ],
          [
            -109.408704,
            38.583974,
            1805.69921875
          ],
          [
            -109.408309,
            38.584028,
            1809.09765625
          ],
          [
            -109.408098,
            38.584075,
            1808.296875
          ],
          [
            -109.407785,
            38.584196,
            1807.5
          ],
          [
            -109.40761,
            38.584221,
            1810.19921875
          ],
          [
            -109.407327,
            38.584237,
            1816.296875
          ],
          [
            -109.407284,
            38.584281,
            1815.59765625
          ],
          [
            -109.407198,
            38.584397,
            1816.8984375
          ],
          [
            -109.407215,
            38.584626,
            1815.8984375
          ],
          [
            -109.407089,
            38.584837,
            1818.5
          ],
          [
            -109.406671,
            38.585074,
            1826.3984375
          ],
          [
            -109.406345,
            38.585221,
            1822.69921875
          ],
          [
            -109.406035,
            38.585252,
            1818.59765625
          ],
          [
            -109.405692,
            38.585221,
            1820.19921875
          ],
          [
            -109.405478,
            38.585244,
            1820.5
          ],
          [
            -109.40499,
            38.585321,
            1824.59765625
          ],
          [
            -109.404641,
            38.585296,
            1827.59765625
          ],
          [
            -109.403968,
            38.585172,
            1833.19921875
          ],
          [
            -109.403645,
            38.5851,
            1836.19921875
          ],
          [
            -109.403467,
            38.585154,
            1837.0
          ],
          [
            -109.403382,
            38.585262,
            1837.19921875
          ],
          [
            -109.403199,
            38.585502,
            1837.69921875
          ],
          [
            -109.403199,
            38.585502,
            1837.69921875
          ],
          [
            -109.403187,
            38.585517,
            1837.59765625
          ],
          [
            -109.403006,
            38.585607,
            1839.09765625
          ],
          [
            -109.402798,
            38.585672,
            1842.69921875
          ],
          [
            -109.402376,
            38.585749,
            1844.09765625
          ],
          [
            -109.40204,
            38.585734,
            1843.09765625
          ],
          [
            -109.401671,
            38.58568,
            1840.69921875
          ],
          [
            -109.401193,
            38.585556,
            1842.19921875
          ],
          [
            -109.400699,
            38.58543,
            1851.8984375
          ],
          [
            -109.400297,
            38.585347,
            1854.296875
          ],
          [
            -109.399931,
            38.585172,
            1856.296875
          ],
          [
            -109.399503,
            38.584958,
            1855.0
          ],
          [
            -109.399226,
            38.584827,
            1855.8984375
          ],
          [
            -109.398939,
            38.584629,
            1856.0
          ],
          [
            -109.398702,
            38.584608,
            1855.3984375
          ],
          [
            -109.398441,
            38.584541,
            1858.09765625
          ],
          [
            -109.398138,
            38.584569,
            1859.796875
          ],
          [
            -109.397911,
            38.584657,
            1861.8984375
          ],
          [
            -109.397703,
            38.584729,
            1865.296875
          ],
          [
            -109.39743,
            38.58478,
            1870.59765625
          ],
          [
            -109.396998,
            38.584912,
            1875.8984375
          ],
          [
            -109.396665,
            38.585144,
            1877.8984375
          ],
          [
            -109.396187,
            38.585399,
            1885.69921875
          ],
          [
            -109.395722,
            38.585638,
            1888.69921875
          ],
          [
            -109.395449,
            38.585739,
            1890.19921875
          ],
          [
            -109.395027,
            38.585785,
            1895.3984375
          ],
          [
            -109.394671,
            38.585852,
            1897.69921875
          ],
          [
            -109.394239,
            38.585911,
            1899.8984375
          ],
          [
            -109.39355,
            38.585852,
            1903.69921875
          ],
          [
            -109.393069,
            38.585736,
            1910.296875
          ],
          [
            -109.392921,
            38.58571,
            1912.19921875
          ],
          [
            -109.392571,
            38.585692,
            1913.19921875
          ],
          [
            -109.39209,
            38.585705,
            1917.09765625
          ],
          [
            -109.391708,
            38.585759,
            1918.5
          ],
          [
            -109.391525,
            38.585752,
            1920.296875
          ],
          [
            -109.391384,
            38.585765,
            1920.8984375
          ],
          [
            -109.3911,
            38.585716,
            1924.19921875
          ],
          [
            -109.390741,
            38.585729,
            1926.09765625
          ],
          [
            -109.390135,
            38.585773,
            1931.796875
          ],
          [
            -109.389706,
            38.585838,
            1936.09765625
          ],
          [
            -109.389522,
            38.585869,
            1938.69921875
          ],
          [
            -109.389378,
            38.585949,
            1939.796875
          ],
          [
            -109.389242,
            38.586058,
            1941.59765625
          ],
          [
            -109.389176,
            38.586128,
            1941.19921875
          ],
          [
            -109.389001,
            38.58615,
            1943.5
          ],
          [
            -109.388852,
            38.586093,
            1947.69921875
          ],
          [
            -109.388725,
            38.586119,
            1948.8984375
          ],
          [
            -109.388657,
            38.586216,
            1948.8984375
          ],
          [
            -109.388645,
            38.586366,
            1947.0
          ],
          [
            -109.388568,
            38.586429,
            1947.3984375
          ],
          [
            -109.388391,
            38.586477,
            1948.69921875
          ],
          [
            -109.387992,
            38.586471,
            1951.3984375
          ],
          [
            -109.387586,
            38.586388,
            1951.8984375
          ],
          [
            -109.387185,
            38.586265,
            1957.69921875
          ],
          [
            -109.387143,
            38.586269,
            1957.3984375
          ],
          [
            -109.386832,
            38.586299,
            1957.296875
          ],
          [
            -109.386325,
            38.586307,
            1959.296875
          ],
          [
            -109.386118,
            38.586256,
            1963.3984375
          ],
          [
            -109.385579,
            38.586256,
            1968.296875
          ],
          [
            -109.385248,
            38.586287,
            1969.3984375
          ],
          [
            -109.385037,
            38.586336,
            1969.3984375
          ],
          [
            -109.384736,
            38.586321,
            1975.19921875
          ],
          [
            -109.384626,
            38.586361,
            1976.0
          ],
          [
            -109.384502,
            38.586415,
            1976.69921875
          ],
          [
            -109.384407,
            38.586464,
            1977.59765625
          ],
          [
            -109.384335,
            38.586526,
            1977.296875
          ],
          [
            -109.384184,
            38.58662,
            1978.0
          ],
          [
            -109.383704,
            38.586735,
            1984.19921875
          ],
          [
            -109.383455,
            38.586825,
            1986.5
          ],
          [
            -109.383231,
            38.586955,
            1988.59765625
          ],
          [
            -109.382753,
            38.5871,
            1994.0
          ],
          [
            -109.382597,
            38.587131,
            1996.09765625
          ],
          [
            -109.382488,
            38.587095,
            1999.0
          ],
          [
            -109.382369,
            38.587088,
            2002.59765625
          ],
          [
            -109.382185,
            38.587121,
            2006.8984375
          ],
          [
            -109.382093,
            38.587224,
            2007.19921875
          ],
          [
            -109.381878,
            38.587332,
            2009.296875
          ],
          [
            -109.381752,
            38.587389,
            2009.69921875
          ],
          [
            -109.381621,
            38.587418,
            2010.3984375
          ],
          [
            -109.381431,
            38.587451,
            2010.8984375
          ],
          [
            -109.381106,
            38.587461,
            2008.796875
          ],
          [
            -109.38083,
            38.587353,
            2006.296875
          ],
          [
            -109.380679,
            38.587289,
            2005.0
          ],
          [
            -109.380527,
            38.587182,
            2005.19921875
          ],
          [
            -109.380376,
            38.587117,
            2002.8984375
          ],
          [
            -109.38014,
            38.586967,
            2005.09765625
          ],
          [
            -109.379638,
            38.586836,
            2005.59765625
          ],
          [
            -109.379307,
            38.586852,
            2004.59765625
          ],
          [
            -109.379088,
            38.58692,
            2002.8984375
          ],
          [
            -109.378897,
            38.587064,
            2000.3984375
          ],
          [
            -109.378826,
            38.587118,
            2001.0
          ],
          [
            -109.378753,
            38.587241,
            2003.296875
          ],
          [
            -109.378596,
            38.587268,
            2004.796875
          ],
          [
            -109.378423,
            38.587251,
            2006.09765625
          ],
          [
            -109.378238,
            38.587163,
            2006.59765625
          ],
          [
            -109.378055,
            38.587156,
            2008.09765625
          ],
          [
            -109.377351,
            38.587096,
            2014.8984375
          ],
          [
            -109.37687,
            38.587209,
            2023.3984375
          ],
          [
            -109.376858,
            38.587328,
            2025.69921875
          ],
          [
            -109.3769,
            38.587375,
            2026.19921875
          ],
          [
            -109.377308,
            38.587847,
            2031.296875
          ],
          [
            -109.377453,
            38.587955,
            2031.296875
          ],
          [
            -109.377615,
            38.58803,
            2030.69921875
          ],
          [
            -109.377754,
            38.588076,
            2030.59765625
          ],
          [
            -109.377903,
            38.588157,
            2032.09765625
          ],
          [
            -109.378166,
            38.588104,
            2028.296875
          ],
          [
            -109.378252,
            38.588169,
            2029.296875
          ],
          [
            -109.378275,
            38.588467,
            2033.8984375
          ],
          [
            -109.378335,
            38.588745,
            2035.8984375
          ],
          [
            -109.378488,
            38.58907,
            2040.59765625
          ],
          [
            -109.378617,
            38.589199,
            2040.296875
          ],
          [
            -109.378767,
            38.589392,
            2039.796875
          ],
          [
            -109.378809,
            38.589546,
            2042.296875
          ],
          [
            -109.378822,
            38.589587,
            2042.8984375
          ],
          [
            -109.378831,
            38.589671,
            2044.296875
          ],
          [
            -109.378896,
            38.589842,
            2046.296875
          ],
          [
            -109.379025,
            38.590014,
            2045.59765625
          ],
          [
            -109.379087,
            38.590091,
            2044.796875
          ],
          [
            -109.379094,
            38.590259,
            2046.19921875
          ],
          [
            -109.379,
            38.590396,
            2048.8984375
          ],
          [
            -109.378877,
            38.590539,
            2052.09765625
          ],
          [
            -109.378801,
            38.590589,
            2053.8984375
          ],
          [
            -109.378703,
            38.590722,
            2055.796875
          ],
          [
            -109.378272,
            38.591149,
            2063.296875
          ],
          [
            -109.378231,
            38.59128,
            2064.796875
          ],
          [
            -109.378145,
            38.591473,
            2067.5
          ],
          [
            -109.378037,
            38.591645,
            2069.59765625
          ],
          [
            -109.377887,
            38.591795,
            2071.19921875
          ],
          [
            -109.377801,
            38.591988,
            2073.19921875
          ],
          [
            -109.377673,
            38.592138,
            2075.8984375
          ],
          [
            -109.377501,
            38.59231,
            2079.3984375
          ],
          [
            -109.377458,
            38.592525,
            2081.0
          ],
          [
            -109.37747,
            38.592675,
            2081.0
          ],
          [
            -109.377569,
            38.5928,
            2079.0
          ],
          [
            -109.377501,
            38.592975,
            2078.5
          ],
          [
            -109.377458,
            38.59304,
            2078.3984375
          ],
          [
            -109.377446,
            38.59318,
            2077.296875
          ],
          [
            -109.377462,
            38.593306,
            2075.796875
          ],
          [
            -109.37752,
            38.593461,
            2074.09765625
          ],
          [
            -109.377404,
            38.5935,
            2073.296875
          ],
          [
            -109.377107,
            38.593609,
            2072.3984375
          ],
          [
            -109.377093,
            38.593683,
            2072.19921875
          ],
          [
            -109.377093,
            38.593791,
            2072.19921875
          ],
          [
            -109.377201,
            38.593984,
            2072.796875
          ],
          [
            -109.377286,
            38.594091,
            2073.0
          ],
          [
            -109.377347,
            38.594179,
            2073.3984375
          ],
          [
            -109.377343,
            38.594247,
            2074.09765625
          ],
          [
            -109.377295,
            38.594376,
            2063.796875
          ],
          [
            -109.377188,
            38.59425,
            2071.5
          ],
          [
            -109.376949,
            38.594131,
            2062.69921875
          ],
          [
            -109.376825,
            38.594064,
            2067.296875
          ],
          [
            -109.376539,
            38.593843,
            2066.5
          ],
          [
            -109.376437,
            38.593738,
            2075.69921875
          ],
          [
            -109.376131,
            38.593557,
            2073.09765625
          ],
          [
            -109.375966,
            38.593442,
            2080.796875
          ],
          [
            -109.375819,
            38.593312,
            2084.796875
          ],
          [
            -109.375754,
            38.593281,
            2084.19921875
          ],
          [
            -109.375665,
            38.593287,
            2081.5
          ],
          [
            -109.375494,
            38.593193,
            2086.69921875
          ],
          [
            -109.375381,
            38.593158,
            2083.3984375
          ],
          [
            -109.375327,
            38.593065,
            2084.19921875
          ],
          [
            -109.375229,
            38.59297,
            2084.69921875
          ],
          [
            -109.375026,
            38.59284,
            2086.8984375
          ],
          [
            -109.374914,
            38.592752,
            2085.0
          ],
          [
            -109.37485,
            38.592736,
            2083.3984375
          ],
          [
            -109.37478,
            38.592657,
            2088.19921875
          ],
          [
            -109.374675,
            38.592627,
            2089.296875
          ],
          [
            -109.374555,
            38.592591,
            2088.19921875
          ],
          [
            -109.374531,
            38.592526,
            2090.09765625
          ],
          [
            -109.374496,
            38.592477,
            2092.09765625
          ],
          [
            -109.374381,
            38.592417,
            2092.59765625
          ],
          [
            -109.374264,
            38.592363,
            2098.0
          ],
          [
            -109.374109,
            38.592243,
            2094.19921875
          ],
          [
            -109.374109,
            38.592107,
            2097.5
          ],
          [
            -109.374096,
            38.592075,
            2098.19921875
          ],
          [
            -109.373957,
            38.591948,
            2098.296875
          ],
          [
            -109.373919,
            38.591883,
            2098.19921875
          ],
          [
            -109.373848,
            38.591787,
            2098.09765625
          ],
          [
            -109.373718,
            38.591671,
            2098.296875
          ],
          [
            -109.373576,
            38.591631,
            2097.69921875
          ],
          [
            -109.373474,
            38.591577,
            2097.19921875
          ],
          [
            -109.373363,
            38.591514,
            2099.8984375
          ],
          [
            -109.373266,
            38.591423,
            2100.19921875
          ],
          [
            -109.373163,
            38.591407,
            2100.09765625
          ],
          [
            -109.373082,
            38.591372,
            2100.8984375
          ],
          [
            -109.373016,
            38.591315,
            2099.3984375
          ],
          [
            -109.372851,
            38.591171,
            2102.09765625
          ],
          [
            -109.372648,
            38.591026,
            2098.19921875
          ],
          [
            -109.372525,
            38.590896,
            2104.59765625
          ],
          [
            -109.37246,
            38.590767,
            2103.8984375
          ],
          [
            -109.372349,
            38.590628,
            2104.09765625
          ],
          [
            -109.372233,
            38.590511,
            2106.0
          ],
          [
            -109.37212,
            38.590468,
            2102.0
          ],
          [
            -109.372011,
            38.590409,
            2104.59765625
          ],
          [
            -109.371994,
            38.590272,
            2109.0
          ],
          [
            -109.37192,
            38.590196,
            2111.0
          ],
          [
            -109.371843,
            38.590121,
            2114.3984375
          ],
          [
            -109.371825,
            38.590043,
            2114.796875
          ],
          [
            -109.371753,
            38.59002,
            2115.09765625
          ],
          [
            -109.37173,
            38.589996,
            2115.296875
          ],
          [
            -109.371703,
            38.589917,
            2115.69921875
          ],
          [
            -109.371663,
            38.589866,
            2116.0
          ],
          [
            -109.371581,
            38.589848,
            2116.296875
          ],
          [
            -109.371536,
            38.589861,
            2116.5
          ],
          [
            -109.371451,
            38.589867,
            2116.19921875
          ],
          [
            -109.371397,
            38.589833,
            2117.19921875
          ],
          [
            -109.371272,
            38.589841,
            2117.19921875
          ],
          [
            -109.371147,
            38.589806,
            2117.796875
          ],
          [
            -109.371104,
            38.589778,
            2118.5
          ],
          [
            -109.37096,
            38.58975,
            2119.09765625
          ],
          [
            -109.370878,
            38.589706,
            2120.19921875
          ],
          [
            -109.370758,
            38.589688,
            2119.69921875
          ],
          [
            -109.370567,
            38.589667,
            2118.3984375
          ],
          [
            -109.370343,
            38.58951,
            2125.3984375
          ],
          [
            -109.370102,
            38.589384,
            2123.0
          ],
          [
            -109.369906,
            38.589262,
            2125.796875
          ],
          [
            -109.369821,
            38.589205,
            2126.09765625
          ],
          [
            -109.369663,
            38.589156,
            2123.59765625
          ],
          [
            -109.369512,
            38.58912,
            2119.69921875
          ],
          [
            -109.369238,
            38.588934,
            2128.59765625
          ],
          [
            -109.369116,
            38.588872,
            2127.59765625
          ],
          [
            -109.369016,
            38.588733,
            2132.796875
          ],
          [
            -109.368873,
            38.588593,
            2134.8984375
          ],
          [
            -109.368622,
            38.588468,
            2141.0
          ],
          [
            -109.368543,
            38.588409,
            2141.09765625
          ],
          [
            -109.368413,
            38.588404,
            2141.09765625
          ],
          [
            -109.368286,
            38.58833,
            2142.19921875
          ],
          [
            -109.368204,
            38.588338,
            2142.296875
          ],
          [
            -109.368127,
            38.588331,
            2142.796875
          ],
          [
            -109.367961,
            38.588344,
            2143.69921875
          ],
          [
            -109.367872,
            38.588344,
            2144.5
          ],
          [
            -109.367826,
            38.588293,
            2146.3984375
          ],
          [
            -109.367758,
            38.588249,
            2147.59765625
          ],
          [
            -109.367719,
            38.588224,
            2148.0
          ],
          [
            -109.367662,
            38.588184,
            2148.796875
          ],
          [
            -109.367579,
            38.588177,
            2148.0
          ],
          [
            -109.367552,
            38.588138,
            2148.296875
          ],
          [
            -109.367534,
            38.587998,
            2150.3984375
          ],
          [
            -109.367463,
            38.587929,
            2151.59765625
          ],
          [
            -109.36733,
            38.587899,
            2152.69921875
          ],
          [
            -109.367205,
            38.587865,
            2153.5
          ],
          [
            -109.367116,
            38.587764,
            2155.296875
          ],
          [
            -109.366924,
            38.587686,
            2158.09765625
          ],
          [
            -109.366821,
            38.587668,
            2158.09765625
          ],
          [
            -109.366731,
            38.587613,
            2161.09765625
          ],
          [
            -109.366609,
            38.587586,
            2160.09765625
          ],
          [
            -109.366527,
            38.587533,
            2160.0
          ],
          [
            -109.36639,
            38.58747,
            2160.8984375
          ],
          [
            -109.366315,
            38.587467,
            2160.5
          ],
          [
            -109.366234,
            38.587465,
            2160.0
          ],
          [
            -109.366102,
            38.587423,
            2162.5
          ],
          [
            -109.366001,
            38.587355,
            2164.3984375
          ],
          [
            -109.365936,
            38.587291,
            2164.0
          ],
          [
            -109.365793,
            38.587184,
            2166.0
          ],
          [
            -109.365755,
            38.587059,
            2171.09765625
          ],
          [
            -109.365738,
            38.586966,
            2170.5
          ],
          [
            -109.365581,
            38.586779,
            2171.0
          ],
          [
            -109.365503,
            38.586688,
            2170.5
          ],
          [
            -109.365423,
            38.586641,
            2170.796875
          ],
          [
            -109.365302,
            38.586566,
            2170.8984375
          ],
          [
            -109.365229,
            38.58656,
            2171.5
          ],
          [
            -109.365045,
            38.586543,
            2172.8984375
          ],
          [
            -109.364741,
            38.586495,
            2173.8984375
          ],
          [
            -109.364515,
            38.58655,
            2174.69921875
          ],
          [
            -109.364451,
            38.586591,
            2174.69921875
          ],
          [
            -109.364372,
            38.586688,
            2173.59765625
          ],
          [
            -109.364314,
            38.586706,
            2171.69921875
          ],
          [
            -109.3642,
            38.586697,
            2168.3984375
          ],
          [
            -109.364133,
            38.586673,
            2166.09765625
          ],
          [
            -109.364102,
            38.586607,
            2168.0
          ],
          [
            -109.364022,
            38.586556,
            2170.296875
          ],
          [
            -109.363938,
            38.586554,
            2170.69921875
          ],
          [
            -109.36384,
            38.586536,
            2170.3984375
          ],
          [
            -109.363741,
            38.586484,
            2170.19921875
          ],
          [
            -109.363591,
            38.586385,
            2168.19921875
          ],
          [
            -109.363462,
            38.58634,
            2166.59765625
          ],
          [
            -109.363269,
            38.586226,
            2169.8984375
          ],
          [
            -109.363159,
            38.586115,
            2167.796875
          ],
          [
            -109.363005,
            38.586033,
            2166.296875
          ],
          [
            -109.362933,
            38.58595,
            2169.09765625
          ],
          [
            -109.362908,
            38.585932,
            2168.69921875
          ],
          [
            -109.362849,
            38.585886,
            2168.0
          ],
          [
            -109.362735,
            38.585841,
            2166.3984375
          ],
          [
            -109.362645,
            38.585755,
            2168.09765625
          ],
          [
            -109.362594,
            38.585689,
            2173.0
          ],
          [
            -109.362494,
            38.585631,
            2172.5
          ],
          [
            -109.362413,
            38.585612,
            2170.69921875
          ],
          [
            -109.362348,
            38.585573,
            2169.8984375
          ],
          [
            -109.362255,
            38.585451,
            2171.19921875
          ],
          [
            -109.362255,
            38.585451,
            2171.19921875
          ],
          [
            -109.362255,
            38.585451,
            2171.19921875
          ],
          [
            -109.362224,
            38.585327,
            2171.59765625
          ],
          [
            -109.362179,
            38.585257,
            2170.296875
          ],
          [
            -109.362104,
            38.585213,
            2168.19921875
          ],
          [
            -109.362069,
            38.585112,
            2167.796875
          ],
          [
            -109.362007,
            38.585034,
            2167.296875
          ],
          [
            -109.361942,
            38.584994,
            2167.09765625
          ],
          [
            -109.36183,
            38.584932,
            2167.296875
          ],
          [
            -109.361756,
            38.584853,
            2168.5
          ],
          [
            -109.361695,
            38.584807,
            2169.0
          ],
          [
            -109.361633,
            38.584741,
            2169.796875
          ],
          [
            -109.36158,
            38.584699,
            2170.09765625
          ],
          [
            -109.361497,
            38.584671,
            2170.09765625
          ],
          [
            -109.361438,
            38.584634,
            2170.796875
          ],
          [
            -109.361375,
            38.584561,
            2172.09765625
          ],
          [
            -109.361299,
            38.584528,
            2170.8984375
          ],
          [
            -109.361218,
            38.584484,
            2170.3984375
          ],
          [
            -109.361157,
            38.584441,
            2170.296875
          ],
          [
            -109.361106,
            38.584386,
            2170.796875
          ],
          [
            -109.361071,
            38.584319,
            2171.69921875
          ],
          [
            -109.361052,
            38.584285,
            2171.8984375
          ],
          [
            -109.360977,
            38.584249,
            2171.296875
          ],
          [
            -109.360821,
            38.584161,
            2170.296875
          ],
          [
            -109.360754,
            38.584097,
            2170.3984375
          ],
          [
            -109.360664,
            38.583988,
            2171.8984375
          ],
          [
            -109.360634,
            38.583967,
            2171.8984375
          ],
          [
            -109.360546,
            38.583911,
            2172.19921875
          ],
          [
            -109.360529,
            38.583851,
            2173.296875
          ],
          [
            -109.36057,
            38.583728,
            2177.796875
          ],
          [
            -109.360674,
            38.583653,
            2181.19921875
          ],
          [
            -109.360768,
            38.583581,
            2184.0
          ],
          [
            -109.360722,
            38.583447,
            2186.5
          ],
          [
            -109.360641,
            38.583383,
            2186.69921875
          ],
          [
            -109.36046,
            38.583376,
            2182.69921875
          ],
          [
            -109.360399,
            38.583352,
            2181.09765625
          ],
          [
            -109.360389,
            38.583255,
            2182.59765625
          ],
          [
            -109.360407,
            38.583182,
            2184.59765625
          ],
          [
            -109.360447,
            38.583151,
            2186.09765625
          ],
          [
            -109.360467,
            38.583068,
            2188.09765625
          ],
          [
            -109.360443,
            38.582979,
            2188.796875
          ],
          [
            -109.360427,
            38.582939,
            2189.09765625
          ],
          [
            -109.360423,
            38.582892,
            2189.8984375
          ],
          [
            -109.36043,
            38.582881,
            2190.59765625
          ],
          [
            -109.360451,
            38.582872,
            2191.59765625
          ],
          [
            -109.360477,
            38.582873,
            2192.69921875
          ],
          [
            -109.360539,
            38.582895,
            2193.8984375
          ],
          [
            -109.360568,
            38.582901,
            2194.59765625
          ],
          [
            -109.360592,
            38.582897,
            2194.8984375
          ],
          [
            -109.360615,
            38.582854,
            2196.796875
          ],
          [
            -109.360641,
            38.582842,
            2197.3984375
          ],
          [
            -109.360677,
            38.582849,
            2197.59765625
          ],
          [
            -109.360766,
            38.582837,
            2199.19921875
          ],
          [
            -109.360814,
            38.58286,
            2198.8984375
          ],
          [
            -109.360856,
            38.582885,
            2199.19921875
          ],
          [
            -109.360905,
            38.582902,
            2199.796875
          ],
          [
            -109.360944,
            38.5829,
            2200.59765625
          ],
          [
            -109.360941,
            38.582867,
            2201.59765625
          ],
          [
            -109.360884,
            38.58283,
            2201.5
          ],
          [
            -109.360756,
            38.582746,
            2202.296875
          ],
          [
            -109.360688,
            38.58268,
            2203.5
          ],
          [
            -109.360736,
            38.582676,
            2204.5
          ],
          [
            -109.360841,
            38.58272,
            2204.8984375
          ],
          [
            -109.36093,
            38.582733,
            2206.0
          ],
          [
            -109.361023,
            38.582684,
            2208.8984375
          ],
          [
            -109.360895,
            38.582634,
            2208.796875
          ],
          [
            -109.360757,
            38.582547,
            2208.19921875
          ],
          [
            -109.360529,
            38.582332,
            2211.09765625
          ],
          [
            -109.360433,
            38.58222,
            2207.8984375
          ],
          [
            -109.360376,
            38.582059,
            2207.5
          ],
          [
            -109.360247,
            38.581754,
            2210.796875
          ],
          [
            -109.36028,
            38.581609,
            2212.59765625
          ],
          [
            -109.360142,
            38.581474,
            2210.69921875
          ],
          [
            -109.360028,
            38.581392,
            2210.59765625
          ],
          [
            -109.359921,
            38.581271,
            2211.296875
          ],
          [
            -109.359806,
            38.581211,
            2212.0
          ],
          [
            -109.359635,
            38.58105,
            2210.296875
          ],
          [
            -109.35957,
            38.580949,
            2211.59765625
          ],
          [
            -109.359486,
            38.580896,
            2211.796875
          ],
          [
            -109.359427,
            38.580877,
            2212.09765625
          ],
          [
            -109.359346,
            38.580904,
            2212.5
          ],
          [
            -109.359288,
            38.580975,
            2211.59765625
          ],
          [
            -109.359245,
            38.580983,
            2211.796875
          ],
          [
            -109.359158,
            38.580976,
            2212.5
          ],
          [
            -109.359039,
            38.581031,
            2211.796875
          ],
          [
            -109.358916,
            38.581047,
            2213.8984375
          ],
          [
            -109.358855,
            38.58108,
            2213.69921875
          ],
          [
            -109.358791,
            38.581076,
            2214.8984375
          ],
          [
            -109.358755,
            38.581057,
            2216.19921875
          ],
          [
            -109.358707,
            38.580999,
            2219.19921875
          ],
          [
            -109.358626,
            38.580949,
            2220.8984375
          ],
          [
            -109.358593,
            38.580935,
            2221.09765625
          ],
          [
            -109.358557,
            38.580941,
            2221.19921875
          ],
          [
            -109.358516,
            38.580991,
            2220.09765625
          ],
          [
            -109.358453,
            38.581022,
            2216.796875
          ],
          [
            -109.35838,
            38.581029,
            2214.296875
          ],
          [
            -109.358296,
            38.581023,
            2213.296875
          ],
          [
            -109.358194,
            38.580955,
            2215.59765625
          ],
          [
            -109.358098,
            38.580858,
            2215.5
          ],
          [
            -109.357986,
            38.580783,
            2217.09765625
          ],
          [
            -109.357848,
            38.580707,
            2220.69921875
          ],
          [
            -109.357715,
            38.580693,
            2221.796875
          ],
          [
            -109.357628,
            38.580671,
            2221.59765625
          ],
          [
            -109.357578,
            38.580677,
            2221.3984375
          ],
          [
            -109.357547,
            38.580679,
            2221.296875
          ],
          [
            -109.357385,
            38.580618,
            2222.09765625
          ],
          [
            -109.357356,
            38.580567,
            2222.5
          ],
          [
            -109.357362,
            38.580508,
            2222.69921875
          ],
          [
            -109.357421,
            38.580445,
            2222.8984375
          ],
          [
            -109.357437,
            38.580367,
            2223.0
          ],
          [
            -109.357384,
            38.58032,
            2223.19921875
          ],
          [
            -109.357425,
            38.580243,
            2223.19921875
          ],
          [
            -109.35742,
            38.580114,
            2223.19921875
          ],
          [
            -109.357308,
            38.579995,
            2223.09765625
          ],
          [
            -109.35729,
            38.579848,
            2222.69921875
          ],
          [
            -109.357281,
            38.57975,
            2222.3984375
          ],
          [
            -109.357389,
            38.579665,
            2221.69921875
          ],
          [
            -109.357433,
            38.579575,
            2221.296875
          ],
          [
            -109.35744,
            38.579468,
            2221.19921875
          ],
          [
            -109.357485,
            38.579324,
            2221.0
          ],
          [
            -109.357597,
            38.579262,
            2220.5
          ],
          [
            -109.357609,
            38.579196,
            2220.19921875
          ],
          [
            -109.357595,
            38.579097,
            2219.8984375
          ],
          [
            -109.357555,
            38.579025,
            2219.796875
          ],
          [
            -109.357684,
            38.578903,
            2218.8984375
          ],
          [
            -109.357874,
            38.578822,
            2217.796875
          ],
          [
            -109.358027,
            38.578739,
            2217.09765625
          ],
          [
            -109.358203,
            38.578638,
            2217.3984375
          ],
          [
            -109.35832,
            38.578588,
            2217.59765625
          ],
          [
            -109.358384,
            38.578557,
            2217.69921875
          ],
          [
            -109.358424,
            38.578551,
            2217.69921875
          ],
          [
            -109.358565,
            38.578569,
            2217.59765625
          ],
          [
            -109.358565,
            38.578569,
            2217.59765625
          ],
          [
            -109.358424,
            38.578551,
            2217.69921875
          ],
          [
            -109.358384,
            38.578557,
            2217.69921875
          ],
          [
            -109.35832,
            38.578588,
            2217.59765625
          ],
          [
            -109.358203,
            38.578638,
            2217.3984375
          ],
          [
            -109.358027,
            38.578739,
            2217.09765625
          ],
          [
            -109.357874,
            38.578822,
            2217.796875
          ],
          [
            -109.357684,
            38.578903,
            2218.8984375
          ],
          [
            -109.357555,
            38.579025,
            2219.796875
          ],
          [
            -109.357595,
            38.579097,
            2219.8984375
          ],
          [
            -109.357609,
            38.579196,
            2220.19921875
          ],
          [
            -109.357597,
            38.579262,
            2220.5
          ],
          [
            -109.357485,
            38.579324,
            2221.0
          ],
          [
            -109.35744,
            38.579468,
            2221.19921875
          ],
          [
            -109.357433,
            38.579575,
            2221.296875
          ],
          [
            -109.357389,
            38.579665,
            2221.69921875
          ],
          [
            -109.357281,
            38.57975,
            2222.3984375
          ],
          [
            -109.35729,
            38.579848,
            2222.69921875
          ],
          [
            -109.357308,
            38.579995,
            2223.09765625
          ],
          [
            -109.35742,
            38.580114,
            2223.19921875
          ],
          [
            -109.357425,
            38.580243,
            2223.19921875
          ],
          [
            -109.357384,
            38.58032,
            2223.19921875
          ],
          [
            -109.357437,
            38.580367,
            2223.0
          ],
          [
            -109.357421,
            38.580445,
            2222.8984375
          ],
          [
            -109.357362,
            38.580508,
            2222.69921875
          ],
          [
            -109.357356,
            38.580567,
            2222.5
          ],
          [
            -109.357385,
            38.580618,
            2222.09765625
          ],
          [
            -109.357547,
            38.580679,
            2221.296875
          ],
          [
            -109.357465,
            38.58079,
            2217.296875
          ],
          [
            -109.357331,
            38.580858,
            2219.59765625
          ],
          [
            -109.357237,
            38.58096,
            2223.0
          ],
          [
            -109.357133,
            38.580973,
            2223.296875
          ],
          [
            -109.357042,
            38.580926,
            2222.796875
          ],
          [
            -109.356974,
            38.580836,
            2223.0
          ],
          [
            -109.356948,
            38.580764,
            2223.5
          ],
          [
            -109.35686,
            38.580717,
            2223.3984375
          ],
          [
            -109.356744,
            38.580687,
            2224.69921875
          ],
          [
            -109.356738,
            38.580658,
            2224.59765625
          ],
          [
            -109.356774,
            38.580584,
            2224.09765625
          ],
          [
            -109.356752,
            38.580538,
            2223.8984375
          ],
          [
            -109.356608,
            38.580476,
            2222.5
          ],
          [
            -109.356525,
            38.580431,
            2222.59765625
          ],
          [
            -109.356385,
            38.580421,
            2222.796875
          ],
          [
            -109.356307,
            38.580413,
            2217.69921875
          ],
          [
            -109.356242,
            38.580358,
            2215.0
          ],
          [
            -109.356212,
            38.580289,
            2216.59765625
          ],
          [
            -109.356204,
            38.58021,
            2220.19921875
          ],
          [
            -109.356176,
            38.580159,
            2222.59765625
          ],
          [
            -109.35604,
            38.580032,
            2220.09765625
          ],
          [
            -109.355905,
            38.579876,
            2221.296875
          ],
          [
            -109.35578,
            38.579826,
            2221.19921875
          ],
          [
            -109.355588,
            38.579785,
            2218.796875
          ],
          [
            -109.355373,
            38.579719,
            2212.59765625
          ],
          [
            -109.355305,
            38.579679,
            2213.5
          ],
          [
            -109.355117,
            38.579445,
            2221.69921875
          ],
          [
            -109.355084,
            38.579382,
            2222.296875
          ],
          [
            -109.355054,
            38.579202,
            2223.3984375
          ],
          [
            -109.354976,
            38.57916,
            2223.3984375
          ],
          [
            -109.354888,
            38.57916,
            2222.8984375
          ],
          [
            -109.354707,
            38.579188,
            2221.69921875
          ],
          [
            -109.35462,
            38.579149,
            2220.8984375
          ],
          [
            -109.35459,
            38.579107,
            2221.19921875
          ],
          [
            -109.35459,
            38.579107,
            2221.19921875
          ],
          [
            -109.354477,
            38.578949,
            2222.3984375
          ],
          [
            -109.354393,
            38.578738,
            2222.69921875
          ],
          [
            -109.354324,
            38.578706,
            2222.296875
          ],
          [
            -109.354217,
            38.578684,
            2221.796875
          ],
          [
            -109.354161,
            38.578653,
            2221.3984375
          ],
          [
            -109.354049,
            38.578406,
            2223.796875
          ],
          [
            -109.353954,
            38.578267,
            2226.3984375
          ],
          [
            -109.353892,
            38.578195,
            2227.8984375
          ],
          [
            -109.353718,
            38.578088,
            2230.09765625
          ],
          [
            -109.353585,
            38.578067,
            2231.09765625
          ],
          [
            -109.353158,
            38.578196,
            2233.5
          ],
          [
            -109.352918,
            38.578231,
            2233.59765625
          ],
          [
            -109.352875,
            38.578252,
            2233.3984375
          ],
          [
            -109.35278,
            38.578351,
            2232.296875
          ],
          [
            -109.352711,
            38.578382,
            2229.5
          ],
          [
            -109.352625,
            38.578366,
            2226.8984375
          ],
          [
            -109.352457,
            38.578238,
            2230.09765625
          ],
          [
            -109.352322,
            38.578189,
            2233.0
          ],
          [
            -109.352108,
            38.578197,
            2233.0
          ],
          [
            -109.35196,
            38.57824,
            2230.296875
          ],
          [
            -109.351887,
            38.578245,
            2228.5
          ],
          [
            -109.351824,
            38.578223,
            2229.09765625
          ],
          [
            -109.351733,
            38.578127,
            2229.8984375
          ],
          [
            -109.351638,
            38.577973,
            2231.59765625
          ],
          [
            -109.351565,
            38.57789,
            2231.19921875
          ],
          [
            -109.351276,
            38.577655,
            2230.296875
          ],
          [
            -109.351115,
            38.577482,
            2231.8984375
          ],
          [
            -109.350951,
            38.577376,
            2230.3984375
          ],
          [
            -109.350747,
            38.57727,
            2229.0
          ],
          [
            -109.350523,
            38.57713,
            2235.19921875
          ],
          [
            -109.350355,
            38.577062,
            2242.09765625
          ],
          [
            -109.350145,
            38.577075,
            2244.3984375
          ],
          [
            -109.349988,
            38.57714,
            2241.3984375
          ],
          [
            -109.349761,
            38.577121,
            2241.69921875
          ],
          [
            -109.3496,
            38.576977,
            2240.09765625
          ],
          [
            -109.349367,
            38.57689,
            2236.59765625
          ],
          [
            -109.349289,
            38.576822,
            2243.8984375
          ],
          [
            -109.349223,
            38.576732,
            2246.5
          ],
          [
            -109.349155,
            38.576694,
            2246.3984375
          ],
          [
            -109.349,
            38.576677,
            2236.19921875
          ],
          [
            -109.348939,
            38.576646,
            2235.09765625
          ],
          [
            -109.348922,
            38.576602,
            2239.0
          ],
          [
            -109.348915,
            38.576435,
            2246.8984375
          ],
          [
            -109.34888,
            38.576399,
            2246.5
          ],
          [
            -109.348805,
            38.576367,
            2244.19921875
          ],
          [
            -109.348619,
            38.576336,
            2239.5
          ],
          [
            -109.348528,
            38.576293,
            2241.59765625
          ],
          [
            -109.348493,
            38.576267,
            2243.19921875
          ],
          [
            -109.348493,
            38.576267,
            2243.19921875
          ],
          [
            -109.3484,
            38.576197,
            2246.09765625
          ],
          [
            -109.348258,
            38.576129,
            2244.5
          ],
          [
            -109.348196,
            38.576078,
            2245.19921875
          ],
          [
            -109.348053,
            38.576003,
            2250.19921875
          ],
          [
            -109.347994,
            38.575943,
            2254.0
          ],
          [
            -109.347917,
            38.575901,
            2255.0
          ],
          [
            -109.347758,
            38.575792,
            2255.8984375
          ],
          [
            -109.347672,
            38.575743,
            2254.69921875
          ],
          [
            -109.347568,
            38.575641,
            2257.59765625
          ],
          [
            -109.347515,
            38.575595,
            2257.59765625
          ],
          [
            -109.347395,
            38.575492,
            2254.5
          ],
          [
            -109.347068,
            38.575292,
            2255.69921875
          ],
          [
            -109.346733,
            38.575058,
            2260.0
          ],
          [
            -109.346703,
            38.574969,
            2260.3984375
          ],
          [
            -109.346693,
            38.57494,
            2260.59765625
          ],
          [
            -109.346672,
            38.574749,
            2261.0
          ],
          [
            -109.346628,
            38.574641,
            2261.3984375
          ],
          [
            -109.346549,
            38.574537,
            2262.3984375
          ],
          [
            -109.34643,
            38.574447,
            2263.59765625
          ],
          [
            -109.346291,
            38.574342,
            2264.3984375
          ],
          [
            -109.346238,
            38.574286,
            2264.59765625
          ],
          [
            -109.346141,
            38.574121,
            2265.59765625
          ],
          [
            -109.346121,
            38.573987,
            2266.09765625
          ],
          [
            -109.346138,
            38.57379,
            2266.796875
          ],
          [
            -109.346103,
            38.573664,
            2267.3984375
          ],
          [
            -109.346061,
            38.573626,
            2267.59765625
          ],
          [
            -109.345733,
            38.573442,
            2270.3984375
          ],
          [
            -109.345517,
            38.573357,
            2273.69921875
          ],
          [
            -109.345376,
            38.573245,
            2276.69921875
          ],
          [
            -109.345244,
            38.573173,
            2279.19921875
          ],
          [
            -109.345244,
            38.573173,
            2279.19921875
          ],
          [
            -109.34522,
            38.57316,
            2279.69921875
          ],
          [
            -109.345024,
            38.573077,
            2282.0
          ],
          [
            -109.344951,
            38.573006,
            2283.59765625
          ],
          [
            -109.344933,
            38.572823,
            2288.19921875
          ],
          [
            -109.344908,
            38.572769,
            2289.19921875
          ],
          [
            -109.344834,
            38.572686,
            2289.8984375
          ],
          [
            -109.344801,
            38.572588,
            2290.19921875
          ],
          [
            -109.344801,
            38.572516,
            2289.8984375
          ],
          [
            -109.344843,
            38.572338,
            2290.0
          ],
          [
            -109.344847,
            38.572203,
            2292.19921875
          ],
          [
            -109.344762,
            38.571909,
            2297.3984375
          ],
          [
            -109.344752,
            38.571794,
            2300.59765625
          ],
          [
            -109.344652,
            38.571613,
            2305.09765625
          ],
          [
            -109.344582,
            38.571332,
            2312.5
          ],
          [
            -109.344593,
            38.571239,
            2314.796875
          ],
          [
            -109.344674,
            38.571108,
            2317.69921875
          ],
          [
            -109.344825,
            38.570795,
            2320.5
          ],
          [
            -109.344861,
            38.570587,
            2321.19921875
          ],
          [
            -109.344926,
            38.570377,
            2320.296875
          ],
          [
            -109.344919,
            38.570228,
            2320.69921875
          ],
          [
            -109.344885,
            38.570174,
            2321.19921875
          ],
          [
            -109.344778,
            38.570102,
            2322.3984375
          ],
          [
            -109.344458,
            38.569984,
            2324.796875
          ],
          [
            -109.344286,
            38.56995,
            2325.19921875
          ],
          [
            -109.344188,
            38.569911,
            2325.296875
          ],
          [
            -109.344135,
            38.56987,
            2325.296875
          ],
          [
            -109.344097,
            38.569809,
            2325.5
          ],
          [
            -109.344058,
            38.56962,
            2325.796875
          ],
          [
            -109.344026,
            38.569564,
            2325.8984375
          ],
          [
            -109.343894,
            38.569432,
            2327.0
          ],
          [
            -109.343619,
            38.569241,
            2328.5
          ],
          [
            -109.343537,
            38.569201,
            2328.5
          ],
          [
            -109.343191,
            38.569175,
            2329.09765625
          ],
          [
            -109.343078,
            38.569127,
            2328.69921875
          ],
          [
            -109.342968,
            38.569028,
            2327.69921875
          ],
          [
            -109.342894,
            38.569,
            2327.19921875
          ],
          [
            -109.342821,
            38.569,
            2327.0
          ],
          [
            -109.342576,
            38.569053,
            2327.19921875
          ],
          [
            -109.342326,
            38.569027,
            2327.59765625
          ],
          [
            -109.342243,
            38.569048,
            2328.09765625
          ],
          [
            -109.342131,
            38.569118,
            2329.19921875
          ],
          [
            -109.341997,
            38.569237,
            2330.5
          ],
          [
            -109.341942,
            38.569246,
            2330.796875
          ],
          [
            -109.34187,
            38.569218,
            2331.19921875
          ],
          [
            -109.341774,
            38.569134,
            2331.59765625
          ],
          [
            -109.341701,
            38.569098,
            2332.0
          ],
          [
            -109.341616,
            38.569089,
            2332.59765625
          ],
          [
            -109.341508,
            38.569105,
            2333.3984375
          ],
          [
            -109.341204,
            38.569204,
            2336.69921875
          ],
          [
            -109.341096,
            38.569224,
            2337.69921875
          ],
          [
            -109.340803,
            38.569155,
            2339.19921875
          ],
          [
            -109.340577,
            38.569199,
            2340.796875
          ],
          [
            -109.340492,
            38.569196,
            2341.5
          ],
          [
            -109.340382,
            38.569131,
            2342.296875
          ],
          [
            -109.340272,
            38.56902,
            2343.0
          ],
          [
            -109.33998,
            38.568791,
            2343.3984375
          ],
          [
            -109.339866,
            38.568652,
            2344.09765625
          ],
          [
            -109.339782,
            38.568583,
            2344.3984375
          ],
          [
            -109.33927,
            38.568406,
            2347.19921875
          ],
          [
            -109.339162,
            38.568386,
            2347.3984375
          ],
          [
            -109.339022,
            38.568402,
            2348.0
          ],
          [
            -109.338793,
            38.568463,
            2348.8984375
          ],
          [
            -109.338616,
            38.568531,
            2349.3984375
          ],
          [
            -109.338444,
            38.568557,
            2348.3984375
          ],
          [
            -109.338285,
            38.568661,
            2346.0
          ],
          [
            -109.338189,
            38.56867,
            2342.59765625
          ],
          [
            -109.338118,
            38.568633,
            2341.5
          ],
          [
            -109.338036,
            38.56855,
            2342.3984375
          ],
          [
            -109.337952,
            38.568424,
            2347.09765625
          ],
          [
            -109.337857,
            38.568358,
            2347.8984375
          ],
          [
            -109.337721,
            38.568304,
            2346.296875
          ],
          [
            -109.337501,
            38.568136,
            2349.3984375
          ],
          [
            -109.337216,
            38.568027,
            2353.59765625
          ],
          [
            -109.336961,
            38.567871,
            2352.59765625
          ],
          [
            -109.336895,
            38.567815,
            2352.5
          ],
          [
            -109.336788,
            38.567634,
            2352.0
          ],
          [
            -109.336696,
            38.567579,
            2352.296875
          ],
          [
            -109.336437,
            38.567506,
            2353.296875
          ],
          [
            -109.336186,
            38.56739,
            2354.3984375
          ],
          [
            -109.335721,
            38.567204,
            2356.5
          ],
          [
            -109.33552,
            38.567158,
            2357.69921875
          ],
          [
            -109.3354,
            38.567113,
            2359.0
          ],
          [
            -109.335349,
            38.56707,
            2359.5
          ],
          [
            -109.335318,
            38.567008,
            2359.8984375
          ],
          [
            -109.335295,
            38.566786,
            2360.69921875
          ],
          [
            -109.335263,
            38.566731,
            2360.59765625
          ],
          [
            -109.335192,
            38.566687,
            2360.796875
          ],
          [
            -109.33495,
            38.566635,
            2361.69921875
          ],
          [
            -109.334716,
            38.566518,
            2361.0
          ],
          [
            -109.334542,
            38.566396,
            2360.19921875
          ],
          [
            -109.33446,
            38.566372,
            2360.0
          ],
          [
            -109.334342,
            38.566382,
            2359.59765625
          ],
          [
            -109.334143,
            38.56643,
            2358.59765625
          ],
          [
            -109.333753,
            38.566438,
            2358.09765625
          ],
          [
            -109.333666,
            38.566427,
            2358.5
          ],
          [
            -109.333449,
            38.566347,
            2358.796875
          ],
          [
            -109.333215,
            38.566327,
            2358.796875
          ],
          [
            -109.333007,
            38.566193,
            2364.8984375
          ],
          [
            -109.332923,
            38.566173,
            2365.796875
          ],
          [
            -109.332697,
            38.566162,
            2364.59765625
          ],
          [
            -109.332606,
            38.566133,
            2362.796875
          ],
          [
            -109.332522,
            38.566066,
            2363.3984375
          ],
          [
            -109.332435,
            38.565939,
            2368.0
          ],
          [
            -109.332232,
            38.565868,
            2368.0
          ],
          [
            -109.332121,
            38.56581,
            2365.3984375
          ],
          [
            -109.332025,
            38.565707,
            2367.296875
          ],
          [
            -109.331931,
            38.565546,
            2368.5
          ],
          [
            -109.331608,
            38.565284,
            2370.5
          ],
          [
            -109.331505,
            38.565231,
            2371.69921875
          ],
          [
            -109.331324,
            38.565193,
            2373.5
          ],
          [
            -109.331324,
            38.565193,
            2373.5
          ],
          [
            -109.331303,
            38.565188,
            2373.5
          ],
          [
            -109.331187,
            38.565143,
            2374.69921875
          ],
          [
            -109.331113,
            38.565069,
            2375.5
          ],
          [
            -109.331072,
            38.564989,
            2376.0
          ],
          [
            -109.330997,
            38.564897,
            2377.19921875
          ],
          [
            -109.33084,
            38.564792,
            2378.8984375
          ],
          [
            -109.330767,
            38.564632,
            2379.19921875
          ],
          [
            -109.330618,
            38.5644,
            2379.0
          ],
          [
            -109.330421,
            38.564261,
            2379.296875
          ],
          [
            -109.330307,
            38.564149,
            2379.296875
          ],
          [
            -109.330208,
            38.564079,
            2379.3984375
          ],
          [
            -109.330129,
            38.564051,
            2379.59765625
          ],
          [
            -109.329854,
            38.564007,
            2380.0
          ],
          [
            -109.329707,
            38.563936,
            2379.796875
          ],
          [
            -109.329474,
            38.563902,
            2377.09765625
          ],
          [
            -109.329407,
            38.563852,
            2376.69921875
          ],
          [
            -109.329314,
            38.563632,
            2379.5
          ],
          [
            -109.329282,
            38.563449,
            2379.8984375
          ],
          [
            -109.329133,
            38.56316,
            2379.0
          ],
          [
            -109.329075,
            38.563096,
            2379.0
          ],
          [
            -109.328766,
            38.562898,
            2379.0
          ],
          [
            -109.328506,
            38.56276,
            2379.19921875
          ],
          [
            -109.328246,
            38.562693,
            2379.296875
          ],
          [
            -109.327905,
            38.562568,
            2377.3984375
          ],
          [
            -109.327757,
            38.562495,
            2374.19921875
          ],
          [
            -109.327587,
            38.562368,
            2371.59765625
          ],
          [
            -109.327498,
            38.562277,
            2371.0
          ],
          [
            -109.327468,
            38.562222,
            2369.8984375
          ],
          [
            -109.327447,
            38.561975,
            2370.5
          ],
          [
            -109.32744,
            38.561713,
            2370.59765625
          ],
          [
            -109.327436,
            38.561711,
            2370.59765625
          ],
          [
            -109.326978,
            38.561469,
            2371.69921875
          ],
          [
            -109.326815,
            38.561318,
            2371.09765625
          ],
          [
            -109.326633,
            38.560945,
            2373.09765625
          ],
          [
            -109.32659,
            38.560823,
            2374.0
          ],
          [
            -109.326433,
            38.560374,
            2377.0
          ],
          [
            -109.326154,
            38.560285,
            2377.796875
          ],
          [
            -109.325877,
            38.56015,
            2380.59765625
          ],
          [
            -109.325408,
            38.56016,
            2385.09765625
          ],
          [
            -109.32495,
            38.560069,
            2389.796875
          ],
          [
            -109.324588,
            38.560011,
            2388.796875
          ],
          [
            -109.324266,
            38.559892,
            2389.0
          ],
          [
            -109.32393,
            38.55962,
            2389.69921875
          ],
          [
            -109.323399,
            38.558855,
            2397.296875
          ],
          [
            -109.32294,
            38.558426,
            2403.296875
          ],
          [
            -109.322327,
            38.558192,
            2400.3984375
          ],
          [
            -109.321963,
            38.558012,
            2395.59765625
          ],
          [
            -109.321686,
            38.557771,
            2392.09765625
          ],
          [
            -109.321592,
            38.557575,
            2390.796875
          ],
          [
            -109.321439,
            38.557422,
            2389.296875
          ],
          [
            -109.321113,
            38.55715,
            2390.796875
          ],
          [
            -109.320998,
            38.55711,
            2391.59765625
          ],
          [
            -109.320872,
            38.557137,
            2389.796875
          ],
          [
            -109.32065,
            38.557194,
            2384.296875
          ],
          [
            -109.3205,
            38.557125,
            2383.0
          ],
          [
            -109.320418,
            38.557022,
            2383.8984375
          ],
          [
            -109.320396,
            38.556924,
            2385.69921875
          ],
          [
            -109.320335,
            38.556692,
            2389.59765625
          ],
          [
            -109.320225,
            38.556518,
            2391.5
          ],
          [
            -109.32003,
            38.556356,
            2393.19921875
          ],
          [
            -109.319636,
            38.556076,
            2395.19921875
          ],
          [
            -109.319377,
            38.555728,
            2397.5
          ],
          [
            -109.31905,
            38.555498,
            2397.59765625
          ],
          [
            -109.319021,
            38.55549,
            2397.3984375
          ],
          [
            -109.319021,
            38.55549,
            2397.3984375
          ],
          [
            -109.318773,
            38.555421,
            2397.3984375
          ],
          [
            -109.318465,
            38.555477,
            2392.796875
          ],
          [
            -109.31801,
            38.555291,
            2391.796875
          ],
          [
            -109.317778,
            38.555098,
            2392.8984375
          ],
          [
            -109.317544,
            38.554774,
            2393.59765625
          ],
          [
            -109.317246,
            38.554245,
            2395.0
          ],
          [
            -109.316994,
            38.553817,
            2396.09765625
          ],
          [
            -109.316969,
            38.55368,
            2397.5
          ],
          [
            -109.316968,
            38.553463,
            2400.0
          ],
          [
            -109.316893,
            38.553262,
            2400.0
          ],
          [
            -109.316841,
            38.552836,
            2401.796875
          ],
          [
            -109.317048,
            38.552455,
            2407.5
          ],
          [
            -109.317243,
            38.552074,
            2411.3984375
          ],
          [
            -109.317441,
            38.551767,
            2417.0
          ],
          [
            -109.317609,
            38.551238,
            2425.3984375
          ],
          [
            -109.317791,
            38.550997,
            2430.0
          ],
          [
            -109.317957,
            38.550757,
            2432.69921875
          ],
          [
            -109.318254,
            38.550543,
            2437.5
          ],
          [
            -109.31838,
            38.550466,
            2438.59765625
          ],
          [
            -109.318456,
            38.55039,
            2439.19921875
          ],
          [
            -109.318356,
            38.550164,
            2441.69921875
          ],
          [
            -109.318096,
            38.549863,
            2446.8984375
          ],
          [
            -109.317577,
            38.549371,
            2450.3984375
          ],
          [
            -109.31767,
            38.548869,
            2456.19921875
          ],
          [
            -109.317766,
            38.548638,
            2460.0
          ],
          [
            -109.317919,
            38.548262,
            2465.296875
          ],
          [
            -109.317987,
            38.548,
            2468.59765625
          ],
          [
            -109.318016,
            38.547617,
            2473.296875
          ],
          [
            -109.31792,
            38.547433,
            2476.0
          ],
          [
            -109.317748,
            38.547282,
            2478.19921875
          ],
          [
            -109.317526,
            38.547158,
            2479.8984375
          ],
          [
            -109.317171,
            38.547017,
            2479.69921875
          ],
          [
            -109.316854,
            38.546833,
            2481.296875
          ],
          [
            -109.316722,
            38.546726,
            2482.5
          ],
          [
            -109.316596,
            38.546663,
            2483.5
          ],
          [
            -109.316377,
            38.546598,
            2484.3984375
          ],
          [
            -109.315943,
            38.546477,
            2486.8984375
          ],
          [
            -109.315486,
            38.546381,
            2489.59765625
          ],
          [
            -109.315026,
            38.546333,
            2493.0
          ],
          [
            -109.31476,
            38.546206,
            2495.3984375
          ],
          [
            -109.314314,
            38.545709,
            2501.796875
          ],
          [
            -109.314157,
            38.545527,
            2504.3984375
          ],
          [
            -109.314028,
            38.545184,
            2508.5
          ],
          [
            -109.313916,
            38.545076,
            2509.796875
          ],
          [
            -109.313916,
            38.545076,
            2509.796875
          ],
          [
            -109.313686,
            38.544854,
            2511.69921875
          ],
          [
            -109.313376,
            38.544358,
            2516.59765625
          ],
          [
            -109.313296,
            38.544117,
            2519.5
          ],
          [
            -109.313141,
            38.543499,
            2527.0
          ],
          [
            -109.313044,
            38.543335,
            2528.8984375
          ],
          [
            -109.312897,
            38.543151,
            2531.5
          ],
          [
            -109.312707,
            38.542936,
            2533.69921875
          ],
          [
            -109.312547,
            38.542829,
            2534.69921875
          ],
          [
            -109.3124,
            38.542683,
            2535.796875
          ],
          [
            -109.312349,
            38.542582,
            2536.296875
          ],
          [
            -109.312274,
            38.542496,
            2536.8984375
          ],
          [
            -109.312175,
            38.542435,
            2537.796875
          ],
          [
            -109.311965,
            38.542144,
            2543.0
          ],
          [
            -109.31189,
            38.542079,
            2544.3984375
          ],
          [
            -109.31178,
            38.542021,
            2545.69921875
          ],
          [
            -109.311504,
            38.541958,
            2548.09765625
          ],
          [
            -109.31146,
            38.541905,
            2548.69921875
          ],
          [
            -109.311473,
            38.541836,
            2549.19921875
          ],
          [
            -109.311533,
            38.54175,
            2549.5
          ],
          [
            -109.311547,
            38.541676,
            2550.0
          ],
          [
            -109.311527,
            38.541639,
            2550.5
          ],
          [
            -109.311464,
            38.541598,
            2551.19921875
          ],
          [
            -109.311225,
            38.541506,
            2553.296875
          ],
          [
            -109.311066,
            38.541464,
            2554.8984375
          ],
          [
            -109.311026,
            38.541439,
            2555.5
          ],
          [
            -109.310996,
            38.541382,
            2556.296875
          ],
          [
            -109.311029,
            38.541237,
            2556.8984375
          ],
          [
            -109.310999,
            38.541141,
            2557.796875
          ],
          [
            -109.310819,
            38.540952,
            2560.19921875
          ],
          [
            -109.310759,
            38.540833,
            2561.296875
          ],
          [
            -109.310583,
            38.540724,
            2563.59765625
          ],
          [
            -109.310545,
            38.540674,
            2564.09765625
          ],
          [
            -109.310466,
            38.540483,
            2565.8984375
          ],
          [
            -109.310454,
            38.540356,
            2566.8984375
          ],
          [
            -109.310507,
            38.540224,
            2567.09765625
          ],
          [
            -109.310599,
            38.540066,
            2567.09765625
          ],
          [
            -109.310692,
            38.53983,
            2568.296875
          ],
          [
            -109.310693,
            38.53968,
            2569.3984375
          ],
          [
            -109.31066,
            38.539555,
            2570.59765625
          ],
          [
            -109.310678,
            38.539405,
            2571.19921875
          ],
          [
            -109.310619,
            38.539286,
            2572.796875
          ],
          [
            -109.310594,
            38.539101,
            2573.3984375
          ],
          [
            -109.310546,
            38.539051,
            2574.09765625
          ],
          [
            -109.310381,
            38.538955,
            2576.0
          ],
          [
            -109.310196,
            38.538781,
            2577.3984375
          ],
          [
            -109.310034,
            38.538658,
            2580.5
          ],
          [
            -109.309976,
            38.538577,
            2582.19921875
          ],
          [
            -109.309963,
            38.538508,
            2583.296875
          ],
          [
            -109.309959,
            38.538382,
            2585.296875
          ],
          [
            -109.310003,
            38.538156,
            2588.5
          ],
          [
            -109.310016,
            38.537961,
            2591.0
          ],
          [
            -109.310106,
            38.537803,
            2592.5
          ],
          [
            -109.310151,
            38.537679,
            2594.3984375
          ],
          [
            -109.310244,
            38.537525,
            2596.5
          ],
          [
            -109.310368,
            38.537169,
            2604.59765625
          ],
          [
            -109.310515,
            38.536929,
            2608.3984375
          ],
          [
            -109.310625,
            38.536798,
            2609.5
          ],
          [
            -109.310702,
            38.536675,
            2610.19921875
          ],
          [
            -109.310828,
            38.536327,
            2612.8984375
          ],
          [
            -109.310882,
            38.536224,
            2613.5
          ],
          [
            -109.310906,
            38.536124,
            2614.296875
          ],
          [
            -109.310862,
            38.535952,
            2616.8984375
          ],
          [
            -109.310885,
            38.535889,
            2617.19921875
          ],
          [
            -109.310994,
            38.535798,
            2616.796875
          ],
          [
            -109.31102,
            38.535751,
            2616.796875
          ],
          [
            -109.31097,
            38.535708,
            2617.8984375
          ],
          [
            -109.310824,
            38.535698,
            2620.09765625
          ],
          [
            -109.310741,
            38.535666,
            2621.09765625
          ],
          [
            -109.310589,
            38.535442,
            2623.5
          ],
          [
            -109.310338,
            38.535297,
            2625.8984375
          ],
          [
            -109.310317,
            38.535245,
            2626.19921875
          ],
          [
            -109.310332,
            38.535133,
            2626.5
          ],
          [
            -109.310302,
            38.535084,
            2627.0
          ],
          [
            -109.309987,
            38.534997,
            2629.59765625
          ],
          [
            -109.30967,
            38.534769,
            2633.0
          ],
          [
            -109.30957,
            38.53453,
            2635.3984375
          ],
          [
            -109.309502,
            38.534475,
            2636.0
          ],
          [
            -109.309279,
            38.534456,
            2637.59765625
          ],
          [
            -109.309177,
            38.534426,
            2638.5
          ],
          [
            -109.309051,
            38.534354,
            2640.5
          ],
          [
            -109.308728,
            38.53427,
            2644.796875
          ],
          [
            -109.308288,
            38.534219,
            2648.59765625
          ],
          [
            -109.308108,
            38.534183,
            2650.09765625
          ],
          [
            -109.307888,
            38.534179,
            2651.296875
          ],
          [
            -109.307794,
            38.534152,
            2652.09765625
          ],
          [
            -109.307531,
            38.533972,
            2656.09765625
          ],
          [
            -109.307451,
            38.533827,
            2657.796875
          ],
          [
            -109.307388,
            38.533795,
            2658.3984375
          ],
          [
            -109.307225,
            38.533757,
            2659.8984375
          ],
          [
            -109.307065,
            38.533686,
            2662.09765625
          ],
          [
            -109.306957,
            38.533598,
            2663.8984375
          ],
          [
            -109.306712,
            38.53351,
            2668.0
          ],
          [
            -109.306555,
            38.533374,
            2670.69921875
          ],
          [
            -109.306397,
            38.533295,
            2673.09765625
          ],
          [
            -109.306243,
            38.53319,
            2675.59765625
          ],
          [
            -109.306178,
            38.533159,
            2676.5
          ],
          [
            -109.306103,
            38.533146,
            2677.3984375
          ],
          [
            -109.305932,
            38.533168,
            2679.09765625
          ],
          [
            -109.305869,
            38.533153,
            2679.8984375
          ],
          [
            -109.305845,
            38.533114,
            2680.3984375
          ],
          [
            -109.305839,
            38.532972,
            2681.5
          ],
          [
            -109.305791,
            38.532866,
            2682.796875
          ],
          [
            -109.305731,
            38.532817,
            2683.796875
          ],
          [
            -109.305592,
            38.532773,
            2685.69921875
          ],
          [
            -109.305277,
            38.532722,
            2689.3984375
          ],
          [
            -109.30514,
            38.532684,
            2691.09765625
          ],
          [
            -109.305071,
            38.532603,
            2692.69921875
          ],
          [
            -109.305066,
            38.532534,
            2693.3984375
          ],
          [
            -109.305111,
            38.532361,
            2694.796875
          ],
          [
            -109.305097,
            38.532257,
            2695.59765625
          ],
          [
            -109.305021,
            38.532191,
            2697.0
          ],
          [
            -109.304882,
            38.532137,
            2698.796875
          ],
          [
            -109.304635,
            38.531983,
            2702.59765625
          ],
          [
            -109.304419,
            38.531896,
            2705.796875
          ],
          [
            -109.304348,
            38.53183,
            2707.296875
          ],
          [
            -109.304267,
            38.531783,
            2708.3984375
          ],
          [
            -109.304074,
            38.531747,
            2709.5
          ],
          [
            -109.304021,
            38.531698,
            2709.8984375
          ],
          [
            -109.303952,
            38.531593,
            2710.59765625
          ],
          [
            -109.303793,
            38.531486,
            2712.19921875
          ],
          [
            -109.303585,
            38.531303,
            2715.0
          ],
          [
            -109.303441,
            38.531265,
            2716.19921875
          ],
          [
            -109.303273,
            38.531249,
            2717.5
          ],
          [
            -109.303197,
            38.531254,
            2718.0
          ],
          [
            -109.302879,
            38.531329,
            2720.3984375
          ],
          [
            -109.302778,
            38.531334,
            2721.296875
          ],
          [
            -109.302569,
            38.53128,
            2723.19921875
          ],
          [
            -109.302404,
            38.53126,
            2724.69921875
          ],
          [
            -109.302318,
            38.531226,
            2725.296875
          ],
          [
            -109.301982,
            38.530949,
            2728.5
          ],
          [
            -109.301895,
            38.530911,
            2729.09765625
          ],
          [
            -109.301675,
            38.530887,
            2730.59765625
          ],
          [
            -109.301177,
            38.530649,
            2735.19921875
          ],
          [
            -109.301143,
            38.530607,
            2736.09765625
          ],
          [
            -109.301117,
            38.530524,
            2737.09765625
          ],
          [
            -109.301114,
            38.530326,
            2739.296875
          ],
          [
            -109.301144,
            38.530208,
            2740.3984375
          ],
          [
            -109.301294,
            38.529937,
            2741.59765625
          ],
          [
            -109.301333,
            38.5298,
            2742.59765625
          ],
          [
            -109.301325,
            38.529719,
            2743.3984375
          ],
          [
            -109.301284,
            38.529662,
            2744.59765625
          ],
          [
            -109.301209,
            38.52964,
            2745.59765625
          ],
          [
            -109.301148,
            38.529646,
            2746.296875
          ],
          [
            -109.300835,
            38.529771,
            2748.59765625
          ],
          [
            -109.300767,
            38.529769,
            2749.296875
          ],
          [
            -109.300706,
            38.529713,
            2750.3984375
          ],
          [
            -109.300672,
            38.529578,
            2751.796875
          ],
          [
            -109.300582,
            38.529495,
            2753.3984375
          ],
          [
            -109.30044,
            38.529452,
            2755.0
          ],
          [
            -109.300332,
            38.529465,
            2755.8984375
          ],
          [
            -109.30024,
            38.529494,
            2756.69921875
          ],
          [
            -109.299977,
            38.529622,
            2758.8984375
          ],
          [
            -109.299867,
            38.529609,
            2759.69921875
          ],
          [
            -109.299829,
            38.529582,
            2760.296875
          ],
          [
            -109.299786,
            38.529468,
            2761.5
          ],
          [
            -109.299783,
            38.529343,
            2762.796875
          ],
          [
            -109.299739,
            38.529116,
            2766.5
          ],
          [
            -109.299767,
            38.529024,
            2767.59765625
          ],
          [
            -109.299847,
            38.528873,
            2768.8984375
          ],
          [
            -109.299868,
            38.528789,
            2769.796875
          ],
          [
            -109.299871,
            38.528285,
            2778.296875
          ],
          [
            -109.299841,
            38.528098,
            2781.5
          ],
          [
            -109.299849,
            38.527957,
            2783.09765625
          ],
          [
            -109.299784,
            38.527916,
            2784.296875
          ],
          [
            -109.299375,
            38.527938,
            2788.09765625
          ],
          [
            -109.299112,
            38.527904,
            2790.3984375
          ],
          [
            -109.298974,
            38.527905,
            2790.8984375
          ],
          [
            -109.2987,
            38.527858,
            2792.59765625
          ],
          [
            -109.298634,
            38.5278,
            2794.0
          ],
          [
            -109.298633,
            38.527737,
            2795.09765625
          ],
          [
            -109.298672,
            38.527658,
            2796.19921875
          ],
          [
            -109.298772,
            38.527535,
            2797.59765625
          ],
          [
            -109.298946,
            38.527379,
            2798.796875
          ],
          [
            -109.298963,
            38.527323,
            2799.59765625
          ],
          [
            -109.298948,
            38.527292,
            2800.19921875
          ],
          [
            -109.298894,
            38.52727,
            2801.59765625
          ],
          [
            -109.298671,
            38.527276,
            2803.0
          ],
          [
            -109.298474,
            38.527247,
            2805.19921875
          ],
          [
            -109.298226,
            38.527173,
            2808.8984375
          ],
          [
            -109.298125,
            38.527095,
            2811.09765625
          ],
          [
            -109.298042,
            38.526963,
            2814.796875
          ],
          [
            -109.298039,
            38.526882,
            2816.5
          ],
          [
            -109.298105,
            38.526716,
            2818.09765625
          ],
          [
            -109.29811,
            38.526626,
            2818.8984375
          ],
          [
            -109.298084,
            38.526562,
            2819.69921875
          ],
          [
            -109.298023,
            38.526518,
            2820.09765625
          ],
          [
            -109.297942,
            38.52649,
            2820.5
          ],
          [
            -109.297714,
            38.526447,
            2822.09765625
          ],
          [
            -109.297667,
            38.526408,
            2822.8984375
          ],
          [
            -109.297623,
            38.526284,
            2824.59765625
          ],
          [
            -109.297568,
            38.526239,
            2825.69921875
          ],
          [
            -109.297485,
            38.526225,
            2827.09765625
          ],
          [
            -109.297192,
            38.526291,
            2829.796875
          ],
          [
            -109.296793,
            38.526224,
            2833.09765625
          ],
          [
            -109.296515,
            38.52622,
            2834.59765625
          ],
          [
            -109.296427,
            38.526228,
            2835.0
          ],
          [
            -109.296215,
            38.526338,
            2836.296875
          ],
          [
            -109.296055,
            38.526324,
            2838.0
          ],
          [
            -109.296051,
            38.52632,
            2838.19921875
          ],
          [
            -109.295847,
            38.526158,
            2841.19921875
          ],
          [
            -109.295701,
            38.526122,
            2842.3984375
          ],
          [
            -109.295592,
            38.526134,
            2843.19921875
          ],
          [
            -109.295532,
            38.526155,
            2843.5
          ],
          [
            -109.29545,
            38.526211,
            2843.8984375
          ],
          [
            -109.295365,
            38.526301,
            2844.09765625
          ],
          [
            -109.295255,
            38.526369,
            2844.69921875
          ],
          [
            -109.295086,
            38.526405,
            2845.796875
          ],
          [
            -109.294891,
            38.526486,
            2847.296875
          ],
          [
            -109.294654,
            38.52646,
            2850.0
          ],
          [
            -109.294459,
            38.526487,
            2851.796875
          ],
          [
            -109.294265,
            38.526496,
            2853.796875
          ],
          [
            -109.294144,
            38.526483,
            2854.8984375
          ],
          [
            -109.293939,
            38.52638,
            2855.69921875
          ],
          [
            -109.29408,
            38.526134,
            2854.19921875
          ],
          [
            -109.29422,
            38.525887,
            2852.3984375
          ],
          [
            -109.294361,
            38.525641,
            2851.09765625
          ],
          [
            -109.294457,
            38.525474,
            2850.09765625
          ],
          [
            -109.294457,
            38.525474,
            2850.09765625
          ],
          [
            -109.294316,
            38.52572,
            2851.5
          ],
          [
            -109.294175,
            38.525967,
            2852.8984375
          ],
          [
            -109.294035,
            38.526213,
            2854.796875
          ],
          [
            -109.293939,
            38.52638,
            2855.69921875
          ],
          [
            -109.293939,
            38.52638,
            2855.69921875
          ],
          [
            -109.293761,
            38.526318,
            2856.59765625
          ],
          [
            -109.293506,
            38.526264,
            2857.796875
          ],
          [
            -109.293426,
            38.526279,
            2858.3984375
          ],
          [
            -109.293234,
            38.526452,
            2860.19921875
          ],
          [
            -109.293076,
            38.526509,
            2860.8984375
          ],
          [
            -109.292966,
            38.526526,
            2861.59765625
          ],
          [
            -109.292787,
            38.526515,
            2862.8984375
          ],
          [
            -109.292356,
            38.526342,
            2866.0
          ],
          [
            -109.291927,
            38.526291,
            2869.09765625
          ],
          [
            -109.291687,
            38.526295,
            2871.0
          ],
          [
            -109.291301,
            38.526344,
            2874.0
          ],
          [
            -109.291189,
            38.526334,
            2874.69921875
          ],
          [
            -109.291058,
            38.526311,
            2875.69921875
          ],
          [
            -109.290554,
            38.526117,
            2879.59765625
          ],
          [
            -109.290404,
            38.52609,
            2880.5
          ],
          [
            -109.290243,
            38.526087,
            2881.69921875
          ],
          [
            -109.290102,
            38.52611,
            2882.796875
          ],
          [
            -109.289846,
            38.526189,
            2885.3984375
          ],
          [
            -109.289715,
            38.526179,
            2886.796875
          ],
          [
            -109.289451,
            38.526082,
            2888.296875
          ],
          [
            -109.289336,
            38.526066,
            2888.69921875
          ],
          [
            -109.289212,
            38.526114,
            2889.296875
          ],
          [
            -109.289154,
            38.526166,
            2889.796875
          ],
          [
            -109.288908,
            38.526533,
            2891.8984375
          ],
          [
            -109.288808,
            38.526559,
            2892.69921875
          ],
          [
            -109.288526,
            38.526573,
            2894.69921875
          ],
          [
            -109.28836,
            38.526618,
            2895.796875
          ],
          [
            -109.288004,
            38.526732,
            2898.19921875
          ],
          [
            -109.287752,
            38.526872,
            2898.5
          ],
          [
            -109.287509,
            38.526977,
            2897.69921875
          ],
          [
            -109.287272,
            38.527022,
            2897.69921875
          ],
          [
            -109.286896,
            38.52703,
            2896.8984375
          ],
          [
            -109.286633,
            38.527064,
            2895.19921875
          ],
          [
            -109.286333,
            38.527064,
            2892.09765625
          ],
          [
            -109.28612,
            38.527037,
            2890.09765625
          ],
          [
            -109.285667,
            38.527064,
            2886.5
          ],
          [
            -109.285394,
            38.52704,
            2882.19921875
          ],
          [
            -109.285262,
            38.527046,
            2880.69921875
          ],
          [
            -109.284886,
            38.527147,
            2880.3984375
          ],
          [
            -109.284755,
            38.527165,
            2879.19921875
          ],
          [
            -109.284595,
            38.527164,
            2877.296875
          ],
          [
            -109.284479,
            38.527163,
            2875.8984375
          ],
          [
            -109.284312,
            38.52718,
            2874.296875
          ],
          [
            -109.284007,
            38.527261,
            2871.796875
          ],
          [
            -109.283846,
            38.527355,
            2871.3984375
          ],
          [
            -109.283626,
            38.527536,
            2870.8984375
          ],
          [
            -109.283459,
            38.527623,
            2869.59765625
          ],
          [
            -109.283346,
            38.52766,
            2868.796875
          ],
          [
            -109.283272,
            38.527662,
            2868.3984375
          ],
          [
            -109.283033,
            38.527622,
            2866.69921875
          ],
          [
            -109.282772,
            38.527549,
            2865.19921875
          ],
          [
            -109.282687,
            38.527512,
            2865.3984375
          ],
          [
            -109.282484,
            38.527282,
            2860.8984375
          ],
          [
            -109.2824,
            38.527211,
            2859.5
          ],
          [
            -109.28201,
            38.526945,
            2855.796875
          ],
          [
            -109.281752,
            38.526858,
            2854.69921875
          ],
          [
            -109.281466,
            38.526638,
            2854.8984375
          ],
          [
            -109.281366,
            38.526533,
            2854.5
          ],
          [
            -109.281309,
            38.526412,
            2854.3984375
          ],
          [
            -109.28125,
            38.526177,
            2852.69921875
          ],
          [
            -109.281233,
            38.526101,
            2852.69921875
          ],
          [
            -109.28124,
            38.526074,
            2852.5
          ],
          [
            -109.281254,
            38.526027,
            2852.19921875
          ],
          [
            -109.281284,
            38.525957,
            2851.5
          ],
          [
            -109.281299,
            38.525893,
            2850.796875
          ],
          [
            -109.281351,
            38.525722,
            2849.3984375
          ],
          [
            -109.281432,
            38.52569,
            2848.69921875
          ],
          [
            -109.281457,
            38.525673,
            2848.3984375
          ],
          [
            -109.281478,
            38.525654,
            2848.19921875
          ],
          [
            -109.281497,
            38.525634,
            2848.09765625
          ],
          [
            -109.281506,
            38.525617,
            2848.0
          ],
          [
            -109.281514,
            38.525592,
            2847.8984375
          ],
          [
            -109.281597,
            38.525549,
            2847.3984375
          ],
          [
            -109.281539,
            38.525421,
            2847.5
          ],
          [
            -109.281488,
            38.525393,
            2847.5
          ],
          [
            -109.281448,
            38.525381,
            2847.59765625
          ],
          [
            -109.28142,
            38.525372,
            2847.69921875
          ],
          [
            -109.281393,
            38.52536,
            2847.796875
          ],
          [
            -109.281293,
            38.525273,
            2847.59765625
          ],
          [
            -109.28115,
            38.525066,
            2846.5
          ],
          [
            -109.281092,
            38.524968,
            2845.796875
          ],
          [
            -109.281044,
            38.524863,
            2845.0
          ],
          [
            -109.281003,
            38.524752,
            2844.19921875
          ],
          [
            -109.280963,
            38.524685,
            2843.796875
          ],
          [
            -109.280911,
            38.524634,
            2843.296875
          ],
          [
            -109.280732,
            38.524482,
            2841.296875
          ],
          [
            -109.280697,
            38.524458,
            2840.8984375
          ],
          [
            -109.280643,
            38.524434,
            2840.296875
          ],
          [
            -109.280583,
            38.524415,
            2839.8984375
          ],
          [
            -109.280521,
            38.524404,
            2839.59765625
          ],
          [
            -109.280467,
            38.524401,
            2839.3984375
          ],
          [
            -109.280412,
            38.524406,
            2839.19921875
          ],
          [
            -109.280366,
            38.524416,
            2839.19921875
          ],
          [
            -109.280289,
            38.524434,
            2838.8984375
          ],
          [
            -109.280242,
            38.524444,
            2839.0
          ],
          [
            -109.280134,
            38.524431,
            2838.796875
          ],
          [
            -109.280037,
            38.52437,
            2838.0
          ],
          [
            -109.27983,
            38.524502,
            2840.59765625
          ],
          [
            -109.279705,
            38.524532,
            2841.5
          ],
          [
            -109.279579,
            38.524515,
            2842.59765625
          ],
          [
            -109.279274,
            38.524324,
            2841.59765625
          ],
          [
            -109.279086,
            38.524125,
            2842.09765625
          ],
          [
            -109.278988,
            38.523911,
            2840.59765625
          ],
          [
            -109.278482,
            38.523454,
            2842.0
          ],
          [
            -109.278279,
            38.523233,
            2842.0
          ],
          [
            -109.278279,
            38.523233,
            2842.0
          ],
          [
            -109.278214,
            38.523162,
            2842.796875
          ],
          [
            -109.278169,
            38.523009,
            2842.296875
          ],
          [
            -109.278184,
            38.522895,
            2841.296875
          ],
          [
            -109.278274,
            38.522741,
            2841.0
          ],
          [
            -109.278635,
            38.522523,
            2839.8984375
          ],
          [
            -109.278819,
            38.522362,
            2841.5
          ],
          [
            -109.278891,
            38.522242,
            2843.19921875
          ],
          [
            -109.278915,
            38.522082,
            2845.796875
          ],
          [
            -109.27887,
            38.521965,
            2847.3984375
          ],
          [
            -109.278745,
            38.521879,
            2849.59765625
          ],
          [
            -109.278576,
            38.521845,
            2851.69921875
          ],
          [
            -109.278358,
            38.521843,
            2854.19921875
          ],
          [
            -109.27805,
            38.52184,
            2856.69921875
          ],
          [
            -109.277988,
            38.521821,
            2857.296875
          ],
          [
            -109.277936,
            38.52179,
            2857.8984375
          ],
          [
            -109.277872,
            38.521665,
            2859.09765625
          ],
          [
            -109.277906,
            38.52156,
            2859.3984375
          ],
          [
            -109.277993,
            38.521395,
            2859.09765625
          ],
          [
            -109.278008,
            38.521331,
            2859.09765625
          ],
          [
            -109.278003,
            38.521282,
            2859.296875
          ],
          [
            -109.277983,
            38.521226,
            2859.5
          ],
          [
            -109.277937,
            38.521157,
            2859.796875
          ],
          [
            -109.27785,
            38.521093,
            2860.5
          ],
          [
            -109.277733,
            38.521028,
            2861.3984375
          ],
          [
            -109.277094,
            38.520748,
            2866.09765625
          ],
          [
            -109.276876,
            38.520658,
            2867.69921875
          ],
          [
            -109.276576,
            38.520505,
            2869.796875
          ],
          [
            -109.276484,
            38.520443,
            2869.796875
          ],
          [
            -109.276345,
            38.520332,
            2869.796875
          ],
          [
            -109.276228,
            38.520208,
            2869.796875
          ],
          [
            -109.275865,
            38.519762,
            2867.0
          ],
          [
            -109.275689,
            38.519564,
            2864.796875
          ],
          [
            -109.275605,
            38.519451,
            2864.0
          ],
          [
            -109.27556,
            38.519398,
            2863.69921875
          ],
          [
            -109.275498,
            38.519347,
            2863.09765625
          ],
          [
            -109.275407,
            38.519303,
            2862.3984375
          ],
          [
            -109.275395,
            38.519233,
            2862.0
          ],
          [
            -109.275387,
            38.519214,
            2861.8984375
          ],
          [
            -109.275348,
            38.519176,
            2861.69921875
          ],
          [
            -109.275267,
            38.519093,
            2861.19921875
          ],
          [
            -109.275137,
            38.518936,
            2860.5
          ],
          [
            -109.274727,
            38.51834,
            2857.5
          ],
          [
            -109.27467,
            38.518192,
            2857.19921875
          ],
          [
            -109.27456,
            38.517905,
            2855.59765625
          ],
          [
            -109.274323,
            38.517483,
            2855.8984375
          ],
          [
            -109.27424,
            38.517229,
            2855.69921875
          ],
          [
            -109.273921,
            38.516838,
            2856.0
          ],
          [
            -109.273838,
            38.516713,
            2855.796875
          ],
          [
            -109.273729,
            38.516483,
            2855.3984375
          ],
          [
            -109.273618,
            38.516345,
            2855.296875
          ],
          [
            -109.273539,
            38.516248,
            2855.296875
          ],
          [
            -109.273288,
            38.515966,
            2856.19921875
          ],
          [
            -109.273175,
            38.515875,
            2856.59765625
          ],
          [
            -109.27286,
            38.51562,
            2857.3984375
          ],
          [
            -109.272752,
            38.515548,
            2857.59765625
          ],
          [
            -109.272674,
            38.51552,
            2857.796875
          ],
          [
            -109.271967,
            38.515331,
            2860.8984375
          ],
          [
            -109.271795,
            38.515261,
            2862.0
          ],
          [
            -109.271259,
            38.514915,
            2866.19921875
          ],
          [
            -109.27092,
            38.514626,
            2872.8984375
          ],
          [
            -109.270495,
            38.514348,
            2881.09765625
          ],
          [
            -109.270145,
            38.51424,
            2884.3984375
          ],
          [
            -109.269965,
            38.514223,
            2885.3984375
          ],
          [
            -109.26956,
            38.514138,
            2888.19921875
          ],
          [
            -109.269293,
            38.514059,
            2890.69921875
          ],
          [
            -109.268805,
            38.513853,
            2897.09765625
          ],
          [
            -109.268323,
            38.513542,
            2901.3984375
          ],
          [
            -109.267617,
            38.513243,
            2907.69921875
          ],
          [
            -109.267247,
            38.513002,
            2910.796875
          ],
          [
            -109.266943,
            38.51283,
            2912.69921875
          ],
          [
            -109.266851,
            38.512744,
            2913.0
          ],
          [
            -109.266695,
            38.512477,
            2913.19921875
          ],
          [
            -109.266484,
            38.512264,
            2912.8984375
          ],
          [
            -109.266437,
            38.512237,
            2912.8984375
          ],
          [
            -109.266437,
            38.512237,
            2912.8984375
          ],
          [
            -109.265962,
            38.511967,
            2913.69921875
          ],
          [
            -109.265189,
            38.511391,
            2913.296875
          ],
          [
            -109.264483,
            38.510928,
            2911.59765625
          ],
          [
            -109.264275,
            38.510794,
            2910.69921875
          ],
          [
            -109.263962,
            38.510628,
            2908.69921875
          ],
          [
            -109.263848,
            38.510596,
            2908.296875
          ],
          [
            -109.263757,
            38.510592,
            2908.09765625
          ],
          [
            -109.263249,
            38.510595,
            2907.296875
          ],
          [
            -109.263163,
            38.510582,
            2906.69921875
          ],
          [
            -109.263045,
            38.510518,
            2905.3984375
          ],
          [
            -109.262878,
            38.510378,
            2901.296875
          ],
          [
            -109.262782,
            38.510319,
            2898.8984375
          ],
          [
            -109.262578,
            38.510229,
            2894.3984375
          ],
          [
            -109.262472,
            38.51015,
            2891.09765625
          ],
          [
            -109.262435,
            38.510079,
            2889.296875
          ],
          [
            -109.26243,
            38.50972,
            2881.796875
          ],
          [
            -109.262396,
            38.509659,
            2880.3984375
          ],
          [
            -109.262319,
            38.50961,
            2878.59765625
          ],
          [
            -109.262191,
            38.509584,
            2876.796875
          ],
          [
            -109.262017,
            38.509584,
            2876.19921875
          ],
          [
            -109.261889,
            38.509558,
            2875.5
          ],
          [
            -109.26177,
            38.509494,
            2874.0
          ],
          [
            -109.26166,
            38.509408,
            2872.296875
          ],
          [
            -109.261453,
            38.509202,
            2866.5
          ],
          [
            -109.261297,
            38.509224,
            2866.5
          ],
          [
            -109.261158,
            38.509288,
            2867.796875
          ],
          [
            -109.260992,
            38.509256,
            2866.5
          ],
          [
            -109.26087,
            38.509264,
            2866.09765625
          ],
          [
            -109.260771,
            38.5093,
            2866.69921875
          ],
          [
            -109.260512,
            38.509446,
            2870.0
          ],
          [
            -109.260391,
            38.5095,
            2871.0
          ],
          [
            -109.260217,
            38.509512,
            2870.69921875
          ],
          [
            -109.25988,
            38.509491,
            2869.59765625
          ],
          [
            -109.259614,
            38.509432,
            2868.19921875
          ],
          [
            -109.259421,
            38.509363,
            2866.09765625
          ],
          [
            -109.259153,
            38.509377,
            2868.19921875
          ],
          [
            -109.258753,
            38.509439,
            2876.59765625
          ],
          [
            -109.258482,
            38.509439,
            2881.19921875
          ],
          [
            -109.258167,
            38.509344,
            2881.19921875
          ],
          [
            -109.258033,
            38.509303,
            2881.09765625
          ],
          [
            -109.257941,
            38.509257,
            2880.59765625
          ],
          [
            -109.257868,
            38.509256,
            2881.5
          ],
          [
            -109.257714,
            38.509258,
            2883.3984375
          ],
          [
            -109.257426,
            38.509213,
            2883.8984375
          ],
          [
            -109.257058,
            38.509239,
            2890.19921875
          ],
          [
            -109.256619,
            38.509239,
            2895.796875
          ],
          [
            -109.256472,
            38.509205,
            2894.69921875
          ],
          [
            -109.256274,
            38.50921,
            2895.3984375
          ],
          [
            -109.256106,
            38.509256,
            2898.5
          ],
          [
            -109.255959,
            38.50929,
            2899.69921875
          ],
          [
            -109.255823,
            38.509297,
            2899.69921875
          ],
          [
            -109.255547,
            38.509352,
            2900.8984375
          ],
          [
            -109.255341,
            38.509422,
            2903.0
          ],
          [
            -109.255139,
            38.509444,
            2902.3984375
          ],
          [
            -109.254761,
            38.509658,
            2905.5
          ],
          [
            -109.254434,
            38.509803,
            2908.5
          ],
          [
            -109.253844,
            38.510029,
            2913.19921875
          ],
          [
            -109.253644,
            38.510178,
            2915.5
          ],
          [
            -109.253444,
            38.510448,
            2919.69921875
          ],
          [
            -109.253098,
            38.510856,
            2925.8984375
          ],
          [
            -109.252355,
            38.511446,
            2935.5
          ],
          [
            -109.252008,
            38.511728,
            2940.09765625
          ],
          [
            -109.251912,
            38.512032,
            2946.8984375
          ],
          [
            -109.251873,
            38.512679,
            2960.3984375
          ],
          [
            -109.251862,
            38.513344,
            2971.3984375
          ],
          [
            -109.251836,
            38.513459,
            2973.59765625
          ],
          [
            -109.251789,
            38.513549,
            2974.5
          ],
          [
            -109.251282,
            38.514128,
            2985.796875
          ],
          [
            -109.250514,
            38.51511,
            3019.5
          ],
          [
            -109.249746,
            38.516092,
            3046.69921875
          ],
          [
            -109.249608,
            38.516234,
            3052.0
          ],
          [
            -109.249269,
            38.516516,
            3060.19921875
          ],
          [
            -109.249011,
            38.516802,
            3067.59765625
          ],
          [
            -109.248891,
            38.516898,
            3071.3984375
          ],
          [
            -109.248891,
            38.516898,
            3071.3984375
          ],
          [
            -109.248883,
            38.516904,
            3071.59765625
          ],
          [
            -109.248775,
            38.516971,
            3075.296875
          ],
          [
            -109.247962,
            38.517344,
            3088.296875
          ],
          [
            -109.247017,
            38.517753,
            3103.796875
          ],
          [
            -109.246585,
            38.517958,
            3112.796875
          ],
          [
            -109.246446,
            38.518038,
            3116.69921875
          ],
          [
            -109.245823,
            38.518341,
            3134.796875
          ],
          [
            -109.245209,
            38.518621,
            3149.69921875
          ],
          [
            -109.244765,
            38.51883,
            3160.19921875
          ],
          [
            -109.244555,
            38.518937,
            3165.8984375
          ],
          [
            -109.244339,
            38.519071,
            3171.0
          ],
          [
            -109.24423,
            38.519215,
            3170.5
          ],
          [
            -109.244107,
            38.519261,
            3172.59765625
          ],
          [
            -109.243937,
            38.519392,
            3173.09765625
          ],
          [
            -109.243896,
            38.519456,
            3171.796875
          ],
          [
            -109.243554,
            38.519596,
            3173.0
          ],
          [
            -109.24327,
            38.519765,
            3178.296875
          ],
          [
            -109.242843,
            38.519925,
            3184.59765625
          ],
          [
            -109.242365,
            38.520058,
            3194.09765625
          ],
          [
            -109.242184,
            38.520392,
            3187.69921875
          ],
          [
            -109.241681,
            38.520519,
            3194.09765625
          ],
          [
            -109.241456,
            38.520554,
            3197.296875
          ],
          [
            -109.240576,
            38.520627,
            3210.5
          ],
          [
            -109.23889,
            38.520716,
            3230.296875
          ],
          [
            -109.236953,
            38.520974,
            3271.796875
          ],
          [
            -109.236717,
            38.520947,
            3274.5
          ],
          [
            -109.236249,
            38.520825,
            3277.69921875
          ],
          [
            -109.235531,
            38.520608,
            3284.8984375
          ],
          [
            -109.235023,
            38.520492,
            3289.796875
          ],
          [
            -109.234505,
            38.5204,
            3294.8984375
          ],
          [
            -109.234505,
            38.5204,
            3294.8984375
          ],
          [
            -109.232726,
            38.520086,
            3326.796875
          ],
          [
            -109.232067,
            38.519899,
            3333.09765625
          ],
          [
            -109.232541,
            38.520319,
            3338.69921875
          ],
          [
            -109.231823,
            38.520221,
            3347.796875
          ],
          [
            -109.231535,
            38.520156,
            3349.296875
          ],
          [
            -109.231201,
            38.520162,
            3352.296875
          ],
          [
            -109.230903,
            38.520186,
            3357.19921875
          ],
          [
            -109.230934,
            38.520344,
            3363.09765625
          ],
          [
            -109.230649,
            38.520575,
            3382.8984375
          ],
          [
            -109.230927,
            38.520754,
            3389.3984375
          ],
          [
            -109.231122,
            38.520752,
            3388.09765625
          ],
          [
            -109.230896,
            38.520982,
            3406.296875
          ],
          [
            -109.230274,
            38.521585,
            3450.8984375
          ],
          [
            -109.23092,
            38.52165,
            3451.09765625
          ],
          [
            -109.230448,
            38.522041,
            3482.296875
          ],
          [
            -109.231031,
            38.522302,
            3490.296875
          ],
          [
            -109.228875,
            38.522715,
            3542.296875
          ],
          [
            -109.22841,
            38.522834,
            3543.19921875
          ],
          [
            -109.228155,
            38.5225,
            3543.8984375
          ],
          [
            -109.227866,
            38.521905,
            3559.0
          ],
          [
            -109.227475,
            38.521301,
            3562.5
          ],
          [
            -109.226598,
            38.520606,
            3553.59765625
          ],
          [
            -109.226048,
            38.520435,
            3554.09765625
          ],
          [
            -109.225682,
            38.520211,
            3547.796875
          ],
          [
            -109.225461,
            38.520077,
            3545.296875
          ],
          [
            -109.225167,
            38.519847,
            3550.796875
          ],
          [
            -109.224748,
            38.519259,
            3569.19921875
          ],
          [
            -109.224394,
            38.518494,
            3609.296875
          ],
          [
            -109.224386,
            38.518384,
            3614.59765625
          ],
          [
            -109.224394,
            38.518348,
            3616.09765625
          ],
          [
            -109.2244,
            38.518303,
            3618.796875
          ],
          [
            -109.224397,
            38.518265,
            3620.296875
          ],
          [
            -109.224387,
            38.518249,
            3620.796875
          ],
          [
            -109.224374,
            38.518239,
            3620.3984375
          ],
          [
            -109.224368,
            38.518229,
            3620.8984375
          ],
          [
            -109.22437,
            38.518212,
            3621.796875
          ],
          [
            -109.224377,
            38.518201,
            3622.69921875
          ],
          [
            -109.22439,
            38.518192,
            3623.69921875
          ],
          [
            -109.224421,
            38.518176,
            3625.59765625
          ],
          [
            -109.224445,
            38.518165,
            3627.296875
          ],
          [
            -109.224461,
            38.518156,
            3627.796875
          ],
          [
            -109.224482,
            38.518135,
            3629.0
          ],
          [
            -109.224502,
            38.518109,
            3630.69921875
          ],
          [
            -109.224535,
            38.51806,
            3633.5
          ],
          [
            -109.224557,
            38.518,
            3636.59765625
          ],
          [
            -109.224594,
            38.517936,
            3639.8984375
          ],
          [
            -109.224643,
            38.517866,
            3643.59765625
          ],
          [
            -109.224668,
            38.517806,
            3646.59765625
          ],
          [
            -109.22469,
            38.517741,
            3650.0
          ],
          [
            -109.224696,
            38.517691,
            3652.3984375
          ],
          [
            -109.224704,
            38.517599,
            3655.8984375
          ],
          [
            -109.224704,
            38.5175,
            3658.59765625
          ],
          [
            -109.224684,
            38.517428,
            3660.796875
          ],
          [
            -109.224662,
            38.517383,
            3662.5
          ],
          [
            -109.224623,
            38.517325,
            3664.59765625
          ],
          [
            -109.224562,
            38.51724,
            3668.296875
          ],
          [
            -109.224529,
            38.517195,
            3670.09765625
          ],
          [
            -109.224517,
            38.517168,
            3671.296875
          ],
          [
            -109.224512,
            38.517119,
            3673.0
          ],
          [
            -109.224484,
            38.517045,
            3675.3984375
          ],
          [
            -109.224473,
            38.51701,
            3676.09765625
          ],
          [
            -109.224467,
            38.51695,
            3676.69921875
          ],
          [
            -109.224464,
            38.516861,
            3678.0
          ],
          [
            -109.224456,
            38.516788,
            3679.09765625
          ],
          [
            -109.224456,
            38.516747,
            3680.3984375
          ],
          [
            -109.224462,
            38.516726,
            3681.0
          ],
          [
            -109.224505,
            38.516646,
            3682.09765625
          ],
          [
            -109.224562,
            38.516525,
            3684.19921875
          ],
          [
            -109.224597,
            38.516421,
            3686.59765625
          ],
          [
            -109.224609,
            38.516335,
            3688.8984375
          ],
          [
            -109.224619,
            38.516155,
            3693.3984375
          ],
          [
            -109.224597,
            38.516071,
            3696.19921875
          ],
          [
            -109.224526,
            38.51589,
            3700.69921875
          ],
          [
            -109.224371,
            38.51568,
            3704.69921875
          ],
          [
            -109.22424,
            38.515559,
            3705.3984375
          ],
          [
            -109.224024,
            38.515432,
            3707.8984375
          ],
          [
            -109.223791,
            38.515345,
            3712.0
          ],
          [
            -109.223539,
            38.515285,
            3716.796875
          ],
          [
            -109.22337,
            38.515205,
            3722.5
          ],
          [
            -109.223208,
            38.515105,
            3729.19921875
          ],
          [
            -109.223087,
            38.515051,
            3730.8984375
          ],
          [
            -109.222949,
            38.515026,
            3731.59765625
          ],
          [
            -109.222702,
            38.515011,
            3732.0
          ],
          [
            -109.222447,
            38.515005,
            3731.09765625
          ],
          [
            -109.222813,
            38.514963,
            3731.796875
          ],
          [
            -109.222901,
            38.51492,
            3731.09765625
          ],
          [
            -109.22296,
            38.514868,
            3730.09765625
          ],
          [
            -109.22296,
            38.514868,
            3730.09765625
          ],
          [
            -109.223013,
            38.514822,
            3728.09765625
          ],
          [
            -109.223108,
            38.514683,
            3721.09765625
          ],
          [
            -109.223198,
            38.51452,
            3713.0
          ],
          [
            -109.223224,
            38.514208,
            3700.69921875
          ],
          [
            -109.223245,
            38.514131,
            3697.09765625
          ],
          [
            -109.22323,
            38.514064,
            3694.69921875
          ],
          [
            -109.223084,
            38.513741,
            3686.296875
          ],
          [
            -109.223033,
            38.513694,
            3685.0
          ],
          [
            -109.223032,
            38.513674,
            3684.296875
          ],
          [
            -109.22304,
            38.513639,
            3683.19921875
          ],
          [
            -109.223048,
            38.513605,
            3682.0
          ],
          [
            -109.223157,
            38.513468,
            3675.796875
          ],
          [
            -109.223232,
            38.513316,
            3669.59765625
          ],
          [
            -109.223282,
            38.513204,
            3664.796875
          ],
          [
            -109.223313,
            38.513091,
            3661.19921875
          ],
          [
            -109.22333,
            38.512954,
            3657.0
          ],
          [
            -109.223331,
            38.512906,
            3655.796875
          ],
          [
            -109.223339,
            38.512877,
            3655.0
          ],
          [
            -109.22335,
            38.51286,
            3654.296875
          ],
          [
            -109.223362,
            38.512828,
            3653.3984375
          ],
          [
            -109.223367,
            38.512738,
            3651.09765625
          ],
          [
            -109.223369,
            38.512671,
            3649.5
          ],
          [
            -109.223376,
            38.512626,
            3648.3984375
          ],
          [
            -109.22338,
            38.512581,
            3647.0
          ],
          [
            -109.223378,
            38.512548,
            3646.09765625
          ],
          [
            -109.22338,
            38.512518,
            3645.19921875
          ],
          [
            -109.223389,
            38.512496,
            3644.59765625
          ],
          [
            -109.223405,
            38.512469,
            3643.59765625
          ],
          [
            -109.223453,
            38.512343,
            3639.59765625
          ],
          [
            -109.223479,
            38.512236,
            3636.8984375
          ],
          [
            -109.223492,
            38.512076,
            3633.0
          ],
          [
            -109.223498,
            38.512001,
            3630.796875
          ],
          [
            -109.223516,
            38.511934,
            3628.8984375
          ],
          [
            -109.223546,
            38.511881,
            3627.69921875
          ],
          [
            -109.223592,
            38.51184,
            3626.796875
          ],
          [
            -109.223639,
            38.511772,
            3624.5
          ],
          [
            -109.223651,
            38.511753,
            3623.796875
          ],
          [
            -109.223663,
            38.511663,
            3620.796875
          ],
          [
            -109.22367,
            38.51162,
            3619.5
          ],
          [
            -109.223724,
            38.511512,
            3615.69921875
          ],
          [
            -109.223753,
            38.511441,
            3613.296875
          ],
          [
            -109.223769,
            38.511325,
            3609.8984375
          ],
          [
            -109.223776,
            38.51122,
            3606.296875
          ],
          [
            -109.223796,
            38.511155,
            3604.19921875
          ],
          [
            -109.223814,
            38.511125,
            3603.19921875
          ],
          [
            -109.223823,
            38.511109,
            3602.5
          ],
          [
            -109.22384,
            38.511097,
            3602.09765625
          ],
          [
            -109.223881,
            38.511072,
            3601.19921875
          ],
          [
            -109.2239,
            38.511054,
            3600.3984375
          ],
          [
            -109.223905,
            38.51104,
            3600.0
          ],
          [
            -109.223907,
            38.511026,
            3599.69921875
          ],
          [
            -109.22391,
            38.511015,
            3599.3984375
          ],
          [
            -109.223918,
            38.511006,
            3599.0
          ],
          [
            -109.223929,
            38.510999,
            3598.59765625
          ],
          [
            -109.223961,
            38.510987,
            3598.0
          ],
          [
            -109.223994,
            38.510963,
            3596.796875
          ],
          [
            -109.224034,
            38.510922,
            3595.09765625
          ],
          [
            -109.22405,
            38.510893,
            3593.8984375
          ],
          [
            -109.224056,
            38.510852,
            3592.3984375
          ],
          [
            -109.224055,
            38.510833,
            3591.59765625
          ],
          [
            -109.224046,
            38.510812,
            3591.0
          ],
          [
            -109.224027,
            38.510784,
            3590.09765625
          ],
          [
            -109.224022,
            38.510775,
            3590.09765625
          ],
          [
            -109.224023,
            38.510766,
            3589.796875
          ],
          [
            -109.224038,
            38.510752,
            3588.8984375
          ],
          [
            -109.224067,
            38.510736,
            3588.296875
          ],
          [
            -109.224092,
            38.510726,
            3587.796875
          ],
          [
            -109.22411,
            38.510715,
            3587.0
          ],
          [
            -109.22414,
            38.510654,
            3584.296875
          ],
          [
            -109.224166,
            38.510618,
            3582.69921875
          ],
          [
            -109.224217,
            38.510596,
            3580.59765625
          ],
          [
            -109.224234,
            38.51059,
            3580.0
          ],
          [
            -109.224243,
            38.510588,
            3579.796875
          ],
          [
            -109.224257,
            38.510589,
            3579.296875
          ],
          [
            -109.224285,
            38.5106,
            3579.0
          ],
          [
            -109.224294,
            38.510605,
            3579.296875
          ],
          [
            -109.224312,
            38.510614,
            3578.8984375
          ],
          [
            -109.224324,
            38.510621,
            3579.0
          ],
          [
            -109.224331,
            38.510623,
            3578.69921875
          ],
          [
            -109.224335,
            38.510621,
            3578.5
          ],
          [
            -109.224335,
            38.510617,
            3578.5
          ],
          [
            -109.224327,
            38.510609,
            3578.3984375
          ],
          [
            -109.224271,
            38.510565,
            3578.296875
          ],
          [
            -109.224266,
            38.510558,
            3577.8984375
          ],
          [
            -109.224264,
            38.510554,
            3577.796875
          ],
          [
            -109.224265,
            38.51055,
            3577.59765625
          ],
          [
            -109.224271,
            38.510538,
            3577.19921875
          ],
          [
            -109.224269,
            38.510527,
            3576.796875
          ],
          [
            -109.224264,
            38.510515,
            3576.59765625
          ],
          [
            -109.224262,
            38.510504,
            3575.8984375
          ],
          [
            -109.224264,
            38.510484,
            3575.09765625
          ],
          [
            -109.224272,
            38.510465,
            3574.5
          ],
          [
            -109.224284,
            38.510432,
            3572.8984375
          ],
          [
            -109.224284,
            38.510421,
            3572.5
          ],
          [
            -109.224275,
            38.510406,
            3572.09765625
          ],
          [
            -109.22426,
            38.510388,
            3571.796875
          ],
          [
            -109.224256,
            38.510377,
            3571.3984375
          ],
          [
            -109.224257,
            38.510362,
            3570.796875
          ],
          [
            -109.22427,
            38.510346,
            3570.296875
          ],
          [
            -109.224269,
            38.510326,
            3569.59765625
          ],
          [
            -109.224266,
            38.510302,
            3568.59765625
          ],
          [
            -109.224269,
            38.51029,
            3568.296875
          ],
          [
            -109.224284,
            38.510279,
            3567.796875
          ],
          [
            -109.224311,
            38.510266,
            3567.19921875
          ],
          [
            -109.224357,
            38.51025,
            3566.09765625
          ],
          [
            -109.224383,
            38.510238,
            3565.5
          ],
          [
            -109.224397,
            38.510227,
            3565.0
          ],
          [
            -109.224414,
            38.5102,
            3564.09765625
          ],
          [
            -109.224428,
            38.510167,
            3563.0
          ],
          [
            -109.224425,
            38.510099,
            3560.296875
          ],
          [
            -109.224419,
            38.510077,
            3559.3984375
          ],
          [
            -109.22441,
            38.510063,
            3558.59765625
          ],
          [
            -109.224294,
            38.509986,
            3556.09765625
          ],
          [
            -109.224211,
            38.50993,
            3553.8984375
          ],
          [
            -109.224195,
            38.509916,
            3553.5
          ],
          [
            -109.224189,
            38.509908,
            3553.09765625
          ],
          [
            -109.22419,
            38.5099,
            3552.69921875
          ],
          [
            -109.224202,
            38.509892,
            3552.09765625
          ],
          [
            -109.224242,
            38.509874,
            3550.8984375
          ],
          [
            -109.224328,
            38.509851,
            3549.3984375
          ],
          [
            -109.224561,
            38.509815,
            3545.8984375
          ],
          [
            -109.224578,
            38.509811,
            3545.296875
          ],
          [
            -109.224594,
            38.509804,
            3544.796875
          ],
          [
            -109.224598,
            38.509796,
            3544.69921875
          ],
          [
            -109.224593,
            38.50979,
            3544.5
          ],
          [
            -109.224581,
            38.509783,
            3544.296875
          ],
          [
            -109.224258,
            38.509637,
            3541.296875
          ],
          [
            -109.224245,
            38.509631,
            3540.8984375
          ],
          [
            -109.224238,
            38.509625,
            3540.8984375
          ],
          [
            -109.224236,
            38.509617,
            3540.5
          ],
          [
            -109.224242,
            38.509612,
            3540.09765625
          ],
          [
            -109.224254,
            38.509609,
            3540.09765625
          ],
          [
            -109.224304,
            38.5096,
            3539.69921875
          ],
          [
            -109.224589,
            38.509541,
            3536.0
          ],
          [
            -109.224768,
            38.509511,
            3533.296875
          ],
          [
            -109.224815,
            38.509503,
            3532.3984375
          ],
          [
            -109.224831,
            38.5095,
            3532.296875
          ],
          [
            -109.224843,
            38.509493,
            3531.8984375
          ],
          [
            -109.224851,
            38.509487,
            3531.796875
          ],
          [
            -109.224854,
            38.50947,
            3531.296875
          ],
          [
            -109.224853,
            38.509381,
            3529.0
          ],
          [
            -109.224851,
            38.509353,
            3528.19921875
          ],
          [
            -109.224853,
            38.509324,
            3527.3984375
          ],
          [
            -109.224857,
            38.509306,
            3527.09765625
          ],
          [
            -109.224871,
            38.509291,
            3526.69921875
          ],
          [
            -109.224888,
            38.50928,
            3526.3984375
          ],
          [
            -109.224904,
            38.509267,
            3526.19921875
          ],
          [
            -109.224922,
            38.509222,
            3525.296875
          ],
          [
            -109.224948,
            38.509112,
            3523.3984375
          ],
          [
            -109.224974,
            38.508893,
            3520.59765625
          ],
          [
            -109.224981,
            38.50879,
            3519.3984375
          ],
          [
            -109.224988,
            38.508741,
            3518.8984375
          ],
          [
            -109.225034,
            38.508616,
            3517.3984375
          ],
          [
            -109.225094,
            38.508522,
            3516.09765625
          ],
          [
            -109.225221,
            38.508371,
            3513.796875
          ],
          [
            -109.225275,
            38.508324,
            3512.796875
          ],
          [
            -109.225353,
            38.508277,
            3511.5
          ],
          [
            -109.22541,
            38.508249,
            3510.3984375
          ],
          [
            -109.225442,
            38.508236,
            3509.8984375
          ],
          [
            -109.225465,
            38.508232,
            3509.3984375
          ],
          [
            -109.225503,
            38.508235,
            3509.296875
          ],
          [
            -109.225532,
            38.508245,
            3509.09765625
          ],
          [
            -109.225576,
            38.508268,
            3508.69921875
          ],
          [
            -109.225624,
            38.508303,
            3508.3984375
          ],
          [
            -109.225636,
            38.508311,
            3508.19921875
          ],
          [
            -109.225649,
            38.508314,
            3508.0
          ],
          [
            -109.225661,
            38.508314,
            3507.796875
          ],
          [
            -109.225675,
            38.508309,
            3507.5
          ],
          [
            -109.225681,
            38.508302,
            3507.3984375
          ],
          [
            -109.225684,
            38.508284,
            3507.19921875
          ],
          [
            -109.22568,
            38.508074,
            3504.59765625
          ],
          [
            -109.225684,
            38.50804,
            3504.19921875
          ],
          [
            -109.225693,
            38.508012,
            3503.69921875
          ],
          [
            -109.225715,
            38.507983,
            3503.0
          ],
          [
            -109.225739,
            38.50795,
            3502.3984375
          ],
          [
            -109.225791,
            38.507808,
            3500.19921875
          ],
          [
            -109.225807,
            38.507693,
            3498.69921875
          ],
          [
            -109.225814,
            38.507675,
            3498.59765625
          ],
          [
            -109.225821,
            38.507667,
            3498.3984375
          ],
          [
            -109.225829,
            38.507663,
            3498.19921875
          ],
          [
            -109.225917,
            38.507655,
            3497.59765625
          ],
          [
            -109.225941,
            38.507655,
            3497.3984375
          ],
          [
            -109.225963,
            38.507661,
            3497.19921875
          ],
          [
            -109.225979,
            38.507672,
            3497.19921875
          ],
          [
            -109.226,
            38.507679,
            3497.09765625
          ],
          [
            -109.226016,
            38.507681,
            3496.8984375
          ],
          [
            -109.226037,
            38.507679,
            3496.69921875
          ],
          [
            -109.226057,
            38.507672,
            3496.5
          ],
          [
            -109.226076,
            38.50766,
            3496.296875
          ],
          [
            -109.226148,
            38.50758,
            3495.296875
          ],
          [
            -109.226156,
            38.507567,
            3495.09765625
          ],
          [
            -109.226174,
            38.50752,
            3494.59765625
          ],
          [
            -109.226188,
            38.507447,
            3493.8984375
          ],
          [
            -109.226203,
            38.507349,
            3492.796875
          ],
          [
            -109.226241,
            38.507265,
            3491.5
          ],
          [
            -109.226259,
            38.507232,
            3491.09765625
          ],
          [
            -109.22628,
            38.507199,
            3490.796875
          ],
          [
            -109.226291,
            38.507186,
            3490.69921875
          ],
          [
            -109.226297,
            38.507175,
            3490.5
          ],
          [
            -109.226298,
            38.507166,
            3490.5
          ],
          [
            -109.226296,
            38.50716,
            3490.3984375
          ],
          [
            -109.22629,
            38.507156,
            3490.296875
          ],
          [
            -109.226254,
            38.507146,
            3490.0
          ],
          [
            -109.226148,
            38.507133,
            3489.09765625
          ],
          [
            -109.226051,
            38.507127,
            3488.69921875
          ],
          [
            -109.226025,
            38.507126,
            3488.59765625
          ],
          [
            -109.225999,
            38.50712,
            3488.296875
          ],
          [
            -109.225975,
            38.507111,
            3488.09765625
          ],
          [
            -109.225953,
            38.507103,
            3487.796875
          ],
          [
            -109.225905,
            38.507074,
            3486.8984375
          ],
          [
            -109.225778,
            38.506995,
            3484.19921875
          ],
          [
            -109.225659,
            38.506936,
            3481.69921875
          ],
          [
            -109.225609,
            38.50692,
            3480.796875
          ],
          [
            -109.225534,
            38.50691,
            3480.0
          ],
          [
            -109.22546,
            38.506912,
            3479.796875
          ],
          [
            -109.225389,
            38.506918,
            3479.8984375
          ],
          [
            -109.225378,
            38.506918,
            3479.8984375
          ],
          [
            -109.225372,
            38.506915,
            3479.8984375
          ],
          [
            -109.22537,
            38.506908,
            3479.5
          ],
          [
            -109.225375,
            38.506901,
            3479.09765625
          ],
          [
            -109.225398,
            38.50689,
            3478.796875
          ],
          [
            -109.225637,
            38.506766,
            3475.0
          ],
          [
            -109.225804,
            38.506664,
            3472.69921875
          ],
          [
            -109.225916,
            38.506585,
            3473.0
          ],
          [
            -109.225948,
            38.506554,
            3472.59765625
          ],
          [
            -109.225978,
            38.506515,
            3472.5
          ],
          [
            -109.225994,
            38.506491,
            3472.09765625
          ],
          [
            -109.225996,
            38.506475,
            3472.19921875
          ],
          [
            -109.225993,
            38.50646,
            3471.5
          ],
          [
            -109.225971,
            38.5064,
            3469.69921875
          ],
          [
            -109.225968,
            38.506388,
            3469.5
          ],
          [
            -109.225971,
            38.506375,
            3469.296875
          ],
          [
            -109.225986,
            38.506348,
            3469.09765625
          ],
          [
            -109.22599,
            38.506337,
            3468.8984375
          ],
          [
            -109.22599,
            38.50633,
            3468.69921875
          ],
          [
            -109.225984,
            38.506326,
            3468.3984375
          ],
          [
            -109.22598,
            38.506327,
            3468.3984375
          ],
          [
            -109.225958,
            38.506343,
            3468.09765625
          ],
          [
            -109.225912,
            38.506388,
            3468.0
          ],
          [
            -109.225898,
            38.506405,
            3468.09765625
          ],
          [
            -109.225883,
            38.506418,
            3467.796875
          ],
          [
            -109.225862,
            38.506424,
            3467.296875
          ],
          [
            -109.225618,
            38.506455,
            3461.796875
          ],
          [
            -109.225604,
            38.506455,
            3461.19921875
          ],
          [
            -109.225595,
            38.506446,
            3461.0
          ],
          [
            -109.2256,
            38.50643,
            3460.3984375
          ],
          [
            -109.22564,
            38.506376,
            3460.19921875
          ],
          [
            -109.225867,
            38.506077,
            3461.59765625
          ],
          [
            -109.226009,
            38.505861,
            3462.5
          ],
          [
            -109.226042,
            38.505788,
            3462.296875
          ],
          [
            -109.22605,
            38.505746,
            3462.0
          ],
          [
            -109.22605,
            38.505703,
            3461.296875
          ],
          [
            -109.226026,
            38.50566,
            3460.19921875
          ],
          [
            -109.225996,
            38.505581,
            3458.296875
          ],
          [
            -109.225985,
            38.505532,
            3457.3984375
          ],
          [
            -109.225982,
            38.50548,
            3456.5
          ],
          [
            -109.226005,
            38.505332,
            3455.59765625
          ],
          [
            -109.226005,
            38.505332,
            3455.59765625
          ],
          [
            -109.226045,
            38.50508,
            3453.5
          ],
          [
            -109.226061,
            38.504997,
            3452.09765625
          ],
          [
            -109.226067,
            38.504944,
            3451.0
          ],
          [
            -109.2261,
            38.504884,
            3450.19921875
          ],
          [
            -109.22613,
            38.504847,
            3449.69921875
          ],
          [
            -109.226157,
            38.504796,
            3448.0
          ],
          [
            -109.226171,
            38.504756,
            3446.59765625
          ],
          [
            -109.226168,
            38.504706,
            3444.59765625
          ],
          [
            -109.226138,
            38.504666,
            3443.09765625
          ],
          [
            -109.225919,
            38.504413,
            3433.796875
          ],
          [
            -109.225892,
            38.504379,
            3432.69921875
          ],
          [
            -109.225867,
            38.504343,
            3431.19921875
          ],
          [
            -109.22587,
            38.504306,
            3430.19921875
          ],
          [
            -109.225884,
            38.504285,
            3429.59765625
          ],
          [
            -109.225933,
            38.504253,
            3428.59765625
          ],
          [
            -109.22599,
            38.504225,
            3428.09765625
          ],
          [
            -109.226018,
            38.504202,
            3427.296875
          ],
          [
            -109.226028,
            38.504167,
            3426.59765625
          ],
          [
            -109.22602,
            38.50412,
            3425.296875
          ],
          [
            -109.226039,
            38.504033,
            3423.09765625
          ],
          [
            -109.226059,
            38.503992,
            3422.19921875
          ],
          [
            -109.226091,
            38.50396,
            3421.5
          ],
          [
            -109.226157,
            38.503934,
            3420.69921875
          ],
          [
            -109.226206,
            38.503932,
            3420.5
          ],
          [
            -109.226277,
            38.503939,
            3420.5
          ],
          [
            -109.226381,
            38.503947,
            3420.3984375
          ],
          [
            -109.22649,
            38.503949,
            3420.0
          ],
          [
            -109.226534,
            38.503949,
            3419.796875
          ],
          [
            -109.226627,
            38.503919,
            3418.796875
          ],
          [
            -109.226671,
            38.503911,
            3418.3984375
          ],
          [
            -109.22675,
            38.503911,
            3417.8984375
          ],
          [
            -109.226889,
            38.503932,
            3417.5
          ],
          [
            -109.226955,
            38.503943,
            3417.3984375
          ],
          [
            -109.227048,
            38.503934,
            3416.5
          ],
          [
            -109.227171,
            38.503915,
            3415.5
          ],
          [
            -109.227269,
            38.50387,
            3413.19921875
          ],
          [
            -109.227362,
            38.503829,
            3411.59765625
          ],
          [
            -109.227452,
            38.50375,
            3409.0
          ],
          [
            -109.227526,
            38.50366,
            3407.796875
          ],
          [
            -109.227602,
            38.503545,
            3407.09765625
          ],
          [
            -109.22753,
            38.503419,
            3406.796875
          ],
          [
            -109.227406,
            38.503297,
            3406.0
          ],
          [
            -109.227047,
            38.503075,
            3397.09765625
          ],
          [
            -109.226665,
            38.50278,
            3387.59765625
          ],
          [
            -109.226321,
            38.502607,
            3375.8984375
          ],
          [
            -109.226193,
            38.502532,
            3376.69921875
          ],
          [
            -109.226142,
            38.5025,
            3376.796875
          ],
          [
            -109.226128,
            38.502494,
            3377.09765625
          ],
          [
            -109.226114,
            38.502499,
            3376.0
          ],
          [
            -109.226108,
            38.502511,
            3375.5
          ],
          [
            -109.22611,
            38.502528,
            3374.5
          ],
          [
            -109.226117,
            38.502543,
            3374.19921875
          ],
          [
            -109.226186,
            38.502653,
            3371.0
          ],
          [
            -109.226209,
            38.502711,
            3371.59765625
          ],
          [
            -109.226248,
            38.502776,
            3372.796875
          ],
          [
            -109.226289,
            38.502843,
            3374.0
          ],
          [
            -109.226292,
            38.502858,
            3374.0
          ],
          [
            -109.226282,
            38.502867,
            3373.796875
          ],
          [
            -109.226265,
            38.502871,
            3373.5
          ],
          [
            -109.226234,
            38.50287,
            3372.3984375
          ],
          [
            -109.226158,
            38.502862,
            3370.3984375
          ],
          [
            -109.226111,
            38.50286,
            3369.0
          ],
          [
            -109.225986,
            38.50287,
            3367.8984375
          ],
          [
            -109.225921,
            38.502866,
            3367.296875
          ],
          [
            -109.225853,
            38.502856,
            3366.5
          ],
          [
            -109.225562,
            38.502783,
            3360.19921875
          ],
          [
            -109.225455,
            38.502765,
            3358.296875
          ],
          [
            -109.225413,
            38.502766,
            3358.09765625
          ],
          [
            -109.225219,
            38.5028,
            3356.59765625
          ],
          [
            -109.22496,
            38.502789,
            3351.09765625
          ],
          [
            -109.224652,
            38.50286,
            3350.09765625
          ],
          [
            -109.224558,
            38.502866,
            3349.3984375
          ],
          [
            -109.224498,
            38.502833,
            3348.19921875
          ],
          [
            -109.224514,
            38.502786,
            3347.69921875
          ],
          [
            -109.224657,
            38.502658,
            3346.19921875
          ],
          [
            -109.224715,
            38.502584,
            3344.296875
          ],
          [
            -109.22474,
            38.502441,
            3340.5
          ],
          [
            -109.224706,
            38.502368,
            3338.0
          ],
          [
            -109.224666,
            38.502347,
            3337.09765625
          ],
          [
            -109.224515,
            38.502314,
            3334.3984375
          ],
          [
            -109.224367,
            38.502317,
            3331.69921875
          ],
          [
            -109.224188,
            38.502394,
            3330.69921875
          ],
          [
            -109.223927,
            38.502564,
            3333.3984375
          ],
          [
            -109.223687,
            38.502778,
            3335.796875
          ],
          [
            -109.222771,
            38.503234,
            3327.19921875
          ],
          [
            -109.222689,
            38.503263,
            3326.5
          ],
          [
            -109.222604,
            38.503266,
            3324.69921875
          ],
          [
            -109.222544,
            38.503248,
            3322.3984375
          ],
          [
            -109.222352,
            38.503129,
            3315.296875
          ],
          [
            -109.222076,
            38.503051,
            3310.0
          ],
          [
            -109.221999,
            38.503015,
            3308.3984375
          ],
          [
            -109.221905,
            38.502929,
            3304.59765625
          ],
          [
            -109.22174,
            38.502725,
            3299.3984375
          ],
          [
            -109.221193,
            38.502362,
            3287.5
          ],
          [
            -109.221014,
            38.502192,
            3282.69921875
          ],
          [
            -109.2209,
            38.502084,
            3279.5
          ],
          [
            -109.22073,
            38.502019,
            3277.3984375
          ],
          [
            -109.220623,
            38.502002,
            3275.19921875
          ],
          [
            -109.220526,
            38.502012,
            3273.8984375
          ],
          [
            -109.220444,
            38.502031,
            3273.59765625
          ],
          [
            -109.220356,
            38.502051,
            3273.19921875
          ],
          [
            -109.219973,
            38.502187,
            3270.69921875
          ],
          [
            -109.219885,
            38.50219,
            3270.09765625
          ],
          [
            -109.219636,
            38.502157,
            3268.796875
          ],
          [
            -109.219553,
            38.502122,
            3268.09765625
          ],
          [
            -109.219447,
            38.502054,
            3266.3984375
          ],
          [
            -109.219262,
            38.501865,
            3264.796875
          ],
          [
            -109.218968,
            38.501618,
            3259.59765625
          ],
          [
            -109.218743,
            38.501467,
            3255.59765625
          ],
          [
            -109.218429,
            38.501195,
            3249.59765625
          ],
          [
            -109.218053,
            38.50091,
            3246.69921875
          ],
          [
            -109.217786,
            38.500521,
            3236.8984375
          ],
          [
            -109.217693,
            38.500322,
            3231.19921875
          ],
          [
            -109.217508,
            38.500056,
            3226.5
          ],
          [
            -109.21747,
            38.499954,
            3225.09765625
          ],
          [
            -109.217457,
            38.499853,
            3223.3984375
          ],
          [
            -109.217457,
            38.499853,
            3223.3984375
          ],
          [
            -109.217434,
            38.499672,
            3221.59765625
          ],
          [
            -109.217464,
            38.49914,
            3213.8984375
          ],
          [
            -109.217452,
            38.49907,
            3213.0
          ],
          [
            -109.21741,
            38.498924,
            3211.19921875
          ],
          [
            -109.217221,
            38.498516,
            3208.5
          ],
          [
            -109.21717,
            38.498074,
            3201.69921875
          ],
          [
            -109.217117,
            38.497885,
            3201.3984375
          ],
          [
            -109.217112,
            38.497796,
            3201.19921875
          ],
          [
            -109.217154,
            38.497595,
            3199.19921875
          ],
          [
            -109.217309,
            38.497283,
            3196.59765625
          ],
          [
            -109.217171,
            38.497076,
            3199.8984375
          ],
          [
            -109.217402,
            38.497026,
            3195.19921875
          ],
          [
            -109.217469,
            38.496877,
            3194.19921875
          ],
          [
            -109.217528,
            38.496805,
            3193.19921875
          ],
          [
            -109.217581,
            38.496704,
            3191.09765625
          ],
          [
            -109.217604,
            38.496612,
            3189.8984375
          ],
          [
            -109.217629,
            38.496356,
            3187.69921875
          ],
          [
            -109.217724,
            38.496146,
            3185.09765625
          ],
          [
            -109.217839,
            38.495957,
            3181.296875
          ],
          [
            -109.217918,
            38.495921,
            3179.796875
          ],
          [
            -109.217958,
            38.495905,
            3179.296875
          ],
          [
            -109.218,
            38.495887,
            3178.59765625
          ],
          [
            -109.218183,
            38.495952,
            3177.3984375
          ],
          [
            -109.218208,
            38.49596,
            3177.0
          ],
          [
            -109.218225,
            38.495962,
            3176.69921875
          ],
          [
            -109.218244,
            38.495958,
            3176.5
          ],
          [
            -109.218258,
            38.495947,
            3176.0
          ],
          [
            -109.218267,
            38.495924,
            3175.3984375
          ],
          [
            -109.218283,
            38.49587,
            3174.59765625
          ],
          [
            -109.21828,
            38.495841,
            3174.296875
          ],
          [
            -109.218259,
            38.495786,
            3173.796875
          ],
          [
            -109.218264,
            38.495752,
            3173.296875
          ],
          [
            -109.218283,
            38.495722,
            3172.69921875
          ],
          [
            -109.218312,
            38.495704,
            3172.19921875
          ],
          [
            -109.21834,
            38.495695,
            3172.09765625
          ],
          [
            -109.218373,
            38.49569,
            3172.0
          ],
          [
            -109.218401,
            38.495694,
            3172.0
          ],
          [
            -109.218426,
            38.495708,
            3172.19921875
          ],
          [
            -109.218467,
            38.495748,
            3172.69921875
          ],
          [
            -109.218496,
            38.495767,
            3173.0
          ],
          [
            -109.218525,
            38.495776,
            3173.09765625
          ],
          [
            -109.218614,
            38.495785,
            3173.3984375
          ],
          [
            -109.219125,
            38.495719,
            3172.69921875
          ],
          [
            -109.219361,
            38.495638,
            3172.09765625
          ],
          [
            -109.219398,
            38.495617,
            3172.0
          ],
          [
            -109.219432,
            38.495592,
            3171.796875
          ],
          [
            -109.21945,
            38.495561,
            3171.69921875
          ],
          [
            -109.219469,
            38.495536,
            3171.8984375
          ],
          [
            -109.219524,
            38.495508,
            3172.69921875
          ],
          [
            -109.219605,
            38.495487,
            3174.5
          ],
          [
            -109.219624,
            38.495474,
            3174.5
          ],
          [
            -109.21966,
            38.495442,
            3175.0
          ],
          [
            -109.219668,
            38.495429,
            3175.09765625
          ],
          [
            -109.219663,
            38.495412,
            3174.69921875
          ],
          [
            -109.219637,
            38.495383,
            3174.3984375
          ],
          [
            -109.219626,
            38.495362,
            3174.19921875
          ],
          [
            -109.219604,
            38.495286,
            3173.796875
          ],
          [
            -109.219576,
            38.495249,
            3173.5
          ],
          [
            -109.219564,
            38.495202,
            3173.296875
          ],
          [
            -109.219561,
            38.495168,
            3173.3984375
          ],
          [
            -109.219571,
            38.495143,
            3173.69921875
          ],
          [
            -109.219626,
            38.49509,
            3174.796875
          ],
          [
            -109.219655,
            38.495054,
            3175.19921875
          ],
          [
            -109.219684,
            38.495031,
            3175.3984375
          ],
          [
            -109.219722,
            38.495021,
            3176.09765625
          ],
          [
            -109.219754,
            38.495012,
            3176.69921875
          ],
          [
            -109.219834,
            38.494985,
            3178.19921875
          ],
          [
            -109.21996,
            38.495036,
            3181.69921875
          ],
          [
            -109.219936,
            38.495077,
            3181.69921875
          ],
          [
            -109.219873,
            38.495155,
            3180.69921875
          ],
          [
            -109.219868,
            38.495175,
            3180.69921875
          ],
          [
            -109.219871,
            38.495197,
            3180.59765625
          ],
          [
            -109.219882,
            38.495216,
            3180.796875
          ],
          [
            -109.219902,
            38.495225,
            3181.3984375
          ],
          [
            -109.219927,
            38.495222,
            3182.19921875
          ],
          [
            -109.219945,
            38.495209,
            3182.69921875
          ],
          [
            -109.219981,
            38.495171,
            3183.5
          ],
          [
            -109.220062,
            38.495128,
            3185.19921875
          ],
          [
            -109.22021,
            38.495049,
            3187.5
          ],
          [
            -109.22031,
            38.494953,
            3189.19921875
          ],
          [
            -109.220468,
            38.494448,
            3187.796875
          ],
          [
            -109.220522,
            38.49434,
            3187.296875
          ],
          [
            -109.220602,
            38.494243,
            3187.796875
          ],
          [
            -109.22083,
            38.494035,
            3189.0
          ],
          [
            -109.220919,
            38.493957,
            3188.796875
          ],
          [
            -109.221129,
            38.493835,
            3188.09765625
          ],
          [
            -109.221556,
            38.49363,
            3187.8984375
          ],
          [
            -109.221847,
            38.493456,
            3186.59765625
          ],
          [
            -109.221948,
            38.493418,
            3186.59765625
          ],
          [
            -109.222244,
            38.49337,
            3185.3984375
          ],
          [
            -109.222946,
            38.493329,
            3183.3984375
          ],
          [
            -109.223184,
            38.49325,
            3182.5
          ],
          [
            -109.223338,
            38.49322,
            3182.59765625
          ],
          [
            -109.223428,
            38.493212,
            3183.0
          ],
          [
            -109.22371,
            38.493234,
            3185.3984375
          ],
          [
            -109.223871,
            38.493275,
            3187.19921875
          ],
          [
            -109.224362,
            38.493473,
            3192.69921875
          ],
          [
            -109.224686,
            38.493513,
            3194.69921875
          ],
          [
            -109.224908,
            38.493496,
            3196.0
          ],
          [
            -109.224977,
            38.493547,
            3197.5
          ],
          [
            -109.2251,
            38.493755,
            3203.0
          ],
          [
            -109.225256,
            38.493941,
            3208.69921875
          ],
          [
            -109.225362,
            38.493979,
            3210.3984375
          ],
          [
            -109.22559,
            38.493988,
            3212.3984375
          ],
          [
            -109.226226,
            38.49411,
            3219.5
          ],
          [
            -109.226485,
            38.494134,
            3220.796875
          ],
          [
            -109.226599,
            38.494187,
            3222.3984375
          ],
          [
            -109.226697,
            38.494317,
            3225.5
          ],
          [
            -109.226804,
            38.494393,
            3227.5
          ],
          [
            -109.226923,
            38.494419,
            3228.3984375
          ],
          [
            -109.22704,
            38.494397,
            3228.3984375
          ],
          [
            -109.227091,
            38.494355,
            3227.69921875
          ],
          [
            -109.227189,
            38.494193,
            3224.796875
          ],
          [
            -109.227241,
            38.494165,
            3224.69921875
          ],
          [
            -109.227552,
            38.494091,
            3225.69921875
          ],
          [
            -109.227652,
            38.494034,
            3225.69921875
          ],
          [
            -109.227774,
            38.493885,
            3224.3984375
          ],
          [
            -109.227945,
            38.493724,
            3223.5
          ],
          [
            -109.228112,
            38.493525,
            3223.3984375
          ],
          [
            -109.228439,
            38.493187,
            3224.09765625
          ],
          [
            -109.228682,
            38.492852,
            3223.296875
          ],
          [
            -109.228725,
            38.492743,
            3222.796875
          ],
          [
            -109.228752,
            38.492513,
            3221.09765625
          ],
          [
            -109.228802,
            38.492311,
            3220.3984375
          ],
          [
            -109.228885,
            38.492101,
            3220.09765625
          ],
          [
            -109.229022,
            38.491906,
            3221.3984375
          ],
          [
            -109.229266,
            38.49144,
            3220.69921875
          ],
          [
            -109.229548,
            38.491173,
            3221.796875
          ],
          [
            -109.22983,
            38.490963,
            3223.3984375
          ],
          [
            -109.229902,
            38.490885,
            3223.796875
          ],
          [
            -109.230265,
            38.490353,
            3223.3984375
          ],
          [
            -109.230556,
            38.490079,
            3224.3984375
          ],
          [
            -109.231162,
            38.48942,
            3223.796875
          ],
          [
            -109.2313,
            38.489205,
            3223.0
          ],
          [
            -109.231408,
            38.488935,
            3221.19921875
          ],
          [
            -109.231452,
            38.488761,
            3219.5
          ],
          [
            -109.231455,
            38.4886,
            3218.3984375
          ],
          [
            -109.231437,
            38.488512,
            3217.59765625
          ],
          [
            -109.231241,
            38.488026,
            3213.296875
          ],
          [
            -109.23123,
            38.487911,
            3212.3984375
          ],
          [
            -109.23137,
            38.48762,
            3210.8984375
          ],
          [
            -109.231442,
            38.487508,
            3210.69921875
          ],
          [
            -109.231522,
            38.487434,
            3210.69921875
          ],
          [
            -109.231662,
            38.487381,
            3211.0
          ],
          [
            -109.231869,
            38.487358,
            3211.0
          ],
          [
            -109.231948,
            38.487327,
            3210.8984375
          ],
          [
            -109.232068,
            38.487239,
            3210.3984375
          ],
          [
            -109.232187,
            38.487124,
            3209.3984375
          ],
          [
            -109.23214,
            38.487032,
            3209.296875
          ],
          [
            -109.231952,
            38.486798,
            3210.0
          ],
          [
            -109.231914,
            38.486707,
            3210.0
          ],
          [
            -109.231931,
            38.486573,
            3210.0
          ],
          [
            -109.232011,
            38.486397,
            3210.0
          ],
          [
            -109.232157,
            38.486249,
            3209.3984375
          ],
          [
            -109.232217,
            38.486144,
            3209.3984375
          ],
          [
            -109.232218,
            38.486036,
            3209.796875
          ],
          [
            -109.232176,
            38.48588,
            3211.59765625
          ],
          [
            -109.232133,
            38.485678,
            3214.59765625
          ],
          [
            -109.232073,
            38.48561,
            3215.69921875
          ],
          [
            -109.231979,
            38.485517,
            3216.8984375
          ],
          [
            -109.231946,
            38.485495,
            3217.09765625
          ],
          [
            -109.231865,
            38.485447,
            3217.3984375
          ],
          [
            -109.231653,
            38.485435,
            3216.796875
          ],
          [
            -109.231228,
            38.485347,
            3216.09765625
          ],
          [
            -109.230908,
            38.485294,
            3215.296875
          ],
          [
            -109.230707,
            38.485252,
            3214.59765625
          ],
          [
            -109.230707,
            38.485252,
            3214.59765625
          ],
          [
            -109.230691,
            38.485249,
            3214.5
          ],
          [
            -109.229874,
            38.485033,
            3212.8984375
          ],
          [
            -109.229315,
            38.484853,
            3211.296875
          ],
          [
            -109.228775,
            38.484605,
            3209.59765625
          ],
          [
            -109.22841,
            38.484432,
            3206.8984375
          ],
          [
            -109.228145,
            38.484229,
            3205.59765625
          ],
          [
            -109.227867,
            38.483883,
            3205.19921875
          ],
          [
            -109.227698,
            38.483692,
            3204.69921875
          ],
          [
            -109.227538,
            38.483524,
            3204.09765625
          ],
          [
            -109.227318,
            38.483195,
            3204.296875
          ],
          [
            -109.227235,
            38.48295,
            3204.8984375
          ],
          [
            -109.227184,
            38.482325,
            3205.69921875
          ],
          [
            -109.227153,
            38.482184,
            3205.59765625
          ],
          [
            -109.227111,
            38.481997,
            3205.59765625
          ],
          [
            -109.226858,
            38.481413,
            3204.0
          ],
          [
            -109.226782,
            38.481266,
            3202.8984375
          ],
          [
            -109.226754,
            38.481102,
            3202.19921875
          ],
          [
            -109.226718,
            38.480959,
            3201.5
          ],
          [
            -109.226729,
            38.480816,
            3201.09765625
          ],
          [
            -109.226816,
            38.480643,
            3201.69921875
          ],
          [
            -109.226857,
            38.480521,
            3202.09765625
          ],
          [
            -109.226846,
            38.480456,
            3202.0
          ],
          [
            -109.22679,
            38.480385,
            3201.296875
          ],
          [
            -109.226691,
            38.480309,
            3200.19921875
          ],
          [
            -109.226509,
            38.48018,
            3198.296875
          ],
          [
            -109.226412,
            38.480123,
            3197.19921875
          ],
          [
            -109.226329,
            38.480065,
            3196.59765625
          ],
          [
            -109.226241,
            38.479928,
            3196.296875
          ],
          [
            -109.226192,
            38.479572,
            3195.59765625
          ],
          [
            -109.226203,
            38.479421,
            3195.59765625
          ],
          [
            -109.226198,
            38.479284,
            3195.5
          ],
          [
            -109.226194,
            38.479177,
            3195.0
          ],
          [
            -109.226184,
            38.479091,
            3194.5
          ],
          [
            -109.226141,
            38.478989,
            3194.09765625
          ],
          [
            -109.226007,
            38.478878,
            3193.796875
          ],
          [
            -109.22584,
            38.478748,
            3194.0
          ],
          [
            -109.225723,
            38.478607,
            3194.09765625
          ],
          [
            -109.225649,
            38.478427,
            3194.59765625
          ],
          [
            -109.225584,
            38.478126,
            3195.796875
          ],
          [
            -109.225611,
            38.477964,
            3195.5
          ],
          [
            -109.225663,
            38.477818,
            3195.796875
          ],
          [
            -109.225842,
            38.477413,
            3196.19921875
          ],
          [
            -109.226169,
            38.476952,
            3196.0
          ],
          [
            -109.22616,
            38.476841,
            3193.19921875
          ],
          [
            -109.226132,
            38.476735,
            3190.59765625
          ],
          [
            -109.226133,
            38.476655,
            3189.3984375
          ],
          [
            -109.226164,
            38.476575,
            3189.0
          ],
          [
            -109.226239,
            38.47636,
            3188.296875
          ],
          [
            -109.226269,
            38.476228,
            3187.3984375
          ],
          [
            -109.226286,
            38.476158,
            3187.296875
          ],
          [
            -109.226281,
            38.47609,
            3186.5
          ],
          [
            -109.226249,
            38.476021,
            3185.296875
          ],
          [
            -109.226199,
            38.475983,
            3184.296875
          ],
          [
            -109.22615,
            38.475961,
            3183.59765625
          ],
          [
            -109.226063,
            38.47597,
            3182.59765625
          ],
          [
            -109.225969,
            38.476002,
            3182.0
          ],
          [
            -109.225774,
            38.476085,
            3180.796875
          ],
          [
            -109.225641,
            38.476123,
            3180.296875
          ],
          [
            -109.225506,
            38.476142,
            3179.69921875
          ],
          [
            -109.225416,
            38.476137,
            3179.19921875
          ],
          [
            -109.225284,
            38.476117,
            3178.5
          ],
          [
            -109.225141,
            38.476081,
            3177.8984375
          ],
          [
            -109.224432,
            38.47587,
            3176.0
          ],
          [
            -109.224266,
            38.47582,
            3175.0
          ],
          [
            -109.22415,
            38.47574,
            3174.5
          ],
          [
            -109.224063,
            38.475641,
            3174.8984375
          ],
          [
            -109.224008,
            38.475515,
            3175.69921875
          ],
          [
            -109.223915,
            38.475384,
            3176.0
          ],
          [
            -109.223653,
            38.475285,
            3173.3984375
          ],
          [
            -109.223124,
            38.47505,
            3169.796875
          ],
          [
            -109.222996,
            38.474967,
            3168.09765625
          ],
          [
            -109.222894,
            38.474855,
            3166.59765625
          ],
          [
            -109.22284,
            38.474734,
            3166.796875
          ],
          [
            -109.222817,
            38.47464,
            3167.19921875
          ],
          [
            -109.2228,
            38.474566,
            3167.3984375
          ],
          [
            -109.222763,
            38.474514,
            3167.19921875
          ],
          [
            -109.222697,
            38.474478,
            3166.59765625
          ],
          [
            -109.222552,
            38.474449,
            3164.59765625
          ],
          [
            -109.222161,
            38.474346,
            3161.59765625
          ],
          [
            -109.221964,
            38.474292,
            3160.59765625
          ],
          [
            -109.221794,
            38.474254,
            3161.296875
          ],
          [
            -109.221654,
            38.47425,
            3161.19921875
          ],
          [
            -109.221215,
            38.474258,
            3161.19921875
          ],
          [
            -109.220682,
            38.474352,
            3162.19921875
          ],
          [
            -109.220127,
            38.47447,
            3164.09765625
          ],
          [
            -109.219778,
            38.474485,
            3166.296875
          ],
          [
            -109.21926,
            38.474493,
            3172.09765625
          ],
          [
            -109.218744,
            38.474523,
            3172.59765625
          ],
          [
            -109.218436,
            38.474524,
            3173.09765625
          ],
          [
            -109.218111,
            38.474458,
            3174.19921875
          ],
          [
            -109.217476,
            38.474351,
            3175.8984375
          ],
          [
            -109.216806,
            38.474265,
            3177.5
          ],
          [
            -109.216597,
            38.474239,
            3177.69921875
          ],
          [
            -109.216159,
            38.474162,
            3178.8984375
          ],
          [
            -109.215851,
            38.474112,
            3179.3984375
          ],
          [
            -109.21562,
            38.474083,
            3182.0
          ],
          [
            -109.215295,
            38.474008,
            3183.59765625
          ],
          [
            -109.215026,
            38.473915,
            3183.3984375
          ],
          [
            -109.21464,
            38.473745,
            3184.3984375
          ],
          [
            -109.21426,
            38.473532,
            3185.796875
          ],
          [
            -109.213957,
            38.473351,
            3186.3984375
          ],
          [
            -109.213568,
            38.473142,
            3187.296875
          ],
          [
            -109.213321,
            38.472954,
            3187.0
          ],
          [
            -109.21294,
            38.472702,
            3185.69921875
          ],
          [
            -109.21273,
            38.472597,
            3183.796875
          ],
          [
            -109.212581,
            38.472529,
            3180.19921875
          ],
          [
            -109.212378,
            38.472414,
            3177.5
          ],
          [
            -109.212229,
            38.472282,
            3175.796875
          ],
          [
            -109.2122,
            38.47213,
            3176.19921875
          ],
          [
            -109.212241,
            38.471955,
            3176.296875
          ],
          [
            -109.212426,
            38.471509,
            3177.3984375
          ],
          [
            -109.212453,
            38.471355,
            3177.09765625
          ],
          [
            -109.212371,
            38.471151,
            3173.796875
          ],
          [
            -109.212314,
            38.471033,
            3172.09765625
          ],
          [
            -109.212213,
            38.470905,
            3171.3984375
          ],
          [
            -109.212028,
            38.470833,
            3170.09765625
          ],
          [
            -109.211825,
            38.470779,
            3167.09765625
          ],
          [
            -109.211546,
            38.470629,
            3165.3984375
          ],
          [
            -109.211377,
            38.470468,
            3164.59765625
          ],
          [
            -109.211288,
            38.470277,
            3165.796875
          ],
          [
            -109.211245,
            38.470112,
            3168.0
          ],
          [
            -109.211137,
            38.469973,
            3168.19921875
          ],
          [
            -109.210968,
            38.469919,
            3167.796875
          ],
          [
            -109.210726,
            38.469951,
            3166.09765625
          ],
          [
            -109.210269,
            38.470068,
            3163.5
          ],
          [
            -109.20994,
            38.470101,
            3163.69921875
          ],
          [
            -109.209595,
            38.470092,
            3165.0
          ],
          [
            -109.209383,
            38.470071,
            3164.8984375
          ],
          [
            -109.209147,
            38.469992,
            3166.19921875
          ],
          [
            -109.208898,
            38.469806,
            3170.19921875
          ],
          [
            -109.208711,
            38.469575,
            3173.09765625
          ],
          [
            -109.208642,
            38.469393,
            3173.796875
          ],
          [
            -109.208572,
            38.46908,
            3173.796875
          ],
          [
            -109.208558,
            38.468833,
            3173.0
          ],
          [
            -109.208594,
            38.468636,
            3173.796875
          ],
          [
            -109.208624,
            38.468404,
            3175.19921875
          ],
          [
            -109.208674,
            38.468146,
            3176.5
          ],
          [
            -109.20872,
            38.467898,
            3178.19921875
          ],
          [
            -109.208699,
            38.46761,
            3178.796875
          ],
          [
            -109.208615,
            38.467318,
            3178.59765625
          ],
          [
            -109.208496,
            38.466926,
            3180.796875
          ],
          [
            -109.208352,
            38.466517,
            3186.5
          ],
          [
            -109.208254,
            38.466214,
            3188.3984375
          ],
          [
            -109.208158,
            38.465799,
            3191.296875
          ],
          [
            -109.208042,
            38.465357,
            3192.69921875
          ],
          [
            -109.207902,
            38.465043,
            3194.0
          ],
          [
            -109.207856,
            38.464909,
            3194.296875
          ],
          [
            -109.207797,
            38.464712,
            3194.5
          ],
          [
            -109.207783,
            38.464555,
            3194.796875
          ],
          [
            -109.207856,
            38.464426,
            3195.19921875
          ],
          [
            -109.207966,
            38.464358,
            3196.69921875
          ],
          [
            -109.208139,
            38.464305,
            3198.296875
          ],
          [
            -109.208386,
            38.464287,
            3198.19921875
          ],
          [
            -109.208902,
            38.464331,
            3199.796875
          ],
          [
            -109.209173,
            38.464346,
            3200.59765625
          ],
          [
            -109.209784,
            38.464417,
            3202.796875
          ],
          [
            -109.2101,
            38.464452,
            3203.59765625
          ],
          [
            -109.210417,
            38.46449,
            3204.796875
          ],
          [
            -109.210973,
            38.464546,
            3206.296875
          ],
          [
            -109.211577,
            38.464579,
            3210.19921875
          ],
          [
            -109.212159,
            38.464619,
            3213.796875
          ],
          [
            -109.21262,
            38.464644,
            3214.5
          ],
          [
            -109.212627,
            38.464644,
            3214.5
          ],
          [
            -109.212627,
            38.464644,
            3214.5
          ],
          [
            -109.212847,
            38.464644,
            3214.09765625
          ],
          [
            -109.213234,
            38.464649,
            3214.09765625
          ],
          [
            -109.213625,
            38.464642,
            3212.59765625
          ],
          [
            -109.213984,
            38.464647,
            3215.09765625
          ],
          [
            -109.21442,
            38.464672,
            3217.69921875
          ],
          [
            -109.214753,
            38.4647,
            3225.296875
          ],
          [
            -109.214966,
            38.464713,
            3229.09765625
          ],
          [
            -109.215218,
            38.464713,
            3231.5
          ],
          [
            -109.215477,
            38.464687,
            3232.8984375
          ],
          [
            -109.215722,
            38.464619,
            3229.5
          ],
          [
            -109.216026,
            38.464548,
            3227.3984375
          ],
          [
            -109.216239,
            38.464406,
            3226.796875
          ],
          [
            -109.216369,
            38.464283,
            3223.5
          ],
          [
            -109.21665,
            38.463994,
            3224.0
          ],
          [
            -109.216811,
            38.463814,
            3224.796875
          ],
          [
            -109.217057,
            38.463513,
            3223.5
          ],
          [
            -109.217251,
            38.463306,
            3225.69921875
          ],
          [
            -109.217425,
            38.46303,
            3229.296875
          ],
          [
            -109.217541,
            38.46284,
            3231.796875
          ],
          [
            -109.217674,
            38.462701,
            3232.296875
          ],
          [
            -109.217871,
            38.462641,
            3236.0
          ],
          [
            -109.218197,
            38.462585,
            3238.5
          ],
          [
            -109.218414,
            38.462499,
            3239.5
          ],
          [
            -109.218491,
            38.462433,
            3239.3984375
          ],
          [
            -109.218504,
            38.462284,
            3237.59765625
          ],
          [
            -109.218407,
            38.462092,
            3233.296875
          ],
          [
            -109.218281,
            38.461813,
            3233.59765625
          ],
          [
            -109.218097,
            38.461535,
            3234.8984375
          ],
          [
            -109.217816,
            38.461343,
            3235.0
          ],
          [
            -109.217428,
            38.461161,
            3234.0
          ],
          [
            -109.216876,
            38.460983,
            3234.3984375
          ],
          [
            -109.216475,
            38.460857,
            3239.8984375
          ],
          [
            -109.215729,
            38.460799,
            3241.8984375
          ],
          [
            -109.215063,
            38.460806,
            3241.8984375
          ],
          [
            -109.214588,
            38.460794,
            3245.09765625
          ],
          [
            -109.214236,
            38.460776,
            3245.09765625
          ],
          [
            -109.213845,
            38.460723,
            3246.69921875
          ],
          [
            -109.213386,
            38.460584,
            3248.09765625
          ],
          [
            -109.21296,
            38.460369,
            3248.5
          ],
          [
            -109.212721,
            38.460149,
            3253.796875
          ],
          [
            -109.212446,
            38.459868,
            3256.8984375
          ],
          [
            -109.211881,
            38.459417,
            3255.59765625
          ],
          [
            -109.211428,
            38.459104,
            3254.69921875
          ],
          [
            -109.211044,
            38.458757,
            3256.296875
          ],
          [
            -109.21065,
            38.458347,
            3257.19921875
          ],
          [
            -109.210381,
            38.458011,
            3257.8984375
          ],
          [
            -109.210055,
            38.457639,
            3257.296875
          ],
          [
            -109.209881,
            38.457376,
            3256.59765625
          ],
          [
            -109.209816,
            38.457158,
            3257.19921875
          ],
          [
            -109.209806,
            38.456956,
            3256.69921875
          ],
          [
            -109.209919,
            38.456814,
            3257.59765625
          ],
          [
            -109.210091,
            38.456715,
            3256.8984375
          ],
          [
            -109.210268,
            38.456647,
            3256.69921875
          ],
          [
            -109.210766,
            38.45647,
            3252.8984375
          ],
          [
            -109.211477,
            38.456282,
            3245.296875
          ],
          [
            -109.211955,
            38.456207,
            3246.296875
          ],
          [
            -109.212304,
            38.456143,
            3245.19921875
          ],
          [
            -109.212895,
            38.456027,
            3243.796875
          ],
          [
            -109.213402,
            38.455944,
            3240.19921875
          ],
          [
            -109.213971,
            38.455812,
            3235.296875
          ],
          [
            -109.214514,
            38.455675,
            3230.8984375
          ],
          [
            -109.214831,
            38.455587,
            3231.09765625
          ],
          [
            -109.215244,
            38.45544,
            3228.8984375
          ],
          [
            -109.21536,
            38.455334,
            3226.69921875
          ],
          [
            -109.215271,
            38.455137,
            3222.0
          ],
          [
            -109.215179,
            38.455157,
            3221.796875
          ],
          [
            -109.215073,
            38.455169,
            3221.19921875
          ],
          [
            -109.214898,
            38.45523,
            3221.09765625
          ],
          [
            -109.214795,
            38.455263,
            3220.8984375
          ],
          [
            -109.214679,
            38.455296,
            3220.3984375
          ],
          [
            -109.214507,
            38.455334,
            3218.8984375
          ],
          [
            -109.214362,
            38.455382,
            3218.0
          ],
          [
            -109.214204,
            38.455405,
            3217.09765625
          ],
          [
            -109.213952,
            38.455422,
            3215.59765625
          ],
          [
            -109.213819,
            38.455425,
            3214.5
          ],
          [
            -109.213599,
            38.455425,
            3211.5
          ],
          [
            -109.213454,
            38.455412,
            3209.69921875
          ],
          [
            -109.21326,
            38.4554,
            3208.5
          ],
          [
            -109.212912,
            38.455341,
            3206.5
          ],
          [
            -109.212624,
            38.455313,
            3205.296875
          ],
          [
            -109.212299,
            38.455263,
            3203.19921875
          ],
          [
            -109.211925,
            38.455234,
            3199.09765625
          ],
          [
            -109.211518,
            38.455206,
            3193.69921875
          ],
          [
            -109.211248,
            38.455106,
            3190.5
          ],
          [
            -109.211056,
            38.454841,
            3188.3984375
          ],
          [
            -109.210874,
            38.454608,
            3185.5
          ],
          [
            -109.210814,
            38.454401,
            3183.3984375
          ],
          [
            -109.210901,
            38.454114,
            3180.09765625
          ],
          [
            -109.211128,
            38.453878,
            3179.0
          ],
          [
            -109.211203,
            38.45379,
            3178.19921875
          ],
          [
            -109.21123,
            38.453714,
            3177.59765625
          ],
          [
            -109.211115,
            38.4536,
            3176.0
          ],
          [
            -109.211011,
            38.453511,
            3174.3984375
          ],
          [
            -109.210925,
            38.453429,
            3173.5
          ],
          [
            -109.210868,
            38.453374,
            3172.796875
          ],
          [
            -109.210819,
            38.453298,
            3172.19921875
          ],
          [
            -109.21081,
            38.453217,
            3171.796875
          ],
          [
            -109.210844,
            38.4531,
            3171.0
          ],
          [
            -109.210978,
            38.452934,
            3170.19921875
          ],
          [
            -109.21106,
            38.452861,
            3170.19921875
          ],
          [
            -109.211095,
            38.452783,
            3169.8984375
          ],
          [
            -109.211095,
            38.452662,
            3169.09765625
          ],
          [
            -109.211038,
            38.452533,
            3167.69921875
          ],
          [
            -109.210958,
            38.452389,
            3166.09765625
          ],
          [
            -109.210846,
            38.452266,
            3164.5
          ],
          [
            -109.210711,
            38.452194,
            3162.69921875
          ],
          [
            -109.210581,
            38.45215,
            3161.3984375
          ],
          [
            -109.210418,
            38.452124,
            3159.69921875
          ],
          [
            -109.210248,
            38.452148,
            3157.8984375
          ],
          [
            -109.210134,
            38.452198,
            3156.5
          ],
          [
            -109.21006,
            38.452264,
            3156.0
          ],
          [
            -109.209832,
            38.452447,
            3154.5
          ],
          [
            -109.209521,
            38.452608,
            3152.3984375
          ],
          [
            -109.209283,
            38.452719,
            3150.296875
          ],
          [
            -109.209032,
            38.452792,
            3147.3984375
          ],
          [
            -109.2089,
            38.452883,
            3146.69921875
          ],
          [
            -109.208753,
            38.453148,
            3144.0
          ],
          [
            -109.208164,
            38.453477,
            3138.59765625
          ],
          [
            -109.207757,
            38.453753,
            3135.69921875
          ],
          [
            -109.207401,
            38.454046,
            3132.3984375
          ],
          [
            -109.207172,
            38.45425,
            3130.59765625
          ],
          [
            -109.206926,
            38.454411,
            3128.5
          ],
          [
            -109.206793,
            38.45459,
            3127.19921875
          ],
          [
            -109.206615,
            38.454791,
            3123.59765625
          ],
          [
            -109.206515,
            38.454815,
            3122.0
          ],
          [
            -109.206431,
            38.454813,
            3120.796875
          ],
          [
            -109.206376,
            38.454777,
            3120.09765625
          ],
          [
            -109.206359,
            38.454723,
            3120.0
          ],
          [
            -109.206405,
            38.454494,
            3120.69921875
          ],
          [
            -109.206492,
            38.454254,
            3120.296875
          ],
          [
            -109.206519,
            38.454014,
            3118.69921875
          ],
          [
            -109.206505,
            38.453792,
            3116.19921875
          ],
          [
            -109.206539,
            38.453667,
            3115.296875
          ],
          [
            -109.206609,
            38.453556,
            3115.09765625
          ],
          [
            -109.206701,
            38.453484,
            3115.59765625
          ],
          [
            -109.20678,
            38.453411,
            3116.296875
          ],
          [
            -109.206781,
            38.453338,
            3115.8984375
          ],
          [
            -109.206733,
            38.453267,
            3114.59765625
          ],
          [
            -109.206622,
            38.453239,
            3112.796875
          ],
          [
            -109.206494,
            38.453255,
            3111.3984375
          ],
          [
            -109.206349,
            38.453303,
            3110.09765625
          ],
          [
            -109.206214,
            38.453359,
            3109.296875
          ],
          [
            -109.205821,
            38.453561,
            3105.796875
          ],
          [
            -109.205437,
            38.453734,
            3100.796875
          ],
          [
            -109.205004,
            38.453959,
            3096.0
          ],
          [
            -109.204786,
            38.454077,
            3093.796875
          ],
          [
            -109.204573,
            38.454179,
            3090.796875
          ],
          [
            -109.204252,
            38.454301,
            3086.8984375
          ],
          [
            -109.204252,
            38.454301,
            3086.8984375
          ],
          [
            -109.204241,
            38.454305,
            3086.796875
          ],
          [
            -109.203942,
            38.454425,
            3085.296875
          ],
          [
            -109.203505,
            38.454575,
            3082.296875
          ],
          [
            -109.203254,
            38.454651,
            3080.59765625
          ],
          [
            -109.202963,
            38.454759,
            3077.796875
          ],
          [
            -109.202856,
            38.454781,
            3076.69921875
          ],
          [
            -109.202735,
            38.454782,
            3075.8984375
          ],
          [
            -109.202552,
            38.454777,
            3075.8984375
          ],
          [
            -109.202374,
            38.454778,
            3075.3984375
          ],
          [
            -109.201995,
            38.454823,
            3073.796875
          ],
          [
            -109.20192,
            38.454839,
            3073.3984375
          ],
          [
            -109.201854,
            38.45486,
            3073.3984375
          ],
          [
            -109.201726,
            38.454901,
            3073.3984375
          ],
          [
            -109.201578,
            38.454978,
            3072.3984375
          ],
          [
            -109.20142,
            38.455044,
            3071.19921875
          ],
          [
            -109.201324,
            38.455065,
            3070.8984375
          ],
          [
            -109.201215,
            38.455078,
            3070.59765625
          ],
          [
            -109.201094,
            38.455071,
            3070.69921875
          ],
          [
            -109.200993,
            38.455048,
            3070.5
          ],
          [
            -109.20092,
            38.455022,
            3070.59765625
          ],
          [
            -109.200616,
            38.454949,
            3069.0
          ],
          [
            -109.200282,
            38.454851,
            3066.09765625
          ],
          [
            -109.200015,
            38.454792,
            3064.19921875
          ],
          [
            -109.199883,
            38.454777,
            3063.09765625
          ],
          [
            -109.199759,
            38.454777,
            3062.296875
          ],
          [
            -109.199535,
            38.454861,
            3060.0
          ],
          [
            -109.19935,
            38.454935,
            3056.8984375
          ],
          [
            -109.199211,
            38.454965,
            3054.19921875
          ],
          [
            -109.19911,
            38.454987,
            3052.8984375
          ],
          [
            -109.19878,
            38.455021,
            3051.69921875
          ],
          [
            -109.198613,
            38.454985,
            3051.5
          ],
          [
            -109.198428,
            38.454949,
            3050.796875
          ],
          [
            -109.19825,
            38.454821,
            3050.296875
          ],
          [
            -109.198255,
            38.454724,
            3050.0
          ],
          [
            -109.198369,
            38.454542,
            3050.19921875
          ],
          [
            -109.198446,
            38.454431,
            3050.59765625
          ],
          [
            -109.198542,
            38.454309,
            3050.796875
          ],
          [
            -109.19866,
            38.454171,
            3052.19921875
          ],
          [
            -109.198762,
            38.454051,
            3053.3984375
          ],
          [
            -109.198766,
            38.453833,
            3055.296875
          ],
          [
            -109.198611,
            38.45364,
            3056.796875
          ],
          [
            -109.198337,
            38.453543,
            3057.296875
          ],
          [
            -109.197926,
            38.453525,
            3057.0
          ],
          [
            -109.197528,
            38.453579,
            3055.296875
          ],
          [
            -109.196724,
            38.453729,
            3055.8984375
          ],
          [
            -109.195883,
            38.45393,
            3062.5
          ],
          [
            -109.195618,
            38.453981,
            3064.09765625
          ],
          [
            -109.19408,
            38.45429,
            3076.296875
          ],
          [
            -109.193705,
            38.454469,
            3075.59765625
          ],
          [
            -109.193157,
            38.454759,
            3073.69921875
          ],
          [
            -109.192641,
            38.454973,
            3073.59765625
          ],
          [
            -109.192207,
            38.455034,
            3074.0
          ],
          [
            -109.191795,
            38.45503,
            3074.3984375
          ],
          [
            -109.191098,
            38.454993,
            3071.3984375
          ],
          [
            -109.19084,
            38.454905,
            3069.09765625
          ],
          [
            -109.190667,
            38.454594,
            3065.69921875
          ],
          [
            -109.190557,
            38.454215,
            3062.09765625
          ],
          [
            -109.190521,
            38.453689,
            3054.59765625
          ],
          [
            -109.190798,
            38.453108,
            3050.5
          ],
          [
            -109.191134,
            38.452526,
            3047.19921875
          ],
          [
            -109.191237,
            38.452238,
            3043.59765625
          ],
          [
            -109.191411,
            38.451944,
            3041.19921875
          ],
          [
            -109.19158,
            38.451534,
            3036.3984375
          ],
          [
            -109.191535,
            38.451119,
            3030.19921875
          ],
          [
            -109.191522,
            38.450583,
            3026.59765625
          ],
          [
            -109.191548,
            38.45046,
            3026.09765625
          ],
          [
            -109.191632,
            38.450077,
            3023.69921875
          ],
          [
            -109.191599,
            38.449758,
            3019.19921875
          ],
          [
            -109.191489,
            38.449439,
            3014.5
          ],
          [
            -109.191615,
            38.449106,
            3011.59765625
          ],
          [
            -109.191767,
            38.448857,
            3008.5
          ],
          [
            -109.192019,
            38.448635,
            3005.5
          ],
          [
            -109.192362,
            38.448417,
            3003.5
          ],
          [
            -109.192662,
            38.44818,
            3001.69921875
          ],
          [
            -109.192698,
            38.447959,
            3001.296875
          ],
          [
            -109.192406,
            38.447733,
            2999.5
          ],
          [
            -109.19196,
            38.447539,
            2995.296875
          ],
          [
            -109.191313,
            38.447307,
            2989.59765625
          ],
          [
            -109.190972,
            38.447157,
            2987.09765625
          ],
          [
            -109.190779,
            38.447015,
            2985.09765625
          ],
          [
            -109.190714,
            38.44681,
            2984.19921875
          ],
          [
            -109.19066,
            38.446499,
            2980.69921875
          ],
          [
            -109.190909,
            38.446034,
            2975.8984375
          ],
          [
            -109.191258,
            38.445571,
            2969.5
          ],
          [
            -109.191614,
            38.445329,
            2966.5
          ],
          [
            -109.191989,
            38.445136,
            2965.3984375
          ],
          [
            -109.192688,
            38.444878,
            2962.5
          ],
          [
            -109.193063,
            38.444742,
            2960.3984375
          ],
          [
            -109.193428,
            38.444638,
            2958.59765625
          ],
          [
            -109.193945,
            38.444581,
            2956.0
          ],
          [
            -109.194155,
            38.444512,
            2953.296875
          ],
          [
            -109.194406,
            38.44428,
            2945.69921875
          ],
          [
            -109.194546,
            38.443941,
            2940.0
          ],
          [
            -109.194711,
            38.443649,
            2935.796875
          ],
          [
            -109.194871,
            38.443495,
            2935.0
          ],
          [
            -109.195223,
            38.443309,
            2933.69921875
          ],
          [
            -109.195547,
            38.443201,
            2933.09765625
          ],
          [
            -109.195762,
            38.443072,
            2933.69921875
          ],
          [
            -109.195671,
            38.442808,
            2929.59765625
          ],
          [
            -109.195459,
            38.442539,
            2923.0
          ],
          [
            -109.195302,
            38.442271,
            2921.09765625
          ],
          [
            -109.195036,
            38.441956,
            2916.8984375
          ],
          [
            -109.194733,
            38.441601,
            2909.19921875
          ],
          [
            -109.194645,
            38.441308,
            2908.59765625
          ],
          [
            -109.19477,
            38.440998,
            2908.296875
          ],
          [
            -109.194927,
            38.440782,
            2906.19921875
          ],
          [
            -109.195158,
            38.440532,
            2900.59765625
          ],
          [
            -109.195671,
            38.440417,
            2900.8984375
          ],
          [
            -109.1961,
            38.440327,
            2897.69921875
          ],
          [
            -109.196453,
            38.440213,
            2891.5
          ],
          [
            -109.196512,
            38.440041,
            2888.796875
          ],
          [
            -109.19611,
            38.439701,
            2885.796875
          ],
          [
            -109.195551,
            38.439388,
            2888.19921875
          ],
          [
            -109.19465,
            38.438947,
            2889.8984375
          ],
          [
            -109.193736,
            38.438651,
            2894.59765625
          ],
          [
            -109.193034,
            38.438552,
            2900.09765625
          ],
          [
            -109.191833,
            38.43866,
            2898.8984375
          ],
          [
            -109.191486,
            38.438689,
            2899.59765625
          ],
          [
            -109.191137,
            38.43875,
            2898.796875
          ],
          [
            -109.190833,
            38.438796,
            2898.09765625
          ],
          [
            -109.190587,
            38.438796,
            2899.69921875
          ],
          [
            -109.190258,
            38.438796,
            2902.59765625
          ],
          [
            -109.190032,
            38.438796,
            2903.296875
          ],
          [
            -109.189696,
            38.438775,
            2903.09765625
          ],
          [
            -109.189275,
            38.438665,
            2900.8984375
          ],
          [
            -109.188923,
            38.438586,
            2899.0
          ],
          [
            -109.188631,
            38.438532,
            2896.59765625
          ],
          [
            -109.188412,
            38.438464,
            2895.796875
          ],
          [
            -109.188375,
            38.438339,
            2895.59765625
          ],
          [
            -109.188466,
            38.43811,
            2896.19921875
          ],
          [
            -109.188626,
            38.437909,
            2896.09765625
          ],
          [
            -109.188914,
            38.437523,
            2893.3984375
          ],
          [
            -109.189207,
            38.437115,
            2890.0
          ],
          [
            -109.18938,
            38.436993,
            2887.69921875
          ],
          [
            -109.189591,
            38.436947,
            2886.69921875
          ],
          [
            -109.189947,
            38.437029,
            2889.3984375
          ],
          [
            -109.190221,
            38.437104,
            2891.796875
          ],
          [
            -109.190696,
            38.437197,
            2892.59765625
          ],
          [
            -109.190993,
            38.437221,
            2891.5
          ],
          [
            -109.191358,
            38.437201,
            2887.19921875
          ],
          [
            -109.191643,
            38.437138,
            2884.5
          ],
          [
            -109.191998,
            38.436991,
            2886.3984375
          ],
          [
            -109.192047,
            38.436847,
            2885.3984375
          ],
          [
            -109.19195,
            38.436599,
            2885.3984375
          ],
          [
            -109.19184,
            38.436386,
            2883.69921875
          ],
          [
            -109.191827,
            38.436199,
            2882.296875
          ],
          [
            -109.191843,
            38.436062,
            2881.5
          ],
          [
            -109.191895,
            38.435908,
            2883.5
          ],
          [
            -109.191924,
            38.435794,
            2882.5
          ],
          [
            -109.191795,
            38.435655,
            2882.3984375
          ],
          [
            -109.191614,
            38.43566,
            2883.0
          ],
          [
            -109.191387,
            38.435723,
            2884.8984375
          ],
          [
            -109.19121,
            38.435743,
            2882.5
          ],
          [
            -109.1911,
            38.435705,
            2882.296875
          ],
          [
            -109.190822,
            38.435488,
            2877.8984375
          ],
          [
            -109.190412,
            38.435149,
            2874.69921875
          ],
          [
            -109.190129,
            38.434988,
            2872.59765625
          ],
          [
            -109.190129,
            38.434988,
            2872.59765625
          ],
          [
            -109.189985,
            38.434906,
            2871.5
          ],
          [
            -109.189788,
            38.434734,
            2872.09765625
          ],
          [
            -109.189455,
            38.434367,
            2874.59765625
          ],
          [
            -109.189158,
            38.43405,
            2874.69921875
          ],
          [
            -109.189022,
            38.433767,
            2874.796875
          ],
          [
            -109.188938,
            38.433529,
            2875.796875
          ],
          [
            -109.188696,
            38.433266,
            2876.09765625
          ],
          [
            -109.188237,
            38.432896,
            2875.796875
          ],
          [
            -109.188027,
            38.432673,
            2875.09765625
          ],
          [
            -109.187985,
            38.432491,
            2873.59765625
          ],
          [
            -109.188047,
            38.432309,
            2873.5
          ],
          [
            -109.188134,
            38.432063,
            2869.796875
          ],
          [
            -109.188257,
            38.431879,
            2869.8984375
          ],
          [
            -109.188483,
            38.431684,
            2871.19921875
          ],
          [
            -109.188744,
            38.431441,
            2871.8984375
          ],
          [
            -109.188987,
            38.431221,
            2872.5
          ],
          [
            -109.189068,
            38.431076,
            2872.796875
          ],
          [
            -109.189,
            38.430864,
            2871.19921875
          ],
          [
            -109.188486,
            38.430428,
            2865.59765625
          ],
          [
            -109.188192,
            38.430031,
            2865.59765625
          ],
          [
            -109.188024,
            38.429735,
            2865.8984375
          ],
          [
            -109.187972,
            38.429517,
            2865.8984375
          ],
          [
            -109.187967,
            38.429357,
            2865.5
          ],
          [
            -109.188109,
            38.428965,
            2863.69921875
          ],
          [
            -109.188304,
            38.428497,
            2858.5
          ],
          [
            -109.188234,
            38.428059,
            2855.59765625
          ],
          [
            -109.188181,
            38.427732,
            2857.69921875
          ],
          [
            -109.188073,
            38.427404,
            2861.5
          ],
          [
            -109.18788,
            38.427152,
            2862.5
          ],
          [
            -109.187569,
            38.426885,
            2863.09765625
          ],
          [
            -109.187172,
            38.426555,
            2864.59765625
          ],
          [
            -109.186786,
            38.42637,
            2865.19921875
          ],
          [
            -109.186271,
            38.426118,
            2864.296875
          ],
          [
            -109.185777,
            38.425941,
            2863.5
          ],
          [
            -109.185187,
            38.425756,
            2860.09765625
          ],
          [
            -109.184501,
            38.425504,
            2854.796875
          ],
          [
            -109.183868,
            38.425008,
            2847.296875
          ],
          [
            -109.182752,
            38.42379,
            2830.09765625
          ],
          [
            -109.182108,
            38.422924,
            2830.796875
          ],
          [
            -109.181969,
            38.422722,
            2830.19921875
          ],
          [
            -109.18169,
            38.42252,
            2827.8984375
          ],
          [
            -109.181239,
            38.422478,
            2827.0
          ],
          [
            -109.180681,
            38.422428,
            2823.8984375
          ],
          [
            -109.180273,
            38.422352,
            2821.69921875
          ],
          [
            -109.179876,
            38.422285,
            2818.8984375
          ],
          [
            -109.179651,
            38.422302,
            2817.8984375
          ],
          [
            -109.179286,
            38.422386,
            2816.69921875
          ],
          [
            -109.178836,
            38.422436,
            2811.19921875
          ],
          [
            -109.178504,
            38.422469,
            2808.59765625
          ],
          [
            -109.178192,
            38.422445,
            2805.8984375
          ],
          [
            -109.17772,
            38.422411,
            2801.59765625
          ],
          [
            -109.17743,
            38.422462,
            2800.09765625
          ],
          [
            -109.17492,
            38.422983,
            2784.0
          ],
          [
            -109.174694,
            38.422991,
            2782.19921875
          ],
          [
            -109.174372,
            38.422941,
            2780.296875
          ],
          [
            -109.174233,
            38.422857,
            2779.5
          ],
          [
            -109.174127,
            38.422712,
            2778.69921875
          ],
          [
            -109.174126,
            38.422529,
            2778.3984375
          ],
          [
            -109.174176,
            38.42233,
            2777.69921875
          ],
          [
            -109.174241,
            38.422281,
            2777.296875
          ],
          [
            -109.174374,
            38.422183,
            2776.296875
          ],
          [
            -109.174663,
            38.422006,
            2772.59765625
          ],
          [
            -109.175135,
            38.421746,
            2766.796875
          ],
          [
            -109.175542,
            38.421486,
            2761.8984375
          ],
          [
            -109.175843,
            38.421166,
            2756.59765625
          ],
          [
            -109.17625,
            38.420705,
            2752.796875
          ],
          [
            -109.176529,
            38.420453,
            2749.3984375
          ],
          [
            -109.177012,
            38.420242,
            2747.8984375
          ],
          [
            -109.177419,
            38.420066,
            2746.0
          ],
          [
            -109.17771,
            38.419939,
            2745.19921875
          ],
          [
            -109.177803,
            38.41985,
            2744.0
          ],
          [
            -109.177803,
            38.41985,
            2744.0
          ],
          [
            -109.178052,
            38.419612,
            2741.5
          ],
          [
            -109.178707,
            38.418864,
            2731.0
          ],
          [
            -109.179351,
            38.418158,
            2721.796875
          ],
          [
            -109.179758,
            38.417536,
            2715.8984375
          ],
          [
            -109.180003,
            38.416929,
            2709.296875
          ],
          [
            -109.180043,
            38.416707,
            2708.5
          ],
          [
            -109.180053,
            38.416312,
            2708.796875
          ],
          [
            -109.179941,
            38.416067,
            2707.59765625
          ],
          [
            -109.179776,
            38.41584,
            2707.19921875
          ],
          [
            -109.179589,
            38.415755,
            2706.296875
          ],
          [
            -109.179373,
            38.415681,
            2704.19921875
          ],
          [
            -109.179167,
            38.41562,
            2702.0
          ],
          [
            -109.178957,
            38.415553,
            2700.5
          ],
          [
            -109.178731,
            38.415493,
            2699.09765625
          ],
          [
            -109.178498,
            38.415436,
            2698.0
          ],
          [
            -109.17817,
            38.415297,
            2695.8984375
          ],
          [
            -109.177959,
            38.415149,
            2695.19921875
          ],
          [
            -109.177771,
            38.414953,
            2695.296875
          ],
          [
            -109.177696,
            38.414862,
            2695.19921875
          ],
          [
            -109.177518,
            38.414671,
            2694.5
          ],
          [
            -109.177388,
            38.414533,
            2693.19921875
          ],
          [
            -109.177247,
            38.414386,
            2691.19921875
          ],
          [
            -109.177052,
            38.414195,
            2688.09765625
          ],
          [
            -109.176902,
            38.414051,
            2686.3984375
          ],
          [
            -109.176825,
            38.41398,
            2686.09765625
          ],
          [
            -109.176737,
            38.413918,
            2685.59765625
          ],
          [
            -109.17666,
            38.413844,
            2685.296875
          ],
          [
            -109.176531,
            38.413751,
            2685.5
          ],
          [
            -109.176381,
            38.413663,
            2685.59765625
          ],
          [
            -109.176173,
            38.413569,
            2684.69921875
          ],
          [
            -109.175881,
            38.413455,
            2683.3984375
          ],
          [
            -109.175571,
            38.413303,
            2681.3984375
          ],
          [
            -109.175279,
            38.413193,
            2680.0
          ],
          [
            -109.174952,
            38.413069,
            2678.296875
          ],
          [
            -109.174798,
            38.41301,
            2677.8984375
          ],
          [
            -109.174538,
            38.412925,
            2677.296875
          ],
          [
            -109.17433,
            38.412858,
            2676.69921875
          ],
          [
            -109.173984,
            38.41274,
            2676.19921875
          ],
          [
            -109.173718,
            38.412651,
            2675.3984375
          ],
          [
            -109.173407,
            38.41256,
            2674.19921875
          ],
          [
            -109.173063,
            38.412503,
            2673.0
          ],
          [
            -109.1727,
            38.412465,
            2670.59765625
          ],
          [
            -109.172348,
            38.412443,
            2667.09765625
          ],
          [
            -109.172047,
            38.412409,
            2664.0
          ],
          [
            -109.171781,
            38.412361,
            2661.796875
          ],
          [
            -109.171562,
            38.41228,
            2659.69921875
          ],
          [
            -109.171391,
            38.412195,
            2658.19921875
          ],
          [
            -109.171171,
            38.412086,
            2655.796875
          ],
          [
            -109.171031,
            38.411972,
            2654.5
          ],
          [
            -109.170933,
            38.411818,
            2654.0
          ],
          [
            -109.170813,
            38.411638,
            2652.296875
          ],
          [
            -109.170729,
            38.411474,
            2651.09765625
          ],
          [
            -109.170629,
            38.411322,
            2649.19921875
          ],
          [
            -109.170488,
            38.411113,
            2646.796875
          ],
          [
            -109.170405,
            38.410923,
            2645.19921875
          ],
          [
            -109.170306,
            38.410792,
            2643.8984375
          ],
          [
            -109.170272,
            38.410739,
            2643.296875
          ],
          [
            -109.170237,
            38.410685,
            2642.796875
          ],
          [
            -109.17015,
            38.410527,
            2641.3984375
          ],
          [
            -109.170067,
            38.410387,
            2640.09765625
          ],
          [
            -109.169928,
            38.410139,
            2637.796875
          ],
          [
            -109.1698,
            38.409936,
            2635.796875
          ],
          [
            -109.169747,
            38.409831,
            2634.8984375
          ],
          [
            -109.169638,
            38.409679,
            2633.3984375
          ],
          [
            -109.169554,
            38.409514,
            2631.8984375
          ],
          [
            -109.169387,
            38.409268,
            2629.59765625
          ],
          [
            -109.169325,
            38.409152,
            2628.69921875
          ],
          [
            -109.169267,
            38.409045,
            2628.09765625
          ],
          [
            -109.169184,
            38.40889,
            2627.0
          ],
          [
            -109.169127,
            38.408775,
            2626.09765625
          ],
          [
            -109.169085,
            38.408663,
            2624.8984375
          ],
          [
            -109.169046,
            38.408584,
            2624.296875
          ],
          [
            -109.16902,
            38.408467,
            2623.5
          ],
          [
            -109.168986,
            38.40832,
            2622.5
          ],
          [
            -109.168974,
            38.408216,
            2621.8984375
          ],
          [
            -109.168937,
            38.40804,
            2620.69921875
          ],
          [
            -109.168752,
            38.405786,
            2596.0
          ],
          [
            -109.168786,
            38.405786,
            2595.8984375
          ],
          [
            -109.168661,
            38.404304,
            2583.09765625
          ],
          [
            -109.168519,
            38.403402,
            2572.69921875
          ],
          [
            -109.168478,
            38.403003,
            2571.0
          ],
          [
            -109.168382,
            38.402734,
            2568.19921875
          ],
          [
            -109.168296,
            38.402536,
            2565.5
          ],
          [
            -109.168199,
            38.402331,
            2562.796875
          ],
          [
            -109.168006,
            38.402116,
            2560.59765625
          ],
          [
            -109.167674,
            38.401893,
            2559.59765625
          ],
          [
            -109.167287,
            38.401662,
            2556.296875
          ],
          [
            -109.166998,
            38.401464,
            2551.3984375
          ],
          [
            -109.166761,
            38.401305,
            2549.69921875
          ],
          [
            -109.166622,
            38.401115,
            2548.3984375
          ],
          [
            -109.166547,
            38.400893,
            2546.8984375
          ],
          [
            -109.166568,
            38.40054,
            2546.09765625
          ],
          [
            -109.166611,
            38.400111,
            2545.296875
          ],
          [
            -109.166654,
            38.39977,
            2542.0
          ],
          [
            -109.166638,
            38.399396,
            2538.796875
          ],
          [
            -109.166627,
            38.399102,
            2538.296875
          ],
          [
            -109.166504,
            38.398664,
            2538.8984375
          ],
          [
            -109.166504,
            38.398664,
            2538.8984375
          ],
          [
            -109.166167,
            38.39872,
            2540.69921875
          ],
          [
            -109.165931,
            38.398759,
            2541.59765625
          ],
          [
            -109.165931,
            38.398759,
            2541.59765625
          ],
          [
            -109.166268,
            38.398703,
            2540.19921875
          ],
          [
            -109.166504,
            38.398664,
            2538.8984375
          ],
          [
            -109.166483,
            38.398261,
            2537.59765625
          ],
          [
            -109.166509,
            38.397895,
            2536.09765625
          ],
          [
            -109.166526,
            38.397542,
            2535.59765625
          ],
          [
            -109.166458,
            38.397316,
            2535.19921875
          ],
          [
            -109.166322,
            38.396945,
            2532.59765625
          ],
          [
            -109.165903,
            38.396314,
            2525.0
          ],
          [
            -109.165469,
            38.395658,
            2520.3984375
          ],
          [
            -109.165115,
            38.394864,
            2515.0
          ],
          [
            -109.164487,
            38.39359,
            2501.296875
          ],
          [
            -109.164331,
            38.393434,
            2499.8984375
          ],
          [
            -109.164165,
            38.393308,
            2498.69921875
          ],
          [
            -109.16391,
            38.393223,
            2496.3984375
          ],
          [
            -109.162619,
            38.39286,
            2489.3984375
          ],
          [
            -109.162238,
            38.392285,
            2486.19921875
          ],
          [
            -109.162167,
            38.391842,
            2481.296875
          ],
          [
            -109.16224,
            38.391596,
            2480.296875
          ],
          [
            -109.162392,
            38.391044,
            2478.69921875
          ],
          [
            -109.162507,
            38.39085,
            2478.59765625
          ],
          [
            -109.162588,
            38.390657,
            2477.8984375
          ],
          [
            -109.162641,
            38.39053,
            2477.3984375
          ],
          [
            -109.162679,
            38.390429,
            2477.0
          ],
          [
            -109.162679,
            38.39032,
            2476.69921875
          ],
          [
            -109.162609,
            38.390202,
            2476.19921875
          ],
          [
            -109.162518,
            38.390093,
            2475.296875
          ],
          [
            -109.162438,
            38.390018,
            2474.0
          ],
          [
            -109.162225,
            38.38989,
            2470.59765625
          ],
          [
            -109.162196,
            38.389917,
            2470.8984375
          ],
          [
            -109.162319,
            38.389803,
            2470.0
          ],
          [
            -109.16247,
            38.389631,
            2468.5
          ],
          [
            -109.162631,
            38.389505,
            2467.5
          ],
          [
            -109.162759,
            38.389404,
            2466.69921875
          ],
          [
            -109.16291,
            38.389345,
            2466.296875
          ],
          [
            -109.163006,
            38.389299,
            2466.0
          ],
          [
            -109.163162,
            38.389269,
            2465.3984375
          ],
          [
            -109.163274,
            38.389282,
            2465.0
          ],
          [
            -109.163382,
            38.389286,
            2464.69921875
          ],
          [
            -109.163602,
            38.389336,
            2464.19921875
          ],
          [
            -109.163725,
            38.389366,
            2463.796875
          ],
          [
            -109.163891,
            38.38937,
            2463.19921875
          ],
          [
            -109.163998,
            38.389362,
            2462.8984375
          ],
          [
            -109.16409,
            38.389341,
            2462.5
          ],
          [
            -109.164197,
            38.38929,
            2461.8984375
          ],
          [
            -109.164272,
            38.389168,
            2461.296875
          ],
          [
            -109.164326,
            38.388933,
            2459.69921875
          ],
          [
            -109.164369,
            38.388638,
            2457.5
          ],
          [
            -109.164331,
            38.388134,
            2453.5
          ],
          [
            -109.164283,
            38.387209,
            2448.09765625
          ],
          [
            -109.164192,
            38.386658,
            2444.0
          ],
          [
            -109.164154,
            38.386494,
            2442.59765625
          ],
          [
            -109.164143,
            38.386229,
            2440.0
          ],
          [
            -109.164176,
            38.386011,
            2439.19921875
          ],
          [
            -109.164299,
            38.385603,
            2437.296875
          ],
          [
            -109.164424,
            38.384872,
            2432.09765625
          ],
          [
            -109.164653,
            38.384169,
            2429.5
          ],
          [
            -109.164755,
            38.383904,
            2428.5
          ],
          [
            -109.165179,
            38.38307,
            2425.5
          ],
          [
            -109.16572,
            38.38223,
            2419.8984375
          ],
          [
            -109.165871,
            38.38207,
            2419.0
          ],
          [
            -109.166412,
            38.381625,
            2417.3984375
          ],
          [
            -109.166729,
            38.381389,
            2416.5
          ],
          [
            -109.166901,
            38.38128,
            2416.09765625
          ],
          [
            -109.167045,
            38.381137,
            2415.796875
          ],
          [
            -109.167131,
            38.381002,
            2415.3984375
          ],
          [
            -109.167131,
            38.380729,
            2414.5
          ],
          [
            -109.16711,
            38.380439,
            2413.5
          ],
          [
            -109.167083,
            38.380006,
            2410.59765625
          ],
          [
            -109.166992,
            38.379602,
            2408.0
          ],
          [
            -109.16704,
            38.379232,
            2404.5
          ],
          [
            -109.167064,
            38.379201,
            2404.19921875
          ],
          [
            -109.167048,
            38.379192,
            2404.19921875
          ],
          [
            -109.167048,
            38.379192,
            2404.19921875
          ],
          [
            -109.167094,
            38.378906,
            2402.19921875
          ],
          [
            -109.167107,
            38.3789,
            2402.09765625
          ],
          [
            -109.167217,
            38.378349,
            2399.09765625
          ],
          [
            -109.167283,
            38.378021,
            2397.3984375
          ],
          [
            -109.16741,
            38.377739,
            2396.3984375
          ],
          [
            -109.167555,
            38.377651,
            2396.0
          ],
          [
            -109.167796,
            38.377567,
            2395.3984375
          ],
          [
            -109.167984,
            38.377546,
            2394.8984375
          ],
          [
            -109.168129,
            38.377516,
            2394.296875
          ],
          [
            -109.168322,
            38.377466,
            2393.3984375
          ],
          [
            -109.168462,
            38.377403,
            2392.69921875
          ],
          [
            -109.169148,
            38.376667,
            2390.5
          ],
          [
            -109.169368,
            38.376427,
            2390.59765625
          ],
          [
            -109.16954,
            38.376183,
            2391.19921875
          ],
          [
            -109.169712,
            38.375779,
            2391.0
          ],
          [
            -109.170001,
            38.375056,
            2385.69921875
          ],
          [
            -109.170092,
            38.374926,
            2384.69921875
          ],
          [
            -109.170237,
            38.374766,
            2382.59765625
          ],
          [
            -109.170366,
            38.37464,
            2380.796875
          ],
          [
            -109.170575,
            38.374484,
            2378.5
          ],
          [
            -109.170779,
            38.374425,
            2377.59765625
          ],
          [
            -109.171021,
            38.374392,
            2376.796875
          ],
          [
            -109.171224,
            38.37437,
            2376.09765625
          ],
          [
            -109.171412,
            38.374429,
            2375.796875
          ],
          [
            -109.171716,
            38.374545,
            2375.59765625
          ],
          [
            -109.172136,
            38.374808,
            2373.8984375
          ],
          [
            -109.172426,
            38.374997,
            2372.3984375
          ],
          [
            -109.172764,
            38.37527,
            2367.69921875
          ],
          [
            -109.173038,
            38.375594,
            2363.59765625
          ],
          [
            -109.173118,
            38.375813,
            2361.8984375
          ],
          [
            -109.173113,
            38.375943,
            2361.8984375
          ],
          [
            -109.173129,
            38.376149,
            2357.8984375
          ],
          [
            -109.173145,
            38.376347,
            2355.59765625
          ],
          [
            -109.173241,
            38.376599,
            2353.5
          ],
          [
            -109.173306,
            38.376801,
            2352.5
          ],
          [
            -109.173392,
            38.376927,
            2352.59765625
          ],
          [
            -109.173547,
            38.376982,
            2352.0
          ],
          [
            -109.173628,
            38.37699,
            2351.69921875
          ],
          [
            -109.173762,
            38.376999,
            2351.69921875
          ],
          [
            -109.173949,
            38.376944,
            2352.296875
          ],
          [
            -109.174041,
            38.376885,
            2353.09765625
          ],
          [
            -109.174175,
            38.376776,
            2354.0
          ],
          [
            -109.174615,
            38.376246,
            2353.296875
          ],
          [
            -109.176074,
            38.37461,
            2353.69921875
          ],
          [
            -109.176737,
            38.373985,
            2358.19921875
          ],
          [
            -109.177164,
            38.373517,
            2358.8984375
          ],
          [
            -109.177705,
            38.372835,
            2359.5
          ],
          [
            -109.178232,
            38.372263,
            2359.296875
          ],
          [
            -109.178831,
            38.371502,
            2361.5
          ],
          [
            -109.179652,
            38.370653,
            2364.296875
          ],
          [
            -109.180019,
            38.370322,
            2365.09765625
          ],
          [
            -109.18058,
            38.369896,
            2363.5
          ],
          [
            -109.182066,
            38.369025,
            2367.5
          ],
          [
            -109.182592,
            38.368697,
            2369.3984375
          ],
          [
            -109.182956,
            38.368487,
            2371.59765625
          ],
          [
            -109.183251,
            38.368192,
            2374.3984375
          ],
          [
            -109.183578,
            38.367906,
            2376.796875
          ],
          [
            -109.183578,
            38.367906,
            2376.796875
          ],
          [
            -109.183611,
            38.367877,
            2377.0
          ],
          [
            -109.183959,
            38.367439,
            2377.59765625
          ],
          [
            -109.184362,
            38.366872,
            2377.8984375
          ],
          [
            -109.184609,
            38.366379,
            2378.09765625
          ],
          [
            -109.184928,
            38.365777,
            2377.09765625
          ],
          [
            -109.185224,
            38.365325,
            2376.796875
          ],
          [
            -109.185654,
            38.364887,
            2377.3984375
          ],
          [
            -109.186309,
            38.364554,
            2376.796875
          ],
          [
            -109.186314,
            38.364492,
            2376.59765625
          ],
          [
            -109.186309,
            38.364554,
            2376.796875
          ],
          [
            -109.186449,
            38.364646,
            2377.59765625
          ],
          [
            -109.186663,
            38.364668,
            2378.296875
          ],
          [
            -109.186771,
            38.364668,
            2378.59765625
          ],
          [
            -109.187039,
            38.364659,
            2379.09765625
          ],
          [
            -109.187232,
            38.364613,
            2379.09765625
          ],
          [
            -109.187602,
            38.364588,
            2379.3984375
          ],
          [
            -109.187843,
            38.364588,
            2380.0
          ],
          [
            -109.188181,
            38.3646,
            2380.59765625
          ],
          [
            -109.188659,
            38.364617,
            2382.5
          ],
          [
            -109.189195,
            38.36463,
            2384.59765625
          ],
          [
            -109.189903,
            38.36468,
            2387.5
          ],
          [
            -109.190338,
            38.364701,
            2388.3984375
          ],
          [
            -109.190633,
            38.364613,
            2388.19921875
          ],
          [
            -109.19089,
            38.364537,
            2387.796875
          ],
          [
            -109.19103,
            38.364529,
            2387.796875
          ],
          [
            -109.191185,
            38.364537,
            2388.09765625
          ],
          [
            -109.191314,
            38.364562,
            2388.59765625
          ],
          [
            -109.191507,
            38.364646,
            2389.296875
          ],
          [
            -109.191851,
            38.364726,
            2390.3984375
          ],
          [
            -109.192113,
            38.364714,
            2391.296875
          ],
          [
            -109.192382,
            38.364676,
            2392.296875
          ],
          [
            -109.192795,
            38.364613,
            2393.3984375
          ],
          [
            -109.193181,
            38.364617,
            2396.19921875
          ],
          [
            -109.193396,
            38.364646,
            2397.69921875
          ],
          [
            -109.19361,
            38.364756,
            2399.296875
          ],
          [
            -109.194697,
            38.365444,
            2409.0
          ],
          [
            -109.195381,
            38.365871,
            2414.296875
          ],
          [
            -109.19564,
            38.366103,
            2415.8984375
          ],
          [
            -109.195801,
            38.366437,
            2418.296875
          ],
          [
            -109.195877,
            38.366708,
            2419.796875
          ],
          [
            -109.196113,
            38.367583,
            2423.796875
          ],
          [
            -109.196419,
            38.368045,
            2426.59765625
          ],
          [
            -109.196714,
            38.36841,
            2428.8984375
          ],
          [
            -109.197255,
            38.368786,
            2432.3984375
          ],
          [
            -109.197694,
            38.368937,
            2435.3984375
          ],
          [
            -109.197854,
            38.36911,
            2436.5
          ],
          [
            -109.198001,
            38.36938,
            2437.69921875
          ],
          [
            -109.198181,
            38.369657,
            2439.0
          ],
          [
            -109.198748,
            38.370263,
            2444.19921875
          ],
          [
            -109.199659,
            38.371148,
            2451.296875
          ],
          [
            -109.200629,
            38.37221,
            2459.0
          ],
          [
            -109.201458,
            38.373008,
            2466.296875
          ],
          [
            -109.20221,
            38.373501,
            2470.8984375
          ],
          [
            -109.202511,
            38.373705,
            2473.09765625
          ],
          [
            -109.20261,
            38.373849,
            2473.59765625
          ],
          [
            -109.202811,
            38.374274,
            2478.3984375
          ],
          [
            -109.203397,
            38.375278,
            2488.09765625
          ],
          [
            -109.203708,
            38.375825,
            2492.69921875
          ],
          [
            -109.204132,
            38.376431,
            2497.5
          ],
          [
            -109.205006,
            38.377537,
            2508.3984375
          ],
          [
            -109.205092,
            38.378083,
            2511.59765625
          ],
          [
            -109.205124,
            38.378617,
            2513.296875
          ],
          [
            -109.205076,
            38.378853,
            2513.0
          ],
          [
            -109.204931,
            38.37932,
            2511.0
          ],
          [
            -109.204824,
            38.379568,
            2509.3984375
          ],
          [
            -109.204733,
            38.379942,
            2508.09765625
          ],
          [
            -109.204778,
            38.380433,
            2508.3984375
          ],
          [
            -109.204778,
            38.380433,
            2508.3984375
          ],
          [
            -109.204786,
            38.380522,
            2508.19921875
          ],
          [
            -109.204915,
            38.380888,
            2508.59765625
          ],
          [
            -109.20507,
            38.38125,
            2508.5
          ],
          [
            -109.205371,
            38.38178,
            2508.69921875
          ],
          [
            -109.205521,
            38.382003,
            2509.0
          ],
          [
            -109.205655,
            38.382137,
            2510.0
          ],
          [
            -109.20588,
            38.382297,
            2512.8984375
          ],
          [
            -109.206535,
            38.382679,
            2518.3984375
          ],
          [
            -109.20691,
            38.382961,
            2519.59765625
          ],
          [
            -109.207152,
            38.383188,
            2520.5
          ],
          [
            -109.207195,
            38.383352,
            2519.69921875
          ],
          [
            -109.207168,
            38.383495,
            2518.3984375
          ],
          [
            -109.207146,
            38.383642,
            2517.296875
          ],
          [
            -109.20727,
            38.383819,
            2517.09765625
          ],
          [
            -109.207372,
            38.383878,
            2517.8984375
          ],
          [
            -109.207651,
            38.384004,
            2520.3984375
          ],
          [
            -109.207903,
            38.384244,
            2520.3984375
          ],
          [
            -109.208032,
            38.384395,
            2519.3984375
          ],
          [
            -109.208091,
            38.384551,
            2517.8984375
          ],
          [
            -109.207999,
            38.384685,
            2517.19921875
          ],
          [
            -109.207876,
            38.384761,
            2517.59765625
          ],
          [
            -109.207704,
            38.38479,
            2517.8984375
          ],
          [
            -109.207554,
            38.384811,
            2518.09765625
          ],
          [
            -109.207388,
            38.384824,
            2518.5
          ],
          [
            -109.207286,
            38.384862,
            2519.69921875
          ],
          [
            -109.207077,
            38.38495,
            2522.796875
          ],
          [
            -109.207007,
            38.384988,
            2523.8984375
          ],
          [
            -109.206825,
            38.384992,
            2525.796875
          ],
          [
            -109.206551,
            38.384946,
            2528.09765625
          ],
          [
            -109.206347,
            38.384891,
            2528.3984375
          ],
          [
            -109.206009,
            38.384912,
            2529.59765625
          ],
          [
            -109.205612,
            38.385005,
            2535.09765625
          ],
          [
            -109.205258,
            38.385047,
            2540.0
          ],
          [
            -109.205033,
            38.385022,
            2542.19921875
          ],
          [
            -109.204781,
            38.384946,
            2543.19921875
          ],
          [
            -109.204362,
            38.384845,
            2545.09765625
          ],
          [
            -109.204147,
            38.384792,
            2544.296875
          ],
          [
            -109.203998,
            38.384824,
            2546.59765625
          ],
          [
            -109.203853,
            38.384904,
            2549.59765625
          ],
          [
            -109.203673,
            38.385038,
            2551.3984375
          ],
          [
            -109.203493,
            38.385119,
            2552.69921875
          ],
          [
            -109.203289,
            38.385228,
            2554.19921875
          ],
          [
            -109.203155,
            38.385367,
            2555.69921875
          ],
          [
            -109.203075,
            38.385598,
            2558.09765625
          ],
          [
            -109.203118,
            38.385732,
            2559.796875
          ],
          [
            -109.20322,
            38.385964,
            2562.5
          ],
          [
            -109.203225,
            38.386073,
            2564.5
          ],
          [
            -109.203188,
            38.386203,
            2567.0
          ],
          [
            -109.20322,
            38.386334,
            2569.3984375
          ],
          [
            -109.203413,
            38.386472,
            2571.69921875
          ],
          [
            -109.203681,
            38.386632,
            2573.09765625
          ],
          [
            -109.203971,
            38.386763,
            2573.796875
          ],
          [
            -109.204378,
            38.386901,
            2578.09765625
          ],
          [
            -109.204647,
            38.387057,
            2581.09765625
          ],
          [
            -109.204845,
            38.387217,
            2582.296875
          ],
          [
            -109.204958,
            38.387515,
            2587.09765625
          ],
          [
            -109.204926,
            38.387734,
            2590.296875
          ],
          [
            -109.204851,
            38.387864,
            2592.5
          ],
          [
            -109.204668,
            38.387936,
            2595.8984375
          ],
          [
            -109.204432,
            38.387982,
            2598.796875
          ],
          [
            -109.204153,
            38.388053,
            2602.0
          ],
          [
            -109.203885,
            38.388104,
            2603.59765625
          ],
          [
            -109.203729,
            38.388129,
            2603.59765625
          ],
          [
            -109.203477,
            38.388335,
            2605.3984375
          ],
          [
            -109.203327,
            38.388495,
            2606.3984375
          ],
          [
            -109.203273,
            38.388655,
            2607.8984375
          ],
          [
            -109.203332,
            38.388781,
            2610.0
          ],
          [
            -109.203531,
            38.388924,
            2610.69921875
          ],
          [
            -109.203998,
            38.389248,
            2612.59765625
          ],
          [
            -109.204169,
            38.389445,
            2616.59765625
          ],
          [
            -109.204212,
            38.38958,
            2618.3984375
          ],
          [
            -109.204191,
            38.389756,
            2620.69921875
          ],
          [
            -109.204255,
            38.389899,
            2622.5
          ],
          [
            -109.204421,
            38.390017,
            2623.296875
          ],
          [
            -109.204593,
            38.390097,
            2624.59765625
          ],
          [
            -109.205113,
            38.390311,
            2629.59765625
          ],
          [
            -109.205655,
            38.390614,
            2634.296875
          ],
          [
            -109.20587,
            38.390744,
            2636.19921875
          ],
          [
            -109.2061,
            38.390959,
            2637.8984375
          ],
          [
            -109.207141,
            38.392287,
            2640.796875
          ],
          [
            -109.207275,
            38.392506,
            2643.0
          ],
          [
            -109.20742,
            38.392796,
            2646.0
          ],
          [
            -109.207522,
            38.393069,
            2649.59765625
          ],
          [
            -109.207704,
            38.393208,
            2650.09765625
          ],
          [
            -109.207871,
            38.393347,
            2650.19921875
          ],
          [
            -109.208241,
            38.393923,
            2652.8984375
          ],
          [
            -109.208386,
            38.394453,
            2655.0
          ],
          [
            -109.208681,
            38.395857,
            2660.5
          ],
          [
            -109.20889,
            38.396929,
            2669.296875
          ],
          [
            -109.209013,
            38.397177,
            2672.19921875
          ],
          [
            -109.209255,
            38.397471,
            2674.8984375
          ],
          [
            -109.210451,
            38.399296,
            2693.09765625
          ],
          [
            -109.210639,
            38.399708,
            2694.3984375
          ],
          [
            -109.2108,
            38.400196,
            2698.0
          ],
          [
            -109.210853,
            38.400461,
            2700.3984375
          ],
          [
            -109.21095,
            38.40102,
            2705.09765625
          ],
          [
            -109.211041,
            38.401453,
            2708.69921875
          ],
          [
            -109.211207,
            38.401903,
            2711.296875
          ],
          [
            -109.211288,
            38.402024,
            2711.8984375
          ],
          [
            -109.211411,
            38.402151,
            2712.69921875
          ],
          [
            -109.211953,
            38.402483,
            2715.296875
          ],
          [
            -109.212441,
            38.402785,
            2718.8984375
          ],
          [
            -109.212844,
            38.403109,
            2722.8984375
          ],
          [
            -109.213075,
            38.403391,
            2725.59765625
          ],
          [
            -109.213833,
            38.404284,
            2731.0
          ],
          [
            -109.213941,
            38.404417,
            2731.296875
          ],
          [
            -109.214077,
            38.404505,
            2731.59765625
          ],
          [
            -109.214244,
            38.404559,
            2732.09765625
          ],
          [
            -109.214453,
            38.40458,
            2733.0
          ],
          [
            -109.214689,
            38.404664,
            2734.69921875
          ],
          [
            -109.214882,
            38.404908,
            2737.796875
          ],
          [
            -109.215107,
            38.405215,
            2743.19921875
          ],
          [
            -109.21515,
            38.405514,
            2746.8984375
          ],
          [
            -109.215086,
            38.405673,
            2748.09765625
          ],
          [
            -109.215075,
            38.405837,
            2749.0
          ],
          [
            -109.215123,
            38.405955,
            2749.796875
          ],
          [
            -109.215204,
            38.406039,
            2750.796875
          ],
          [
            -109.215343,
            38.406073,
            2752.19921875
          ],
          [
            -109.215751,
            38.406069,
            2755.5
          ],
          [
            -109.216223,
            38.406031,
            2758.296875
          ],
          [
            -109.216625,
            38.406048,
            2760.69921875
          ],
          [
            -109.217119,
            38.406195,
            2764.0
          ],
          [
            -109.217553,
            38.406321,
            2767.19921875
          ],
          [
            -109.217865,
            38.406468,
            2771.19921875
          ],
          [
            -109.218076,
            38.406546,
            2773.59765625
          ],
          [
            -109.218208,
            38.406607,
            2775.59765625
          ],
          [
            -109.218492,
            38.40667,
            2777.8984375
          ],
          [
            -109.218621,
            38.406728,
            2779.3984375
          ],
          [
            -109.218814,
            38.406888,
            2782.5
          ],
          [
            -109.219367,
            38.407359,
            2791.19921875
          ],
          [
            -109.219581,
            38.407565,
            2793.3984375
          ],
          [
            -109.219662,
            38.4078,
            2796.5
          ],
          [
            -109.219731,
            38.408053,
            2800.3984375
          ],
          [
            -109.219866,
            38.408313,
            2804.5
          ],
          [
            -109.220069,
            38.40857,
            2808.5
          ],
          [
            -109.220305,
            38.408797,
            2811.796875
          ],
          [
            -109.220525,
            38.409032,
            2815.19921875
          ],
          [
            -109.220649,
            38.409259,
            2818.3984375
          ],
          [
            -109.220718,
            38.409457,
            2820.5
          ],
          [
            -109.220761,
            38.409721,
            2823.3984375
          ],
          [
            -109.220751,
            38.409965,
            2826.8984375
          ],
          [
            -109.220708,
            38.410247,
            2830.59765625
          ],
          [
            -109.220663,
            38.410401,
            2832.3984375
          ],
          [
            -109.220391,
            38.411319,
            2837.796875
          ],
          [
            -109.220434,
            38.411462,
            2839.59765625
          ],
          [
            -109.220563,
            38.411579,
            2842.0
          ],
          [
            -109.220777,
            38.41163,
            2843.8984375
          ],
          [
            -109.221282,
            38.411714,
            2849.0
          ],
          [
            -109.221931,
            38.411857,
            2855.09765625
          ],
          [
            -109.222558,
            38.412008,
            2859.09765625
          ],
          [
            -109.222918,
            38.412122,
            2862.796875
          ],
          [
            -109.223202,
            38.412193,
            2866.3984375
          ],
          [
            -109.223465,
            38.412227,
            2869.0
          ],
          [
            -109.22376,
            38.412281,
            2872.09765625
          ],
          [
            -109.224146,
            38.412424,
            2875.296875
          ],
          [
            -109.224431,
            38.412643,
            2879.09765625
          ],
          [
            -109.224567,
            38.41294,
            2880.09765625
          ],
          [
            -109.224567,
            38.41294,
            2880.09765625
          ],
          [
            -109.224592,
            38.412996,
            2880.0
          ],
          [
            -109.224586,
            38.41332,
            2880.0
          ],
          [
            -109.224565,
            38.413694,
            2880.09765625
          ],
          [
            -109.224516,
            38.413946,
            2880.5
          ],
          [
            -109.224351,
            38.414438,
            2880.19921875
          ],
          [
            -109.224345,
            38.414484,
            2880.09765625
          ],
          [
            -109.224347,
            38.414542,
            2879.796875
          ],
          [
            -109.22442,
            38.414647,
            2879.19921875
          ],
          [
            -109.224228,
            38.414764,
            2881.0
          ],
          [
            -109.22418,
            38.414862,
            2881.8984375
          ],
          [
            -109.224138,
            38.415185,
            2882.0
          ],
          [
            -109.224128,
            38.415525,
            2881.09765625
          ],
          [
            -109.224155,
            38.415706,
            2880.0
          ],
          [
            -109.224155,
            38.415706,
            2880.0
          ],
          [
            -109.224243,
            38.415781,
            2880.69921875
          ],
          [
            -109.224243,
            38.415781,
            2880.69921875
          ],
          [
            -109.224344,
            38.415811,
            2881.796875
          ],
          [
            -109.224344,
            38.415811,
            2881.796875
          ],
          [
            -109.224409,
            38.415827,
            2882.59765625
          ],
          [
            -109.224409,
            38.415827,
            2882.59765625
          ],
          [
            -109.224468,
            38.41589,
            2883.8984375
          ],
          [
            -109.224468,
            38.41589,
            2883.8984375
          ],
          [
            -109.224532,
            38.415934,
            2885.5
          ],
          [
            -109.224532,
            38.415934,
            2885.5
          ],
          [
            -109.224545,
            38.416003,
            2886.3984375
          ],
          [
            -109.224545,
            38.416003,
            2886.3984375
          ],
          [
            -109.224589,
            38.416059,
            2887.59765625
          ],
          [
            -109.224589,
            38.416059,
            2887.59765625
          ],
          [
            -109.224637,
            38.416098,
            2888.796875
          ],
          [
            -109.224637,
            38.416098,
            2888.796875
          ],
          [
            -109.224746,
            38.416237,
            2891.296875
          ],
          [
            -109.224746,
            38.416237,
            2891.296875
          ],
          [
            -109.224824,
            38.416277,
            2892.09765625
          ],
          [
            -109.224824,
            38.416277,
            2892.09765625
          ],
          [
            -109.225005,
            38.4165,
            2895.0
          ],
          [
            -109.225005,
            38.4165,
            2895.0
          ],
          [
            -109.22502,
            38.416573,
            2895.59765625
          ],
          [
            -109.22502,
            38.416573,
            2895.59765625
          ],
          [
            -109.225072,
            38.41662,
            2896.69921875
          ],
          [
            -109.225072,
            38.41662,
            2896.69921875
          ],
          [
            -109.225114,
            38.41682,
            2898.69921875
          ],
          [
            -109.225114,
            38.41682,
            2898.69921875
          ],
          [
            -109.225174,
            38.416953,
            2900.296875
          ],
          [
            -109.225174,
            38.416953,
            2900.296875
          ],
          [
            -109.225234,
            38.417069,
            2902.09765625
          ],
          [
            -109.225234,
            38.417069,
            2902.09765625
          ],
          [
            -109.225212,
            38.417125,
            2902.0
          ],
          [
            -109.225212,
            38.417125,
            2902.0
          ],
          [
            -109.225229,
            38.417213,
            2902.69921875
          ],
          [
            -109.225229,
            38.417213,
            2902.69921875
          ],
          [
            -109.225285,
            38.417417,
            2904.796875
          ],
          [
            -109.225285,
            38.417417,
            2904.796875
          ],
          [
            -109.225231,
            38.417636,
            2905.19921875
          ],
          [
            -109.225231,
            38.417636,
            2905.19921875
          ],
          [
            -109.225095,
            38.417801,
            2906.296875
          ],
          [
            -109.225095,
            38.417801,
            2906.296875
          ],
          [
            -109.225048,
            38.417827,
            2906.0
          ],
          [
            -109.225048,
            38.417827,
            2906.0
          ],
          [
            -109.225023,
            38.417862,
            2906.09765625
          ],
          [
            -109.225023,
            38.417862,
            2906.09765625
          ],
          [
            -109.224924,
            38.417909,
            2905.3984375
          ],
          [
            -109.224924,
            38.417909,
            2905.3984375
          ],
          [
            -109.224808,
            38.418015,
            2905.59765625
          ],
          [
            -109.224808,
            38.418015,
            2905.59765625
          ],
          [
            -109.224722,
            38.418102,
            2905.8984375
          ],
          [
            -109.224722,
            38.418102,
            2905.8984375
          ],
          [
            -109.224384,
            38.418152,
            2902.5
          ],
          [
            -109.224318,
            38.418161,
            2902.0
          ],
          [
            -109.224318,
            38.418161,
            2902.0
          ],
          [
            -109.224234,
            38.418319,
            2904.5
          ],
          [
            -109.224234,
            38.418319,
            2904.5
          ],
          [
            -109.223993,
            38.418511,
            2905.09765625
          ],
          [
            -109.223954,
            38.418542,
            2905.09765625
          ],
          [
            -109.223954,
            38.418542,
            2905.09765625
          ],
          [
            -109.223759,
            38.418764,
            2906.296875
          ],
          [
            -109.223564,
            38.418987,
            2906.8984375
          ],
          [
            -109.223369,
            38.419209,
            2909.19921875
          ],
          [
            -109.223173,
            38.419431,
            2913.09765625
          ],
          [
            -109.223066,
            38.419554,
            2915.296875
          ],
          [
            -109.223066,
            38.419554,
            2915.296875
          ],
          [
            -109.222723,
            38.419577,
            2914.69921875
          ],
          [
            -109.22238,
            38.419601,
            2913.796875
          ],
          [
            -109.222037,
            38.419624,
            2912.19921875
          ],
          [
            -109.221987,
            38.419627,
            2912.0
          ],
          [
            -109.221987,
            38.419627,
            2912.0
          ],
          [
            -109.22176,
            38.41983,
            2912.59765625
          ],
          [
            -109.221533,
            38.420033,
            2912.0
          ],
          [
            -109.221499,
            38.420064,
            2911.8984375
          ],
          [
            -109.221499,
            38.420064,
            2911.8984375
          ],
          [
            -109.221177,
            38.420159,
            2907.09765625
          ],
          [
            -109.220854,
            38.420254,
            2907.796875
          ],
          [
            -109.220532,
            38.420349,
            2907.59765625
          ],
          [
            -109.22021,
            38.420443,
            2906.796875
          ],
          [
            -109.220169,
            38.420455,
            2906.69921875
          ],
          [
            -109.220169,
            38.420455,
            2906.69921875
          ],
          [
            -109.219904,
            38.420627,
            2907.296875
          ],
          [
            -109.219639,
            38.4208,
            2908.0
          ],
          [
            -109.219498,
            38.420892,
            2908.09765625
          ],
          [
            -109.219498,
            38.420892,
            2908.09765625
          ],
          [
            -109.219237,
            38.421068,
            2907.59765625
          ],
          [
            -109.218977,
            38.421245,
            2907.0
          ],
          [
            -109.218828,
            38.421346,
            2906.5
          ],
          [
            -109.218828,
            38.421346,
            2906.5
          ],
          [
            -109.218533,
            38.421485,
            2906.5
          ],
          [
            -109.218259,
            38.421613,
            2910.59765625
          ],
          [
            -109.218259,
            38.421613,
            2910.59765625
          ],
          [
            -109.217916,
            38.421634,
            2911.09765625
          ],
          [
            -109.217572,
            38.421655,
            2911.0
          ],
          [
            -109.217229,
            38.421676,
            2911.296875
          ],
          [
            -109.216941,
            38.421693,
            2910.8984375
          ],
          [
            -109.216941,
            38.421693,
            2910.8984375
          ],
          [
            -109.21662,
            38.421595,
            2909.19921875
          ],
          [
            -109.2163,
            38.421496,
            2906.09765625
          ],
          [
            -109.215979,
            38.421398,
            2902.796875
          ],
          [
            -109.215658,
            38.4213,
            2899.59765625
          ],
          [
            -109.215577,
            38.421275,
            2898.796875
          ],
          [
            -109.215577,
            38.421275,
            2898.796875
          ],
          [
            -109.215315,
            38.42145,
            2901.59765625
          ],
          [
            -109.215052,
            38.421625,
            2904.09765625
          ],
          [
            -109.214816,
            38.421782,
            2905.8984375
          ],
          [
            -109.214816,
            38.421782,
            2905.8984375
          ],
          [
            -109.214627,
            38.422008,
            2908.296875
          ],
          [
            -109.214439,
            38.422233,
            2910.09765625
          ],
          [
            -109.214406,
            38.422272,
            2910.3984375
          ],
          [
            -109.214406,
            38.422272,
            2910.3984375
          ],
          [
            -109.214719,
            38.422385,
            2914.5
          ],
          [
            -109.214872,
            38.422441,
            2916.59765625
          ],
          [
            -109.214872,
            38.422441,
            2916.59765625
          ],
          [
            -109.214608,
            38.422614,
            2917.296875
          ],
          [
            -109.214384,
            38.422762,
            2917.69921875
          ],
          [
            -109.214384,
            38.422762,
            2917.69921875
          ],
          [
            -109.214662,
            38.422921,
            2924.19921875
          ],
          [
            -109.214804,
            38.423002,
            2927.0
          ],
          [
            -109.214804,
            38.423002,
            2927.0
          ],
          [
            -109.214665,
            38.423249,
            2929.19921875
          ],
          [
            -109.214526,
            38.423496,
            2931.3984375
          ],
          [
            -109.214509,
            38.423527,
            2931.69921875
          ],
          [
            -109.214509,
            38.423527,
            2931.69921875
          ],
          [
            -109.214693,
            38.423536,
            2933.69921875
          ],
          [
            -109.214693,
            38.423536,
            2933.69921875
          ],
          [
            -109.214595,
            38.42377,
            2936.5
          ],
          [
            -109.214595,
            38.42377,
            2936.5
          ],
          [
            -109.214373,
            38.423976,
            2938.59765625
          ],
          [
            -109.214348,
            38.423999,
            2938.796875
          ],
          [
            -109.214348,
            38.423999,
            2938.796875
          ],
          [
            -109.214439,
            38.424118,
            2943.0
          ],
          [
            -109.214439,
            38.424118,
            2943.0
          ],
          [
            -109.214775,
            38.424058,
            2944.5
          ],
          [
            -109.21489,
            38.424037,
            2945.09765625
          ],
          [
            -109.21489,
            38.424037,
            2945.09765625
          ],
          [
            -109.21519,
            38.423905,
            2946.19921875
          ],
          [
            -109.21549,
            38.423772,
            2946.69921875
          ],
          [
            -109.215662,
            38.423696,
            2947.296875
          ],
          [
            -109.215662,
            38.423696,
            2947.296875
          ],
          [
            -109.215859,
            38.423561,
            2946.796875
          ],
          [
            -109.215859,
            38.423561,
            2946.796875
          ],
          [
            -109.216196,
            38.423507,
            2948.296875
          ],
          [
            -109.216534,
            38.423453,
            2949.5
          ],
          [
            -109.216638,
            38.423436,
            2950.0
          ],
          [
            -109.216638,
            38.423436,
            2950.0
          ],
          [
            -109.216949,
            38.423321,
            2948.19921875
          ],
          [
            -109.217028,
            38.423291,
            2947.69921875
          ],
          [
            -109.217028,
            38.423291,
            2947.69921875
          ],
          [
            -109.2172,
            38.423147,
            2944.796875
          ],
          [
            -109.2172,
            38.423147,
            2944.796875
          ],
          [
            -109.217538,
            38.423095,
            2943.59765625
          ],
          [
            -109.217876,
            38.423043,
            2941.3984375
          ],
          [
            -109.217992,
            38.423024,
            2940.69921875
          ],
          [
            -109.217992,
            38.423024,
            2940.69921875
          ],
          [
            -109.218329,
            38.422989,
            2939.59765625
          ],
          [
            -109.218329,
            38.422989,
            2939.59765625
          ],
          [
            -109.218647,
            38.422886,
            2937.796875
          ],
          [
            -109.218817,
            38.422832,
            2937.8984375
          ],
          [
            -109.218817,
            38.422832,
            2937.8984375
          ],
          [
            -109.219149,
            38.42276,
            2938.5
          ],
          [
            -109.219481,
            38.422688,
            2938.19921875
          ],
          [
            -109.219813,
            38.422616,
            2938.19921875
          ],
          [
            -109.22011,
            38.422552,
            2939.59765625
          ],
          [
            -109.22011,
            38.422552,
            2939.59765625
          ],
          [
            -109.220419,
            38.422433,
            2941.19921875
          ],
          [
            -109.220463,
            38.422417,
            2941.5
          ],
          [
            -109.220463,
            38.422417,
            2941.5
          ],
          [
            -109.220672,
            38.422381,
            2943.5
          ],
          [
            -109.220672,
            38.422381,
            2943.5
          ],
          [
            -109.220762,
            38.422429,
            2945.19921875
          ],
          [
            -109.220762,
            38.422429,
            2945.19921875
          ],
          [
            -109.220868,
            38.422401,
            2945.8984375
          ],
          [
            -109.220868,
            38.422401,
            2945.8984375
          ],
          [
            -109.221185,
            38.422506,
            2950.5
          ],
          [
            -109.221276,
            38.422536,
            2951.796875
          ],
          [
            -109.221276,
            38.422536,
            2951.796875
          ],
          [
            -109.221543,
            38.422483,
            2952.69921875
          ],
          [
            -109.221543,
            38.422483,
            2952.69921875
          ],
          [
            -109.221877,
            38.422549,
            2955.19921875
          ],
          [
            -109.222067,
            38.422586,
            2956.09765625
          ],
          [
            -109.222067,
            38.422586,
            2956.09765625
          ],
          [
            -109.222231,
            38.422692,
            2958.296875
          ],
          [
            -109.222231,
            38.422692,
            2958.296875
          ],
          [
            -109.22242,
            38.422649,
            2956.59765625
          ],
          [
            -109.22242,
            38.422649,
            2956.59765625
          ],
          [
            -109.222683,
            38.422664,
            2955.19921875
          ],
          [
            -109.222683,
            38.422664,
            2955.19921875
          ],
          [
            -109.222923,
            38.422731,
            2955.59765625
          ],
          [
            -109.222923,
            38.422731,
            2955.59765625
          ],
          [
            -109.223113,
            38.422725,
            2955.796875
          ],
          [
            -109.223113,
            38.422725,
            2955.796875
          ],
          [
            -109.22342,
            38.422847,
            2961.296875
          ],
          [
            -109.223604,
            38.42292,
            2964.0
          ],
          [
            -109.223604,
            38.42292,
            2964.0
          ],
          [
            -109.22369,
            38.422995,
            2966.09765625
          ],
          [
            -109.22369,
            38.422995,
            2966.09765625
          ],
          [
            -109.223891,
            38.423018,
            2967.8984375
          ],
          [
            -109.223891,
            38.423018,
            2967.8984375
          ],
          [
            -109.224059,
            38.423065,
            2969.296875
          ],
          [
            -109.224059,
            38.423065,
            2969.296875
          ],
          [
            -109.224116,
            38.423061,
            2969.3984375
          ],
          [
            -109.224116,
            38.423061,
            2969.3984375
          ],
          [
            -109.224227,
            38.423096,
            2970.19921875
          ],
          [
            -109.224227,
            38.423096,
            2970.19921875
          ],
          [
            -109.224283,
            38.423154,
            2970.8984375
          ],
          [
            -109.224283,
            38.423154,
            2970.8984375
          ],
          [
            -109.224345,
            38.423179,
            2971.5
          ],
          [
            -109.224345,
            38.423179,
            2971.5
          ],
          [
            -109.22447,
            38.423245,
            2973.0
          ],
          [
            -109.22447,
            38.423245,
            2973.0
          ],
          [
            -109.224542,
            38.423392,
            2975.296875
          ],
          [
            -109.224542,
            38.423392,
            2975.296875
          ],
          [
            -109.224541,
            38.423522,
            2977.5
          ],
          [
            -109.224541,
            38.423522,
            2977.5
          ],
          [
            -109.224585,
            38.423574,
            2979.0
          ],
          [
            -109.224585,
            38.423574,
            2979.0
          ],
          [
            -109.224626,
            38.423573,
            2979.09765625
          ],
          [
            -109.224626,
            38.423573,
            2979.09765625
          ],
          [
            -109.224681,
            38.42353,
            2978.296875
          ],
          [
            -109.224681,
            38.42353,
            2978.296875
          ],
          [
            -109.224893,
            38.423486,
            2979.19921875
          ],
          [
            -109.224893,
            38.423486,
            2979.19921875
          ],
          [
            -109.225091,
            38.4235,
            2981.09765625
          ],
          [
            -109.225091,
            38.4235,
            2981.09765625
          ],
          [
            -109.225108,
            38.423513,
            2981.3984375
          ],
          [
            -109.225108,
            38.423513,
            2981.3984375
          ],
          [
            -109.225169,
            38.423515,
            2982.0
          ],
          [
            -109.225169,
            38.423515,
            2982.0
          ],
          [
            -109.225201,
            38.423511,
            2982.0
          ],
          [
            -109.225201,
            38.423511,
            2982.0
          ],
          [
            -109.225223,
            38.423513,
            2982.19921875
          ],
          [
            -109.225223,
            38.423513,
            2982.19921875
          ],
          [
            -109.225281,
            38.423505,
            2982.59765625
          ],
          [
            -109.225281,
            38.423505,
            2982.59765625
          ],
          [
            -109.225321,
            38.423481,
            2982.296875
          ],
          [
            -109.225321,
            38.423481,
            2982.296875
          ],
          [
            -109.225357,
            38.423467,
            2982.296875
          ],
          [
            -109.225357,
            38.423467,
            2982.296875
          ],
          [
            -109.225489,
            38.423419,
            2982.19921875
          ],
          [
            -109.225489,
            38.423419,
            2982.19921875
          ],
          [
            -109.225511,
            38.423417,
            2982.296875
          ],
          [
            -109.225511,
            38.423417,
            2982.296875
          ],
          [
            -109.225527,
            38.423412,
            2982.19921875
          ],
          [
            -109.225527,
            38.423412,
            2982.19921875
          ],
          [
            -109.225538,
            38.423403,
            2982.19921875
          ],
          [
            -109.225538,
            38.423403,
            2982.19921875
          ],
          [
            -109.225635,
            38.423373,
            2982.19921875
          ],
          [
            -109.225635,
            38.423373,
            2982.19921875
          ],
          [
            -109.225653,
            38.423366,
            2982.19921875
          ],
          [
            -109.225653,
            38.423366,
            2982.19921875
          ],
          [
            -109.225662,
            38.42336,
            2982.19921875
          ],
          [
            -109.225662,
            38.42336,
            2982.19921875
          ],
          [
            -109.22574,
            38.423336,
            2982.19921875
          ],
          [
            -109.22574,
            38.423336,
            2982.19921875
          ],
          [
            -109.225794,
            38.423323,
            2982.19921875
          ],
          [
            -109.225794,
            38.423323,
            2982.19921875
          ],
          [
            -109.22583,
            38.423306,
            2982.19921875
          ],
          [
            -109.22583,
            38.423306,
            2982.19921875
          ],
          [
            -109.225839,
            38.423282,
            2982.0
          ],
          [
            -109.225839,
            38.423282,
            2982.0
          ],
          [
            -109.225839,
            38.423263,
            2981.796875
          ],
          [
            -109.225839,
            38.423263,
            2981.796875
          ],
          [
            -109.225846,
            38.423247,
            2981.796875
          ],
          [
            -109.225846,
            38.423247,
            2981.796875
          ],
          [
            -109.225858,
            38.423233,
            2981.69921875
          ],
          [
            -109.225858,
            38.423233,
            2981.69921875
          ],
          [
            -109.225907,
            38.423197,
            2981.8984375
          ],
          [
            -109.225907,
            38.423197,
            2981.8984375
          ],
          [
            -109.225951,
            38.42317,
            2982.09765625
          ],
          [
            -109.225951,
            38.42317,
            2982.09765625
          ],
          [
            -109.225986,
            38.423138,
            2982.3984375
          ],
          [
            -109.225986,
            38.423138,
            2982.3984375
          ],
          [
            -109.225994,
            38.423126,
            2982.3984375
          ],
          [
            -109.225994,
            38.423126,
            2982.3984375
          ],
          [
            -109.226001,
            38.423113,
            2982.3984375
          ],
          [
            -109.226001,
            38.423113,
            2982.3984375
          ],
          [
            -109.226032,
            38.423064,
            2982.5
          ],
          [
            -109.226032,
            38.423064,
            2982.5
          ],
          [
            -109.22603,
            38.423038,
            2982.3984375
          ],
          [
            -109.22603,
            38.423038,
            2982.3984375
          ],
          [
            -109.226035,
            38.423015,
            2982.3984375
          ],
          [
            -109.226035,
            38.423015,
            2982.3984375
          ],
          [
            -109.226047,
            38.422958,
            2982.296875
          ],
          [
            -109.226047,
            38.422958,
            2982.296875
          ],
          [
            -109.226048,
            38.422945,
            2982.296875
          ],
          [
            -109.226048,
            38.422945,
            2982.296875
          ],
          [
            -109.226058,
            38.422921,
            2982.296875
          ],
          [
            -109.226058,
            38.422921,
            2982.296875
          ],
          [
            -109.22606,
            38.422909,
            2982.19921875
          ],
          [
            -109.22606,
            38.422909,
            2982.19921875
          ],
          [
            -109.226066,
            38.422897,
            2982.296875
          ],
          [
            -109.226066,
            38.422897,
            2982.296875
          ],
          [
            -109.226067,
            38.422882,
            2982.296875
          ],
          [
            -109.226067,
            38.422882,
            2982.296875
          ],
          [
            -109.226075,
            38.422856,
            2982.296875
          ],
          [
            -109.226075,
            38.422856,
            2982.296875
          ],
          [
            -109.22609,
            38.42283,
            2982.3984375
          ],
          [
            -109.22609,
            38.42283,
            2982.3984375
          ],
          [
            -109.226093,
            38.422819,
            2982.296875
          ],
          [
            -109.226093,
            38.422819,
            2982.296875
          ],
          [
            -109.226103,
            38.422801,
            2982.3984375
          ],
          [
            -109.226103,
            38.422801,
            2982.3984375
          ],
          [
            -109.226115,
            38.422784,
            2982.69921875
          ],
          [
            -109.226115,
            38.422784,
            2982.69921875
          ],
          [
            -109.226138,
            38.422757,
            2982.8984375
          ],
          [
            -109.226138,
            38.422757,
            2982.8984375
          ],
          [
            -109.226193,
            38.42273,
            2983.69921875
          ],
          [
            -109.226193,
            38.42273,
            2983.69921875
          ],
          [
            -109.226221,
            38.422707,
            2984.09765625
          ],
          [
            -109.226221,
            38.422707,
            2984.09765625
          ],
          [
            -109.226242,
            38.422677,
            2984.3984375
          ],
          [
            -109.226242,
            38.422677,
            2984.3984375
          ],
          [
            -109.226249,
            38.422661,
            2984.5
          ],
          [
            -109.226249,
            38.422661,
            2984.5
          ],
          [
            -109.226252,
            38.422631,
            2984.5
          ],
          [
            -109.226252,
            38.422631,
            2984.5
          ],
          [
            -109.226263,
            38.422586,
            2984.5
          ],
          [
            -109.226263,
            38.422586,
            2984.5
          ],
          [
            -109.226261,
            38.422572,
            2984.3984375
          ],
          [
            -109.226261,
            38.422572,
            2984.3984375
          ],
          [
            -109.226263,
            38.422557,
            2984.3984375
          ],
          [
            -109.226263,
            38.422557,
            2984.3984375
          ],
          [
            -109.226275,
            38.422538,
            2984.69921875
          ],
          [
            -109.226275,
            38.422538,
            2984.69921875
          ],
          [
            -109.226287,
            38.422513,
            2984.796875
          ],
          [
            -109.226287,
            38.422513,
            2984.796875
          ],
          [
            -109.226301,
            38.422495,
            2984.8984375
          ],
          [
            -109.226301,
            38.422495,
            2984.8984375
          ],
          [
            -109.226311,
            38.422481,
            2985.0
          ],
          [
            -109.226311,
            38.422481,
            2985.0
          ],
          [
            -109.226322,
            38.422472,
            2985.19921875
          ],
          [
            -109.226322,
            38.422472,
            2985.19921875
          ],
          [
            -109.226349,
            38.422437,
            2985.59765625
          ],
          [
            -109.226349,
            38.422437,
            2985.59765625
          ],
          [
            -109.226371,
            38.422417,
            2985.8984375
          ],
          [
            -109.226371,
            38.422417,
            2985.8984375
          ],
          [
            -109.2264,
            38.422394,
            2986.296875
          ],
          [
            -109.2264,
            38.422394,
            2986.296875
          ],
          [
            -109.22642,
            38.422355,
            2986.59765625
          ],
          [
            -109.22642,
            38.422355,
            2986.59765625
          ],
          [
            -109.226424,
            38.422342,
            2986.3984375
          ],
          [
            -109.226424,
            38.422342,
            2986.3984375
          ],
          [
            -109.226433,
            38.422331,
            2986.5
          ],
          [
            -109.226433,
            38.422331,
            2986.5
          ],
          [
            -109.226446,
            38.422324,
            2986.796875
          ],
          [
            -109.226446,
            38.422324,
            2986.796875
          ],
          [
            -109.226474,
            38.422284,
            2987.0
          ],
          [
            -109.226474,
            38.422284,
            2987.0
          ],
          [
            -109.226683,
            38.42207,
            2990.0
          ],
          [
            -109.226892,
            38.421855,
            2990.796875
          ],
          [
            -109.227101,
            38.421641,
            2990.296875
          ],
          [
            -109.22731,
            38.421426,
            2989.59765625
          ],
          [
            -109.227418,
            38.421315,
            2989.19921875
          ],
          [
            -109.227418,
            38.421315,
            2989.19921875
          ],
          [
            -109.227686,
            38.421146,
            2989.296875
          ],
          [
            -109.227954,
            38.420976,
            2988.69921875
          ],
          [
            -109.228043,
            38.42092,
            2988.3984375
          ],
          [
            -109.228043,
            38.42092,
            2988.3984375
          ],
          [
            -109.228367,
            38.421012,
            2990.296875
          ],
          [
            -109.228572,
            38.421071,
            2990.69921875
          ],
          [
            -109.228572,
            38.421071,
            2990.69921875
          ],
          [
            -109.228911,
            38.421119,
            2991.0
          ],
          [
            -109.22925,
            38.421167,
            2990.8984375
          ],
          [
            -109.229437,
            38.421193,
            2990.59765625
          ],
          [
            -109.229437,
            38.421193,
            2990.59765625
          ],
          [
            -109.229757,
            38.421292,
            2990.296875
          ],
          [
            -109.230077,
            38.421392,
            2990.09765625
          ],
          [
            -109.230134,
            38.42141,
            2990.0
          ],
          [
            -109.230134,
            38.42141,
            2990.0
          ],
          [
            -109.230468,
            38.421343,
            2987.5
          ],
          [
            -109.230801,
            38.421277,
            2985.296875
          ],
          [
            -109.230843,
            38.421268,
            2985.09765625
          ],
          [
            -109.230843,
            38.421268,
            2985.09765625
          ],
          [
            -109.23117,
            38.421353,
            2984.5
          ],
          [
            -109.231312,
            38.421391,
            2984.296875
          ],
          [
            -109.231312,
            38.421391,
            2984.296875
          ],
          [
            -109.23157,
            38.421569,
            2984.69921875
          ],
          [
            -109.231721,
            38.421673,
            2985.0
          ],
          [
            -109.231721,
            38.421673,
            2985.0
          ],
          [
            -109.231832,
            38.421928,
            2986.8984375
          ],
          [
            -109.231924,
            38.422139,
            2988.796875
          ],
          [
            -109.231924,
            38.422139,
            2988.796875
          ],
          [
            -109.231878,
            38.422251,
            2990.3984375
          ],
          [
            -109.231878,
            38.422251,
            2990.3984375
          ],
          [
            -109.232115,
            38.422282,
            2990.796875
          ],
          [
            -109.232115,
            38.422282,
            2990.796875
          ],
          [
            -109.232448,
            38.422215,
            2990.796875
          ],
          [
            -109.232546,
            38.422195,
            2990.8984375
          ],
          [
            -109.232546,
            38.422195,
            2990.8984375
          ],
          [
            -109.232876,
            38.422117,
            2991.3984375
          ],
          [
            -109.233009,
            38.422085,
            2991.796875
          ],
          [
            -109.233009,
            38.422085,
            2991.796875
          ],
          [
            -109.233353,
            38.422103,
            2995.3984375
          ],
          [
            -109.23341,
            38.422106,
            2995.8984375
          ],
          [
            -109.23341,
            38.422106,
            2995.8984375
          ],
          [
            -109.233534,
            38.422061,
            2996.09765625
          ],
          [
            -109.233534,
            38.422061,
            2996.09765625
          ],
          [
            -109.23373,
            38.422147,
            2998.796875
          ],
          [
            -109.23373,
            38.422147,
            2998.796875
          ],
          [
            -109.233887,
            38.422072,
            2998.8984375
          ],
          [
            -109.233887,
            38.422072,
            2998.8984375
          ],
          [
            -109.233953,
            38.421994,
            2999.09765625
          ],
          [
            -109.233953,
            38.421994,
            2999.09765625
          ],
          [
            -109.234105,
            38.422037,
            3001.69921875
          ],
          [
            -109.234105,
            38.422037,
            3001.69921875
          ],
          [
            -109.234171,
            38.422137,
            3003.8984375
          ],
          [
            -109.234171,
            38.422137,
            3003.8984375
          ],
          [
            -109.234326,
            38.422234,
            3007.796875
          ],
          [
            -109.234326,
            38.422234,
            3007.796875
          ],
          [
            -109.234431,
            38.422307,
            3010.796875
          ],
          [
            -109.234431,
            38.422307,
            3010.796875
          ],
          [
            -109.23442,
            38.422455,
            3012.296875
          ],
          [
            -109.23442,
            38.422455,
            3012.296875
          ],
          [
            -109.234516,
            38.422437,
            3013.69921875
          ],
          [
            -109.234516,
            38.422437,
            3013.69921875
          ],
          [
            -109.234536,
            38.422344,
            3013.0
          ],
          [
            -109.234536,
            38.422344,
            3013.0
          ],
          [
            -109.234732,
            38.422245,
            3014.296875
          ],
          [
            -109.234732,
            38.422245,
            3014.296875
          ],
          [
            -109.234878,
            38.422242,
            3016.0
          ],
          [
            -109.234878,
            38.422242,
            3016.0
          ],
          [
            -109.235222,
            38.422229,
            3019.8984375
          ],
          [
            -109.235256,
            38.422227,
            3020.3984375
          ],
          [
            -109.235256,
            38.422227,
            3020.3984375
          ],
          [
            -109.235428,
            38.422223,
            3022.3984375
          ],
          [
            -109.235428,
            38.422223,
            3022.3984375
          ],
          [
            -109.235546,
            38.422184,
            3023.296875
          ],
          [
            -109.235546,
            38.422184,
            3023.296875
          ],
          [
            -109.235739,
            38.422223,
            3025.296875
          ],
          [
            -109.235739,
            38.422223,
            3025.296875
          ],
          [
            -109.235784,
            38.422292,
            3026.59765625
          ],
          [
            -109.235784,
            38.422292,
            3026.59765625
          ],
          [
            -109.235731,
            38.422478,
            3028.5
          ],
          [
            -109.235731,
            38.422478,
            3028.5
          ],
          [
            -109.235607,
            38.422582,
            3028.796875
          ],
          [
            -109.235607,
            38.422582,
            3028.796875
          ],
          [
            -109.235549,
            38.422712,
            3029.69921875
          ],
          [
            -109.235549,
            38.422712,
            3029.69921875
          ],
          [
            -109.235469,
            38.422798,
            3030.0
          ],
          [
            -109.235469,
            38.422798,
            3030.0
          ],
          [
            -109.235493,
            38.422815,
            3030.3984375
          ],
          [
            -109.235493,
            38.422815,
            3030.3984375
          ],
          [
            -109.235482,
            38.422883,
            3031.0
          ],
          [
            -109.235482,
            38.422883,
            3031.0
          ],
          [
            -109.235568,
            38.422874,
            3031.59765625
          ],
          [
            -109.235568,
            38.422874,
            3031.59765625
          ],
          [
            -109.235686,
            38.422901,
            3032.796875
          ],
          [
            -109.235686,
            38.422901,
            3032.796875
          ],
          [
            -109.235755,
            38.422961,
            3034.19921875
          ],
          [
            -109.235755,
            38.422961,
            3034.19921875
          ],
          [
            -109.235864,
            38.422986,
            3035.5
          ],
          [
            -109.235864,
            38.422986,
            3035.5
          ],
          [
            -109.235944,
            38.423031,
            3036.796875
          ],
          [
            -109.235944,
            38.423031,
            3036.796875
          ],
          [
            -109.236124,
            38.423017,
            3038.0
          ],
          [
            -109.236124,
            38.423017,
            3038.0
          ],
          [
            -109.23628,
            38.422908,
            3037.796875
          ],
          [
            -109.23628,
            38.422908,
            3037.796875
          ],
          [
            -109.236371,
            38.422859,
            3038.19921875
          ],
          [
            -109.236371,
            38.422859,
            3038.19921875
          ],
          [
            -109.236548,
            38.422878,
            3039.796875
          ],
          [
            -109.236548,
            38.422878,
            3039.796875
          ],
          [
            -109.236731,
            38.422791,
            3040.09765625
          ],
          [
            -109.236731,
            38.422791,
            3040.09765625
          ],
          [
            -109.236993,
            38.422746,
            3041.5
          ],
          [
            -109.236993,
            38.422746,
            3041.5
          ],
          [
            -109.237138,
            38.422643,
            3041.3984375
          ],
          [
            -109.237138,
            38.422643,
            3041.3984375
          ],
          [
            -109.237278,
            38.422642,
            3042.3984375
          ],
          [
            -109.237278,
            38.422642,
            3042.3984375
          ],
          [
            -109.237346,
            38.422702,
            3043.59765625
          ],
          [
            -109.237346,
            38.422702,
            3043.59765625
          ],
          [
            -109.237523,
            38.422739,
            3045.19921875
          ],
          [
            -109.237523,
            38.422739,
            3045.19921875
          ],
          [
            -109.237595,
            38.422812,
            3046.59765625
          ],
          [
            -109.237595,
            38.422812,
            3046.59765625
          ],
          [
            -109.237572,
            38.422882,
            3047.09765625
          ],
          [
            -109.237572,
            38.422882,
            3047.09765625
          ],
          [
            -109.237583,
            38.423008,
            3048.69921875
          ],
          [
            -109.237583,
            38.423008,
            3048.69921875
          ],
          [
            -109.237531,
            38.4231,
            3049.296875
          ],
          [
            -109.237531,
            38.4231,
            3049.296875
          ],
          [
            -109.237399,
            38.42319,
            3049.19921875
          ],
          [
            -109.237399,
            38.42319,
            3049.19921875
          ],
          [
            -109.237354,
            38.423273,
            3050.3984375
          ],
          [
            -109.237354,
            38.423273,
            3050.3984375
          ],
          [
            -109.237429,
            38.423375,
            3053.296875
          ],
          [
            -109.237429,
            38.423375,
            3053.296875
          ],
          [
            -109.237472,
            38.423455,
            3055.19921875
          ],
          [
            -109.237472,
            38.423455,
            3055.19921875
          ],
          [
            -109.237448,
            38.423519,
            3056.3984375
          ],
          [
            -109.237448,
            38.423519,
            3056.3984375
          ],
          [
            -109.237354,
            38.423568,
            3056.296875
          ],
          [
            -109.237354,
            38.423568,
            3056.296875
          ],
          [
            -109.237242,
            38.423564,
            3055.09765625
          ],
          [
            -109.237242,
            38.423564,
            3055.09765625
          ],
          [
            -109.23719,
            38.423595,
            3055.59765625
          ],
          [
            -109.23719,
            38.423595,
            3055.59765625
          ],
          [
            -109.237201,
            38.423671,
            3057.09765625
          ],
          [
            -109.237201,
            38.423671,
            3057.09765625
          ],
          [
            -109.237248,
            38.42372,
            3058.59765625
          ],
          [
            -109.237248,
            38.42372,
            3058.59765625
          ],
          [
            -109.237391,
            38.42379,
            3060.8984375
          ],
          [
            -109.237391,
            38.42379,
            3060.8984375
          ],
          [
            -109.237487,
            38.423849,
            3062.69921875
          ],
          [
            -109.237487,
            38.423849,
            3062.69921875
          ],
          [
            -109.237568,
            38.423868,
            3063.3984375
          ],
          [
            -109.237568,
            38.423868,
            3063.3984375
          ],
          [
            -109.237635,
            38.423903,
            3064.19921875
          ],
          [
            -109.237635,
            38.423903,
            3064.19921875
          ],
          [
            -109.237826,
            38.423929,
            3065.5
          ],
          [
            -109.237826,
            38.423929,
            3065.5
          ],
          [
            -109.238046,
            38.423976,
            3067.296875
          ],
          [
            -109.238046,
            38.423976,
            3067.296875
          ],
          [
            -109.238102,
            38.42395,
            3067.09765625
          ],
          [
            -109.238102,
            38.42395,
            3067.09765625
          ],
          [
            -109.238159,
            38.423951,
            3067.3984375
          ],
          [
            -109.238159,
            38.423951,
            3067.3984375
          ],
          [
            -109.238225,
            38.423988,
            3068.19921875
          ],
          [
            -109.238225,
            38.423988,
            3068.19921875
          ],
          [
            -109.238269,
            38.424082,
            3069.69921875
          ],
          [
            -109.238269,
            38.424082,
            3069.69921875
          ],
          [
            -109.23836,
            38.424081,
            3070.09765625
          ],
          [
            -109.23836,
            38.424081,
            3070.09765625
          ],
          [
            -109.238431,
            38.424102,
            3070.8984375
          ],
          [
            -109.238431,
            38.424102,
            3070.8984375
          ],
          [
            -109.238476,
            38.424149,
            3072.0
          ],
          [
            -109.238476,
            38.424149,
            3072.0
          ],
          [
            -109.238463,
            38.424222,
            3073.09765625
          ],
          [
            -109.238463,
            38.424222,
            3073.09765625
          ],
          [
            -109.238478,
            38.42432,
            3074.796875
          ],
          [
            -109.238478,
            38.42432,
            3074.796875
          ],
          [
            -109.238387,
            38.424385,
            3076.0
          ],
          [
            -109.238387,
            38.424385,
            3076.0
          ],
          [
            -109.238378,
            38.424435,
            3077.09765625
          ],
          [
            -109.238378,
            38.424435,
            3077.09765625
          ],
          [
            -109.238387,
            38.424472,
            3077.796875
          ],
          [
            -109.238387,
            38.424472,
            3077.796875
          ],
          [
            -109.238436,
            38.424462,
            3077.69921875
          ],
          [
            -109.238436,
            38.424462,
            3077.69921875
          ],
          [
            -109.238549,
            38.424428,
            3077.5
          ],
          [
            -109.238549,
            38.424428,
            3077.5
          ],
          [
            -109.238648,
            38.42436,
            3076.59765625
          ],
          [
            -109.238648,
            38.42436,
            3076.59765625
          ],
          [
            -109.238741,
            38.424354,
            3077.296875
          ],
          [
            -109.238741,
            38.424354,
            3077.296875
          ],
          [
            -109.238877,
            38.424383,
            3079.296875
          ],
          [
            -109.238877,
            38.424383,
            3079.296875
          ],
          [
            -109.238908,
            38.424446,
            3080.796875
          ],
          [
            -109.238908,
            38.424446,
            3080.796875
          ],
          [
            -109.238901,
            38.424565,
            3082.8984375
          ],
          [
            -109.238901,
            38.424565,
            3082.8984375
          ],
          [
            -109.23883,
            38.424614,
            3083.19921875
          ],
          [
            -109.23883,
            38.424614,
            3083.19921875
          ],
          [
            -109.238684,
            38.424716,
            3084.3984375
          ],
          [
            -109.238684,
            38.424716,
            3084.3984375
          ],
          [
            -109.238527,
            38.424752,
            3084.296875
          ],
          [
            -109.238527,
            38.424752,
            3084.296875
          ],
          [
            -109.238398,
            38.424867,
            3086.5
          ],
          [
            -109.238398,
            38.424867,
            3086.5
          ],
          [
            -109.238267,
            38.424944,
            3088.59765625
          ],
          [
            -109.238267,
            38.424944,
            3088.59765625
          ],
          [
            -109.238228,
            38.424955,
            3088.8984375
          ],
          [
            -109.238228,
            38.424955,
            3088.8984375
          ],
          [
            -109.238195,
            38.424943,
            3088.59765625
          ],
          [
            -109.238195,
            38.424943,
            3088.59765625
          ],
          [
            -109.238109,
            38.42494,
            3088.59765625
          ],
          [
            -109.238109,
            38.42494,
            3088.59765625
          ],
          [
            -109.238086,
            38.424955,
            3088.8984375
          ],
          [
            -109.238086,
            38.424955,
            3088.8984375
          ],
          [
            -109.238074,
            38.424965,
            3089.5
          ],
          [
            -109.238074,
            38.424965,
            3089.5
          ],
          [
            -109.238064,
            38.424993,
            3090.19921875
          ],
          [
            -109.238064,
            38.424993,
            3090.19921875
          ],
          [
            -109.238077,
            38.425013,
            3090.796875
          ],
          [
            -109.238077,
            38.425013,
            3090.796875
          ],
          [
            -109.23808,
            38.425025,
            3091.5
          ],
          [
            -109.23808,
            38.425025,
            3091.5
          ],
          [
            -109.238091,
            38.425029,
            3091.5
          ],
          [
            -109.238091,
            38.425029,
            3091.5
          ],
          [
            -109.238105,
            38.425023,
            3091.09765625
          ],
          [
            -109.238105,
            38.425023,
            3091.09765625
          ],
          [
            -109.238134,
            38.425021,
            3091.09765625
          ],
          [
            -109.238134,
            38.425021,
            3091.09765625
          ],
          [
            -109.238152,
            38.425031,
            3091.5
          ],
          [
            -109.238152,
            38.425031,
            3091.5
          ],
          [
            -109.23818,
            38.425032,
            3091.5
          ],
          [
            -109.23818,
            38.425032,
            3091.5
          ],
          [
            -109.238236,
            38.425056,
            3092.3984375
          ],
          [
            -109.238236,
            38.425056,
            3092.3984375
          ],
          [
            -109.238247,
            38.425063,
            3092.3984375
          ],
          [
            -109.238247,
            38.425063,
            3092.3984375
          ],
          [
            -109.238264,
            38.42506,
            3092.3984375
          ],
          [
            -109.238264,
            38.42506,
            3092.3984375
          ],
          [
            -109.238325,
            38.425067,
            3092.796875
          ],
          [
            -109.238325,
            38.425067,
            3092.796875
          ],
          [
            -109.238402,
            38.425065,
            3092.5
          ],
          [
            -109.238402,
            38.425065,
            3092.5
          ],
          [
            -109.238546,
            38.425063,
            3092.69921875
          ],
          [
            -109.238546,
            38.425063,
            3092.69921875
          ],
          [
            -109.238623,
            38.425065,
            3092.796875
          ],
          [
            -109.238623,
            38.425065,
            3092.796875
          ],
          [
            -109.238664,
            38.425072,
            3093.19921875
          ],
          [
            -109.238664,
            38.425072,
            3093.19921875
          ],
          [
            -109.238758,
            38.42504,
            3092.8984375
          ],
          [
            -109.238758,
            38.42504,
            3092.8984375
          ],
          [
            -109.238846,
            38.425024,
            3092.796875
          ],
          [
            -109.238846,
            38.425024,
            3092.796875
          ],
          [
            -109.238912,
            38.425025,
            3093.3984375
          ],
          [
            -109.238912,
            38.425025,
            3093.3984375
          ],
          [
            -109.238995,
            38.425039,
            3094.5
          ],
          [
            -109.238995,
            38.425039,
            3094.5
          ],
          [
            -109.239062,
            38.425038,
            3095.0
          ],
          [
            -109.239062,
            38.425038,
            3095.0
          ],
          [
            -109.239145,
            38.425045,
            3095.69921875
          ],
          [
            -109.239145,
            38.425045,
            3095.69921875
          ],
          [
            -109.239176,
            38.425042,
            3096.0
          ],
          [
            -109.239176,
            38.425042,
            3096.0
          ],
          [
            -109.239246,
            38.425053,
            3096.796875
          ],
          [
            -109.239246,
            38.425053,
            3096.796875
          ],
          [
            -109.239339,
            38.425075,
            3098.09765625
          ],
          [
            -109.239339,
            38.425075,
            3098.09765625
          ],
          [
            -109.239356,
            38.425071,
            3098.09765625
          ],
          [
            -109.239356,
            38.425071,
            3098.09765625
          ],
          [
            -109.239417,
            38.425077,
            3098.69921875
          ],
          [
            -109.239417,
            38.425077,
            3098.69921875
          ],
          [
            -109.239477,
            38.425091,
            3099.3984375
          ],
          [
            -109.239477,
            38.425091,
            3099.3984375
          ],
          [
            -109.239492,
            38.425101,
            3099.59765625
          ],
          [
            -109.239492,
            38.425101,
            3099.59765625
          ],
          [
            -109.239605,
            38.425111,
            3100.59765625
          ],
          [
            -109.239605,
            38.425111,
            3100.59765625
          ],
          [
            -109.239625,
            38.425105,
            3100.69921875
          ],
          [
            -109.239625,
            38.425105,
            3100.69921875
          ],
          [
            -109.239674,
            38.425094,
            3100.59765625
          ],
          [
            -109.239674,
            38.425094,
            3100.59765625
          ],
          [
            -109.23975,
            38.425089,
            3101.0
          ],
          [
            -109.23975,
            38.425089,
            3101.0
          ],
          [
            -109.239833,
            38.42508,
            3100.796875
          ],
          [
            -109.239833,
            38.42508,
            3100.796875
          ],
          [
            -109.239915,
            38.425075,
            3100.8984375
          ],
          [
            -109.239915,
            38.425075,
            3100.8984375
          ],
          [
            -109.239974,
            38.425081,
            3100.8984375
          ],
          [
            -109.239974,
            38.425081,
            3100.8984375
          ],
          [
            -109.240045,
            38.425101,
            3101.5
          ],
          [
            -109.240045,
            38.425101,
            3101.5
          ],
          [
            -109.240096,
            38.425103,
            3101.69921875
          ],
          [
            -109.240096,
            38.425103,
            3101.69921875
          ],
          [
            -109.240117,
            38.425102,
            3101.69921875
          ],
          [
            -109.240117,
            38.425102,
            3101.69921875
          ],
          [
            -109.240136,
            38.425097,
            3101.796875
          ],
          [
            -109.240136,
            38.425097,
            3101.796875
          ],
          [
            -109.240159,
            38.425098,
            3101.8984375
          ],
          [
            -109.240159,
            38.425098,
            3101.8984375
          ],
          [
            -109.240201,
            38.425113,
            3102.19921875
          ],
          [
            -109.240201,
            38.425113,
            3102.19921875
          ],
          [
            -109.240255,
            38.425122,
            3102.59765625
          ],
          [
            -109.240255,
            38.425122,
            3102.59765625
          ],
          [
            -109.240326,
            38.425139,
            3103.0
          ],
          [
            -109.240326,
            38.425139,
            3103.0
          ],
          [
            -109.240367,
            38.425153,
            3103.19921875
          ],
          [
            -109.240367,
            38.425153,
            3103.19921875
          ],
          [
            -109.24043,
            38.425156,
            3103.3984375
          ],
          [
            -109.24043,
            38.425156,
            3103.3984375
          ],
          [
            -109.240493,
            38.425149,
            3103.19921875
          ],
          [
            -109.240493,
            38.425149,
            3103.19921875
          ],
          [
            -109.240521,
            38.425141,
            3103.0
          ],
          [
            -109.240521,
            38.425141,
            3103.0
          ],
          [
            -109.240567,
            38.425133,
            3102.8984375
          ],
          [
            -109.240567,
            38.425133,
            3102.8984375
          ],
          [
            -109.240628,
            38.425111,
            3102.69921875
          ],
          [
            -109.240628,
            38.425111,
            3102.69921875
          ],
          [
            -109.240731,
            38.425086,
            3102.59765625
          ],
          [
            -109.240731,
            38.425086,
            3102.59765625
          ],
          [
            -109.240899,
            38.425122,
            3103.59765625
          ],
          [
            -109.240899,
            38.425122,
            3103.59765625
          ],
          [
            -109.241159,
            38.425128,
            3103.796875
          ],
          [
            -109.241159,
            38.425128,
            3103.796875
          ],
          [
            -109.241484,
            38.42511,
            3103.3984375
          ],
          [
            -109.241484,
            38.42511,
            3103.3984375
          ],
          [
            -109.241785,
            38.425075,
            3102.3984375
          ],
          [
            -109.241785,
            38.425075,
            3102.3984375
          ],
          [
            -109.242011,
            38.425128,
            3102.59765625
          ],
          [
            -109.242011,
            38.425128,
            3102.59765625
          ],
          [
            -109.242202,
            38.425147,
            3102.296875
          ],
          [
            -109.242202,
            38.425147,
            3102.296875
          ],
          [
            -109.242312,
            38.425117,
            3101.69921875
          ],
          [
            -109.242312,
            38.425117,
            3101.69921875
          ],
          [
            -109.242443,
            38.425124,
            3101.69921875
          ],
          [
            -109.242443,
            38.425124,
            3101.69921875
          ],
          [
            -109.242636,
            38.425188,
            3101.5
          ],
          [
            -109.242636,
            38.425188,
            3101.5
          ],
          [
            -109.242979,
            38.425215,
            3098.8984375
          ],
          [
            -109.243321,
            38.425243,
            3097.796875
          ],
          [
            -109.243412,
            38.42525,
            3098.3984375
          ],
          [
            -109.243412,
            38.42525,
            3098.3984375
          ],
          [
            -109.243692,
            38.425261,
            3100.0
          ],
          [
            -109.243692,
            38.425261,
            3100.0
          ],
          [
            -109.244,
            38.42514,
            3098.796875
          ],
          [
            -109.24401,
            38.425136,
            3098.8984375
          ],
          [
            -109.24401,
            38.425136,
            3098.8984375
          ],
          [
            -109.244192,
            38.424907,
            3098.796875
          ],
          [
            -109.244374,
            38.424679,
            3101.0
          ],
          [
            -109.244374,
            38.424679,
            3101.0
          ],
          [
            -109.244496,
            38.424427,
            3103.19921875
          ],
          [
            -109.244617,
            38.424174,
            3105.296875
          ],
          [
            -109.244669,
            38.424067,
            3106.0
          ],
          [
            -109.244669,
            38.424067,
            3106.0
          ],
          [
            -109.244901,
            38.423868,
            3109.8984375
          ],
          [
            -109.245133,
            38.423668,
            3109.19921875
          ],
          [
            -109.245365,
            38.423469,
            3108.0
          ],
          [
            -109.245426,
            38.423416,
            3108.19921875
          ],
          [
            -109.245426,
            38.423416,
            3108.19921875
          ],
          [
            -109.245435,
            38.423407,
            3108.19921875
          ],
          [
            -109.2454,
            38.423502,
            3108.59765625
          ],
          [
            -109.245438,
            38.423399,
            3108.09765625
          ],
          [
            -109.245524,
            38.423248,
            3107.8984375
          ],
          [
            -109.245555,
            38.423165,
            3107.796875
          ],
          [
            -109.245582,
            38.42312,
            3107.8984375
          ],
          [
            -109.245602,
            38.423062,
            3107.796875
          ],
          [
            -109.245623,
            38.422941,
            3106.8984375
          ],
          [
            -109.245655,
            38.422884,
            3107.296875
          ],
          [
            -109.245668,
            38.422804,
            3106.8984375
          ],
          [
            -109.245714,
            38.42265,
            3106.3984375
          ],
          [
            -109.245757,
            38.422534,
            3107.09765625
          ],
          [
            -109.24583,
            38.422385,
            3108.0
          ],
          [
            -109.24585,
            38.422341,
            3108.296875
          ],
          [
            -109.245878,
            38.422278,
            3109.0
          ],
          [
            -109.245963,
            38.422169,
            3110.5
          ],
          [
            -109.24602,
            38.42208,
            3111.69921875
          ],
          [
            -109.24612,
            38.421908,
            3111.796875
          ],
          [
            -109.246305,
            38.421666,
            3110.296875
          ],
          [
            -109.246385,
            38.421573,
            3109.5
          ],
          [
            -109.24644,
            38.421478,
            3108.796875
          ],
          [
            -109.246488,
            38.42137,
            3108.0
          ],
          [
            -109.246592,
            38.421255,
            3107.09765625
          ],
          [
            -109.246834,
            38.421035,
            3104.69921875
          ],
          [
            -109.246973,
            38.420921,
            3103.19921875
          ],
          [
            -109.247037,
            38.420889,
            3102.796875
          ],
          [
            -109.247084,
            38.420852,
            3102.19921875
          ],
          [
            -109.247132,
            38.420823,
            3101.796875
          ],
          [
            -109.247277,
            38.420787,
            3101.3984375
          ],
          [
            -109.247386,
            38.42076,
            3101.09765625
          ],
          [
            -109.247469,
            38.420733,
            3100.59765625
          ],
          [
            -109.247524,
            38.420697,
            3100.19921875
          ],
          [
            -109.247683,
            38.420648,
            3099.69921875
          ],
          [
            -109.247862,
            38.420577,
            3098.8984375
          ],
          [
            -109.247961,
            38.420522,
            3098.296875
          ],
          [
            -109.248019,
            38.420483,
            3097.8984375
          ],
          [
            -109.248134,
            38.42045,
            3097.8984375
          ],
          [
            -109.248216,
            38.420418,
            3097.69921875
          ],
          [
            -109.248295,
            38.420395,
            3097.3984375
          ],
          [
            -109.248409,
            38.420378,
            3097.296875
          ],
          [
            -109.248517,
            38.420343,
            3096.59765625
          ],
          [
            -109.248551,
            38.420323,
            3096.296875
          ],
          [
            -109.248617,
            38.42029,
            3095.796875
          ],
          [
            -109.248685,
            38.420274,
            3095.59765625
          ],
          [
            -109.248739,
            38.420267,
            3095.796875
          ],
          [
            -109.248816,
            38.420254,
            3095.59765625
          ],
          [
            -109.248874,
            38.420233,
            3095.19921875
          ],
          [
            -109.249003,
            38.420173,
            3094.5
          ],
          [
            -109.249036,
            38.420158,
            3094.59765625
          ],
          [
            -109.249352,
            38.420063,
            3093.8984375
          ],
          [
            -109.249551,
            38.419974,
            3093.0
          ],
          [
            -109.24972,
            38.419907,
            3092.8984375
          ],
          [
            -109.249859,
            38.41989,
            3093.09765625
          ],
          [
            -109.249963,
            38.419893,
            3093.5
          ],
          [
            -109.250066,
            38.419873,
            3093.3984375
          ],
          [
            -109.250184,
            38.419856,
            3093.59765625
          ],
          [
            -109.250246,
            38.41985,
            3093.69921875
          ],
          [
            -109.250298,
            38.419827,
            3093.296875
          ],
          [
            -109.250351,
            38.41981,
            3092.8984375
          ],
          [
            -109.250494,
            38.419787,
            3092.69921875
          ],
          [
            -109.250517,
            38.419778,
            3092.5
          ],
          [
            -109.250624,
            38.419746,
            3092.0
          ],
          [
            -109.250734,
            38.419729,
            3091.59765625
          ],
          [
            -109.250956,
            38.419657,
            3090.296875
          ],
          [
            -109.251227,
            38.419478,
            3088.0
          ],
          [
            -109.251336,
            38.419375,
            3087.3984375
          ],
          [
            -109.251378,
            38.419314,
            3087.0
          ],
          [
            -109.251416,
            38.419268,
            3087.0
          ],
          [
            -109.251446,
            38.419243,
            3087.0
          ],
          [
            -109.251551,
            38.419169,
            3087.3984375
          ],
          [
            -109.251626,
            38.419131,
            3087.796875
          ],
          [
            -109.251649,
            38.419119,
            3087.8984375
          ],
          [
            -109.251654,
            38.419108,
            3087.8984375
          ],
          [
            -109.251676,
            38.419052,
            3088.0
          ],
          [
            -109.251696,
            38.418912,
            3087.69921875
          ],
          [
            -109.25173,
            38.418828,
            3087.69921875
          ],
          [
            -109.251799,
            38.418755,
            3088.0
          ],
          [
            -109.251854,
            38.41873,
            3088.19921875
          ],
          [
            -109.251946,
            38.418716,
            3088.796875
          ],
          [
            -109.252065,
            38.418701,
            3089.296875
          ],
          [
            -109.252142,
            38.41868,
            3089.59765625
          ],
          [
            -109.252221,
            38.418632,
            3090.0
          ],
          [
            -109.252412,
            38.418476,
            3091.296875
          ],
          [
            -109.252594,
            38.418314,
            3092.69921875
          ],
          [
            -109.252594,
            38.418314,
            3092.69921875
          ],
          [
            -109.252863,
            38.418074,
            3096.5
          ],
          [
            -109.253351,
            38.417252,
            3101.09765625
          ],
          [
            -109.25406,
            38.416804,
            3105.19921875
          ],
          [
            -109.255101,
            38.416735,
            3108.8984375
          ],
          [
            -109.256319,
            38.417116,
            3113.3984375
          ],
          [
            -109.257569,
            38.417053,
            3117.59765625
          ],
          [
            -109.259588,
            38.416796,
            3129.19921875
          ],
          [
            -109.2616,
            38.416405,
            3137.59765625
          ],
          [
            -109.262113,
            38.416366,
            3136.59765625
          ],
          [
            -109.262113,
            38.416366,
            3136.59765625
          ],
          [
            -109.263226,
            38.416281,
            3136.3984375
          ],
          [
            -109.26476,
            38.416322,
            3136.296875
          ],
          [
            -109.264982,
            38.416266,
            3136.8984375
          ],
          [
            -109.264982,
            38.416266,
            3136.8984375
          ],
          [
            -109.265133,
            38.416238,
            3136.8984375
          ],
          [
            -109.265133,
            38.416238,
            3136.8984375
          ],
          [
            -109.265397,
            38.416316,
            3136.59765625
          ],
          [
            -109.265397,
            38.416316,
            3136.59765625
          ],
          [
            -109.265493,
            38.41627,
            3136.296875
          ],
          [
            -109.265493,
            38.41627,
            3136.296875
          ],
          [
            -109.265582,
            38.416199,
            3135.09765625
          ],
          [
            -109.265582,
            38.416199,
            3135.09765625
          ],
          [
            -109.265619,
            38.416101,
            3132.8984375
          ],
          [
            -109.265619,
            38.416101,
            3132.8984375
          ],
          [
            -109.265736,
            38.415992,
            3129.5
          ],
          [
            -109.265736,
            38.415992,
            3129.5
          ],
          [
            -109.265883,
            38.41598,
            3128.19921875
          ],
          [
            -109.265883,
            38.41598,
            3128.19921875
          ],
          [
            -109.266125,
            38.416034,
            3130.5
          ],
          [
            -109.266125,
            38.416034,
            3130.5
          ],
          [
            -109.266263,
            38.415949,
            3128.69921875
          ],
          [
            -109.266263,
            38.415949,
            3128.69921875
          ],
          [
            -109.26643,
            38.41591,
            3128.19921875
          ],
          [
            -109.26643,
            38.41591,
            3128.19921875
          ],
          [
            -109.266632,
            38.415921,
            3129.3984375
          ],
          [
            -109.266632,
            38.415921,
            3129.3984375
          ],
          [
            -109.266824,
            38.415962,
            3132.0
          ],
          [
            -109.266824,
            38.415962,
            3132.0
          ],
          [
            -109.267021,
            38.415878,
            3129.09765625
          ],
          [
            -109.267021,
            38.415878,
            3129.09765625
          ],
          [
            -109.267135,
            38.415861,
            3129.296875
          ],
          [
            -109.267135,
            38.415861,
            3129.296875
          ],
          [
            -109.267376,
            38.415929,
            3132.796875
          ],
          [
            -109.267376,
            38.415929,
            3132.796875
          ],
          [
            -109.267719,
            38.415948,
            3132.296875
          ],
          [
            -109.267807,
            38.415953,
            3131.796875
          ],
          [
            -109.267807,
            38.415953,
            3131.796875
          ],
          [
            -109.268124,
            38.416057,
            3132.59765625
          ],
          [
            -109.268212,
            38.416086,
            3132.5
          ],
          [
            -109.268212,
            38.416086,
            3132.5
          ],
          [
            -109.268488,
            38.416247,
            3133.19921875
          ],
          [
            -109.268552,
            38.416285,
            3132.8984375
          ],
          [
            -109.268552,
            38.416285,
            3132.8984375
          ],
          [
            -109.2687,
            38.416372,
            3131.8984375
          ],
          [
            -109.2687,
            38.416372,
            3131.8984375
          ],
          [
            -109.268936,
            38.416434,
            3129.8984375
          ],
          [
            -109.268936,
            38.416434,
            3129.8984375
          ],
          [
            -109.269192,
            38.416614,
            3130.796875
          ],
          [
            -109.269306,
            38.416695,
            3130.296875
          ],
          [
            -109.269306,
            38.416695,
            3130.296875
          ],
          [
            -109.269388,
            38.416794,
            3130.59765625
          ],
          [
            -109.269388,
            38.416794,
            3130.59765625
          ],
          [
            -109.269477,
            38.41684,
            3130.0
          ],
          [
            -109.269477,
            38.41684,
            3130.0
          ],
          [
            -109.269576,
            38.416877,
            3129.296875
          ],
          [
            -109.269576,
            38.416877,
            3129.296875
          ],
          [
            -109.269883,
            38.416999,
            3128.0
          ],
          [
            -109.26991,
            38.417009,
            3127.8984375
          ],
          [
            -109.26991,
            38.417009,
            3127.8984375
          ],
          [
            -109.270034,
            38.417027,
            3127.296875
          ],
          [
            -109.270034,
            38.417027,
            3127.296875
          ],
          [
            -109.270153,
            38.417015,
            3126.69921875
          ],
          [
            -109.270153,
            38.417015,
            3126.69921875
          ],
          [
            -109.270476,
            38.417055,
            3125.19921875
          ],
          [
            -109.270476,
            38.417055,
            3125.19921875
          ],
          [
            -109.27082,
            38.417051,
            3122.59765625
          ],
          [
            -109.270951,
            38.41705,
            3121.59765625
          ],
          [
            -109.270951,
            38.41705,
            3121.59765625
          ],
          [
            -109.271205,
            38.417066,
            3120.0
          ],
          [
            -109.271205,
            38.417066,
            3120.0
          ],
          [
            -109.27141,
            38.417033,
            3117.8984375
          ],
          [
            -109.27141,
            38.417033,
            3117.8984375
          ],
          [
            -109.271754,
            38.417047,
            3116.19921875
          ],
          [
            -109.271795,
            38.417048,
            3116.0
          ],
          [
            -109.271795,
            38.417048,
            3116.0
          ],
          [
            -109.272113,
            38.417043,
            3114.69921875
          ],
          [
            -109.272113,
            38.417043,
            3114.69921875
          ],
          [
            -109.272457,
            38.417038,
            3114.19921875
          ],
          [
            -109.272579,
            38.417037,
            3114.296875
          ],
          [
            -109.272579,
            38.417037,
            3114.296875
          ],
          [
            -109.272923,
            38.417049,
            3115.19921875
          ],
          [
            -109.272987,
            38.417051,
            3115.3984375
          ],
          [
            -109.272987,
            38.417051,
            3115.3984375
          ],
          [
            -109.273331,
            38.417037,
            3114.69921875
          ],
          [
            -109.273457,
            38.417031,
            3114.59765625
          ],
          [
            -109.273457,
            38.417031,
            3114.59765625
          ],
          [
            -109.2738,
            38.417058,
            3113.5
          ],
          [
            -109.273831,
            38.41706,
            3113.296875
          ],
          [
            -109.273831,
            38.41706,
            3113.296875
          ],
          [
            -109.274167,
            38.417054,
            3111.69921875
          ],
          [
            -109.274167,
            38.417054,
            3111.69921875
          ],
          [
            -109.274511,
            38.417045,
            3109.3984375
          ],
          [
            -109.274543,
            38.417044,
            3109.19921875
          ],
          [
            -109.274543,
            38.417044,
            3109.19921875
          ],
          [
            -109.27474,
            38.417062,
            3108.796875
          ],
          [
            -109.27474,
            38.417062,
            3108.796875
          ],
          [
            -109.274935,
            38.417051,
            3109.296875
          ],
          [
            -109.274935,
            38.417051,
            3109.296875
          ],
          [
            -109.275137,
            38.417072,
            3110.796875
          ],
          [
            -109.275137,
            38.417072,
            3110.796875
          ],
          [
            -109.275371,
            38.417001,
            3110.59765625
          ],
          [
            -109.275371,
            38.417001,
            3110.59765625
          ],
          [
            -109.275665,
            38.41686,
            3107.8984375
          ],
          [
            -109.275726,
            38.416831,
            3107.5
          ],
          [
            -109.275726,
            38.416831,
            3107.5
          ],
          [
            -109.275985,
            38.416705,
            3103.796875
          ],
          [
            -109.275985,
            38.416705,
            3103.796875
          ],
          [
            -109.276304,
            38.416603,
            3100.0
          ],
          [
            -109.276306,
            38.416602,
            3099.8984375
          ],
          [
            -109.276306,
            38.416602,
            3099.8984375
          ],
          [
            -109.276579,
            38.416502,
            3095.796875
          ],
          [
            -109.276579,
            38.416502,
            3095.796875
          ],
          [
            -109.276846,
            38.4164,
            3091.5
          ],
          [
            -109.276846,
            38.4164,
            3091.5
          ],
          [
            -109.277144,
            38.4163,
            3087.296875
          ],
          [
            -109.277144,
            38.4163,
            3087.296875
          ],
          [
            -109.277246,
            38.416195,
            3084.69921875
          ],
          [
            -109.277246,
            38.416195,
            3084.69921875
          ],
          [
            -109.277325,
            38.416131,
            3082.5
          ],
          [
            -109.277325,
            38.416131,
            3082.5
          ],
          [
            -109.277452,
            38.415937,
            3078.09765625
          ],
          [
            -109.277452,
            38.415937,
            3078.09765625
          ],
          [
            -109.277481,
            38.415862,
            3076.59765625
          ],
          [
            -109.277481,
            38.415862,
            3076.59765625
          ],
          [
            -109.277534,
            38.415825,
            3075.69921875
          ],
          [
            -109.277534,
            38.415825,
            3075.69921875
          ],
          [
            -109.277521,
            38.415716,
            3074.19921875
          ],
          [
            -109.277521,
            38.415716,
            3074.19921875
          ],
          [
            -109.277541,
            38.415655,
            3073.19921875
          ],
          [
            -109.277541,
            38.415655,
            3073.19921875
          ],
          [
            -109.277653,
            38.415569,
            3071.3984375
          ],
          [
            -109.277653,
            38.415569,
            3071.3984375
          ],
          [
            -109.277764,
            38.415336,
            3068.19921875
          ],
          [
            -109.277764,
            38.415336,
            3068.19921875
          ],
          [
            -109.277816,
            38.41513,
            3065.8984375
          ],
          [
            -109.277816,
            38.41513,
            3065.8984375
          ],
          [
            -109.277981,
            38.414976,
            3064.5
          ],
          [
            -109.277981,
            38.414976,
            3064.5
          ],
          [
            -109.278066,
            38.414774,
            3063.69921875
          ],
          [
            -109.278066,
            38.414774,
            3063.69921875
          ],
          [
            -109.278178,
            38.41464,
            3063.59765625
          ],
          [
            -109.278178,
            38.41464,
            3063.59765625
          ],
          [
            -109.278291,
            38.414508,
            3063.5
          ],
          [
            -109.278291,
            38.414508,
            3063.5
          ],
          [
            -109.278398,
            38.414437,
            3063.3984375
          ],
          [
            -109.278398,
            38.414437,
            3063.3984375
          ],
          [
            -109.278685,
            38.414384,
            3062.796875
          ],
          [
            -109.278685,
            38.414384,
            3062.796875
          ],
          [
            -109.278754,
            38.41435,
            3062.796875
          ],
          [
            -109.278754,
            38.41435,
            3062.796875
          ],
          [
            -109.278751,
            38.414356,
            3062.796875
          ],
          [
            -109.27859,
            38.414306,
            3063.0
          ],
          [
            -109.27859,
            38.414306,
            3063.0
          ],
          [
            -109.278501,
            38.414278,
            3062.8984375
          ],
          [
            -109.2781,
            38.414273,
            3059.8984375
          ],
          [
            -109.277874,
            38.414294,
            3056.3984375
          ],
          [
            -109.277604,
            38.414275,
            3052.09765625
          ],
          [
            -109.277306,
            38.414274,
            3047.796875
          ],
          [
            -109.276757,
            38.414375,
            3039.296875
          ],
          [
            -109.276383,
            38.41438,
            3029.69921875
          ],
          [
            -109.276317,
            38.414354,
            3027.59765625
          ],
          [
            -109.276317,
            38.414354,
            3027.59765625
          ],
          [
            -109.276314,
            38.414353,
            3027.3984375
          ],
          [
            -109.276232,
            38.414263,
            3024.09765625
          ],
          [
            -109.276182,
            38.414145,
            3021.8984375
          ],
          [
            -109.276107,
            38.414064,
            3019.296875
          ],
          [
            -109.275907,
            38.414025,
            3014.0
          ],
          [
            -109.275738,
            38.413962,
            3008.59765625
          ],
          [
            -109.275738,
            38.413962,
            3008.59765625
          ],
          [
            -109.275734,
            38.413961,
            3008.296875
          ],
          [
            -109.275621,
            38.41389,
            3004.296875
          ],
          [
            -109.275221,
            38.413537,
            2995.09765625
          ],
          [
            -109.275059,
            38.41344,
            2993.09765625
          ],
          [
            -109.27501,
            38.413421,
            2992.5
          ],
          [
            -109.27501,
            38.413421,
            2992.5
          ],
          [
            -109.274635,
            38.413275,
            2988.69921875
          ],
          [
            -109.274406,
            38.413207,
            2984.09765625
          ],
          [
            -109.274133,
            38.413198,
            2982.0
          ],
          [
            -109.273995,
            38.413172,
            2980.69921875
          ],
          [
            -109.273995,
            38.413172,
            2980.69921875
          ],
          [
            -109.273982,
            38.41317,
            2980.59765625
          ],
          [
            -109.273721,
            38.413092,
            2977.0
          ],
          [
            -109.273721,
            38.413092,
            2977.0
          ],
          [
            -109.273601,
            38.413086,
            2976.8984375
          ],
          [
            -109.273601,
            38.413086,
            2976.8984375
          ],
          [
            -109.273563,
            38.413092,
            2976.8984375
          ],
          [
            -109.273563,
            38.413092,
            2976.8984375
          ],
          [
            -109.273495,
            38.413071,
            2976.19921875
          ],
          [
            -109.273495,
            38.413071,
            2976.19921875
          ],
          [
            -109.273432,
            38.413057,
            2976.0
          ],
          [
            -109.273432,
            38.413057,
            2976.0
          ],
          [
            -109.273335,
            38.413082,
            2976.69921875
          ],
          [
            -109.273335,
            38.413082,
            2976.69921875
          ],
          [
            -109.273281,
            38.413064,
            2976.5
          ],
          [
            -109.273281,
            38.413064,
            2976.5
          ],
          [
            -109.273171,
            38.413026,
            2976.5
          ],
          [
            -109.273171,
            38.413026,
            2976.5
          ],
          [
            -109.273025,
            38.413019,
            2977.5
          ],
          [
            -109.273025,
            38.413019,
            2977.5
          ],
          [
            -109.272982,
            38.413023,
            2977.8984375
          ],
          [
            -109.272982,
            38.413023,
            2977.8984375
          ],
          [
            -109.272902,
            38.412985,
            2978.09765625
          ],
          [
            -109.272902,
            38.412985,
            2978.09765625
          ],
          [
            -109.272835,
            38.412902,
            2976.8984375
          ],
          [
            -109.272835,
            38.412902,
            2976.8984375
          ],
          [
            -109.272843,
            38.412863,
            2975.796875
          ],
          [
            -109.272843,
            38.412863,
            2975.796875
          ],
          [
            -109.272838,
            38.41282,
            2974.69921875
          ],
          [
            -109.272838,
            38.41282,
            2974.69921875
          ],
          [
            -109.272818,
            38.412779,
            2974.0
          ],
          [
            -109.272818,
            38.412779,
            2974.0
          ],
          [
            -109.272772,
            38.412736,
            2973.69921875
          ],
          [
            -109.272772,
            38.412736,
            2973.69921875
          ],
          [
            -109.272756,
            38.412685,
            2972.59765625
          ],
          [
            -109.272756,
            38.412685,
            2972.59765625
          ],
          [
            -109.272722,
            38.412663,
            2972.5
          ],
          [
            -109.272722,
            38.412663,
            2972.5
          ],
          [
            -109.27269,
            38.412663,
            2973.0
          ],
          [
            -109.27269,
            38.412663,
            2973.0
          ],
          [
            -109.272637,
            38.412577,
            2971.69921875
          ],
          [
            -109.272637,
            38.412577,
            2971.69921875
          ],
          [
            -109.272545,
            38.412428,
            2968.8984375
          ],
          [
            -109.272545,
            38.412428,
            2968.8984375
          ],
          [
            -109.272504,
            38.412401,
            2969.09765625
          ],
          [
            -109.272504,
            38.412401,
            2969.09765625
          ],
          [
            -109.272531,
            38.412335,
            2966.59765625
          ],
          [
            -109.272531,
            38.412335,
            2966.59765625
          ],
          [
            -109.272579,
            38.412261,
            2962.69921875
          ],
          [
            -109.272579,
            38.412261,
            2962.69921875
          ],
          [
            -109.272573,
            38.412256,
            2962.8984375
          ],
          [
            -109.272573,
            38.412256,
            2962.8984375
          ],
          [
            -109.272559,
            38.412262,
            2963.09765625
          ],
          [
            -109.272559,
            38.412262,
            2963.09765625
          ],
          [
            -109.272537,
            38.412263,
            2963.5
          ],
          [
            -109.272537,
            38.412263,
            2963.5
          ],
          [
            -109.272507,
            38.412258,
            2964.19921875
          ],
          [
            -109.272507,
            38.412258,
            2964.19921875
          ],
          [
            -109.272473,
            38.412241,
            2964.5
          ],
          [
            -109.272473,
            38.412241,
            2964.5
          ],
          [
            -109.272464,
            38.412177,
            2962.69921875
          ],
          [
            -109.272464,
            38.412177,
            2962.69921875
          ],
          [
            -109.272458,
            38.412097,
            2959.8984375
          ],
          [
            -109.272458,
            38.412097,
            2959.8984375
          ],
          [
            -109.272468,
            38.412068,
            2958.3984375
          ],
          [
            -109.272468,
            38.412068,
            2958.3984375
          ],
          [
            -109.27248,
            38.412018,
            2956.09765625
          ],
          [
            -109.27248,
            38.412018,
            2956.09765625
          ],
          [
            -109.272488,
            38.411997,
            2955.0
          ],
          [
            -109.272488,
            38.411997,
            2955.0
          ],
          [
            -109.272455,
            38.411925,
            2952.796875
          ],
          [
            -109.272455,
            38.411925,
            2952.796875
          ],
          [
            -109.272448,
            38.411843,
            2950.0
          ],
          [
            -109.272448,
            38.411843,
            2950.0
          ],
          [
            -109.272421,
            38.411816,
            2950.19921875
          ],
          [
            -109.272421,
            38.411816,
            2950.19921875
          ],
          [
            -109.2724,
            38.411769,
            2949.0
          ],
          [
            -109.2724,
            38.411769,
            2949.0
          ],
          [
            -109.272381,
            38.411694,
            2946.796875
          ],
          [
            -109.272381,
            38.411694,
            2946.796875
          ],
          [
            -109.272414,
            38.411656,
            2944.8984375
          ],
          [
            -109.272414,
            38.411656,
            2944.8984375
          ],
          [
            -109.272429,
            38.41159,
            2941.8984375
          ],
          [
            -109.272429,
            38.41159,
            2941.8984375
          ],
          [
            -109.272482,
            38.411583,
            2940.19921875
          ],
          [
            -109.272482,
            38.411583,
            2940.19921875
          ],
          [
            -109.272532,
            38.411587,
            2939.296875
          ],
          [
            -109.272532,
            38.411587,
            2939.296875
          ],
          [
            -109.272607,
            38.411574,
            2936.69921875
          ],
          [
            -109.272607,
            38.411574,
            2936.69921875
          ],
          [
            -109.272628,
            38.411567,
            2936.19921875
          ],
          [
            -109.272628,
            38.411567,
            2936.19921875
          ],
          [
            -109.27263,
            38.411533,
            2934.796875
          ],
          [
            -109.27263,
            38.411533,
            2934.796875
          ],
          [
            -109.272613,
            38.411499,
            2934.09765625
          ],
          [
            -109.272613,
            38.411499,
            2934.09765625
          ],
          [
            -109.272595,
            38.41149,
            2934.0
          ],
          [
            -109.272595,
            38.41149,
            2934.0
          ],
          [
            -109.272583,
            38.411457,
            2933.296875
          ],
          [
            -109.272583,
            38.411457,
            2933.296875
          ],
          [
            -109.272567,
            38.411431,
            2932.296875
          ],
          [
            -109.272567,
            38.411431,
            2932.296875
          ],
          [
            -109.272573,
            38.411413,
            2931.5
          ],
          [
            -109.272573,
            38.411413,
            2931.5
          ],
          [
            -109.272567,
            38.411371,
            2929.796875
          ],
          [
            -109.272567,
            38.411371,
            2929.796875
          ],
          [
            -109.272559,
            38.411278,
            2926.3984375
          ],
          [
            -109.272559,
            38.411278,
            2926.3984375
          ],
          [
            -109.272581,
            38.411232,
            2924.59765625
          ],
          [
            -109.272581,
            38.411232,
            2924.59765625
          ],
          [
            -109.272508,
            38.411219,
            2925.59765625
          ],
          [
            -109.272508,
            38.411219,
            2925.59765625
          ],
          [
            -109.272474,
            38.411197,
            2926.19921875
          ],
          [
            -109.272474,
            38.411197,
            2926.19921875
          ],
          [
            -109.272419,
            38.411172,
            2927.0
          ],
          [
            -109.272419,
            38.411172,
            2927.0
          ],
          [
            -109.27241,
            38.411154,
            2927.09765625
          ],
          [
            -109.27241,
            38.411154,
            2927.09765625
          ],
          [
            -109.272437,
            38.411129,
            2926.3984375
          ],
          [
            -109.272437,
            38.411129,
            2926.3984375
          ],
          [
            -109.272471,
            38.411106,
            2925.59765625
          ],
          [
            -109.272471,
            38.411106,
            2925.59765625
          ],
          [
            -109.272504,
            38.411082,
            2924.796875
          ],
          [
            -109.272504,
            38.411082,
            2924.796875
          ],
          [
            -109.272538,
            38.411059,
            2923.5
          ],
          [
            -109.272538,
            38.411059,
            2923.5
          ],
          [
            -109.27255,
            38.411003,
            2922.5
          ],
          [
            -109.27255,
            38.411003,
            2922.5
          ],
          [
            -109.272584,
            38.410938,
            2921.69921875
          ],
          [
            -109.272584,
            38.410938,
            2921.69921875
          ],
          [
            -109.272601,
            38.410814,
            2923.09765625
          ],
          [
            -109.272601,
            38.410814,
            2923.09765625
          ],
          [
            -109.272631,
            38.410753,
            2922.8984375
          ],
          [
            -109.272631,
            38.410753,
            2922.8984375
          ],
          [
            -109.272653,
            38.410683,
            2923.296875
          ],
          [
            -109.272653,
            38.410683,
            2923.296875
          ],
          [
            -109.272682,
            38.410652,
            2922.69921875
          ],
          [
            -109.272682,
            38.410652,
            2922.69921875
          ],
          [
            -109.272831,
            38.410558,
            2920.5
          ],
          [
            -109.272831,
            38.410558,
            2920.5
          ],
          [
            -109.272894,
            38.410488,
            2921.19921875
          ],
          [
            -109.272894,
            38.410488,
            2921.19921875
          ],
          [
            -109.272979,
            38.410451,
            2920.59765625
          ],
          [
            -109.272979,
            38.410451,
            2920.59765625
          ],
          [
            -109.273082,
            38.410424,
            2919.296875
          ],
          [
            -109.273082,
            38.410424,
            2919.296875
          ],
          [
            -109.273126,
            38.410388,
            2918.8984375
          ],
          [
            -109.273126,
            38.410388,
            2918.8984375
          ],
          [
            -109.27314,
            38.410354,
            2919.796875
          ],
          [
            -109.27314,
            38.410354,
            2919.796875
          ],
          [
            -109.273193,
            38.410313,
            2919.69921875
          ],
          [
            -109.273193,
            38.410313,
            2919.69921875
          ],
          [
            -109.273216,
            38.41028,
            2919.796875
          ],
          [
            -109.273216,
            38.41028,
            2919.796875
          ],
          [
            -109.273277,
            38.410244,
            2919.3984375
          ],
          [
            -109.273277,
            38.410244,
            2919.3984375
          ],
          [
            -109.273408,
            38.410183,
            2918.59765625
          ],
          [
            -109.273408,
            38.410183,
            2918.59765625
          ],
          [
            -109.273472,
            38.410138,
            2919.0
          ],
          [
            -109.273472,
            38.410138,
            2919.0
          ],
          [
            -109.273492,
            38.410108,
            2919.3984375
          ],
          [
            -109.273492,
            38.410108,
            2919.3984375
          ],
          [
            -109.273569,
            38.410048,
            2919.59765625
          ],
          [
            -109.273569,
            38.410048,
            2919.59765625
          ],
          [
            -109.273667,
            38.409981,
            2919.296875
          ],
          [
            -109.273667,
            38.409981,
            2919.296875
          ],
          [
            -109.273713,
            38.409949,
            2919.09765625
          ],
          [
            -109.273713,
            38.409949,
            2919.09765625
          ],
          [
            -109.273759,
            38.409873,
            2919.59765625
          ],
          [
            -109.273759,
            38.409873,
            2919.59765625
          ],
          [
            -109.273785,
            38.40982,
            2919.8984375
          ],
          [
            -109.273785,
            38.40982,
            2919.8984375
          ],
          [
            -109.27383,
            38.409767,
            2919.8984375
          ],
          [
            -109.27383,
            38.409767,
            2919.8984375
          ],
          [
            -109.273826,
            38.409748,
            2920.296875
          ],
          [
            -109.273826,
            38.409748,
            2920.296875
          ],
          [
            -109.273881,
            38.409641,
            2921.19921875
          ],
          [
            -109.273881,
            38.409641,
            2921.19921875
          ],
          [
            -109.273927,
            38.409559,
            2921.19921875
          ],
          [
            -109.273927,
            38.409559,
            2921.19921875
          ],
          [
            -109.273977,
            38.409516,
            2920.3984375
          ],
          [
            -109.273977,
            38.409516,
            2920.3984375
          ],
          [
            -109.273973,
            38.409372,
            2922.296875
          ],
          [
            -109.273973,
            38.409372,
            2922.296875
          ],
          [
            -109.27392,
            38.40926,
            2924.5
          ],
          [
            -109.27392,
            38.40926,
            2924.5
          ],
          [
            -109.273901,
            38.40921,
            2925.3984375
          ],
          [
            -109.273901,
            38.40921,
            2925.3984375
          ],
          [
            -109.273878,
            38.409168,
            2926.19921875
          ],
          [
            -109.273878,
            38.409168,
            2926.19921875
          ],
          [
            -109.273899,
            38.409118,
            2926.09765625
          ],
          [
            -109.273899,
            38.409118,
            2926.09765625
          ],
          [
            -109.273901,
            38.409054,
            2926.59765625
          ],
          [
            -109.273901,
            38.409054,
            2926.59765625
          ],
          [
            -109.273939,
            38.40895,
            2926.296875
          ],
          [
            -109.273939,
            38.40895,
            2926.296875
          ],
          [
            -109.274012,
            38.40889,
            2925.19921875
          ],
          [
            -109.274012,
            38.40889,
            2925.19921875
          ],
          [
            -109.274039,
            38.408889,
            2924.5
          ],
          [
            -109.274039,
            38.408889,
            2924.5
          ],
          [
            -109.27408,
            38.408864,
            2923.796875
          ],
          [
            -109.27408,
            38.408864,
            2923.796875
          ],
          [
            -109.274168,
            38.408813,
            2922.296875
          ],
          [
            -109.274168,
            38.408813,
            2922.296875
          ],
          [
            -109.274205,
            38.408776,
            2921.69921875
          ],
          [
            -109.274205,
            38.408776,
            2921.69921875
          ],
          [
            -109.274236,
            38.408686,
            2922.296875
          ],
          [
            -109.274236,
            38.408686,
            2922.296875
          ],
          [
            -109.274221,
            38.408639,
            2923.5
          ],
          [
            -109.274221,
            38.408639,
            2923.5
          ],
          [
            -109.274227,
            38.408602,
            2923.8984375
          ],
          [
            -109.274227,
            38.408602,
            2923.8984375
          ],
          [
            -109.274257,
            38.408538,
            2924.296875
          ],
          [
            -109.274257,
            38.408538,
            2924.296875
          ],
          [
            -109.274302,
            38.408465,
            2924.69921875
          ],
          [
            -109.274302,
            38.408465,
            2924.69921875
          ],
          [
            -109.27434,
            38.408443,
            2925.0
          ],
          [
            -109.27434,
            38.408443,
            2925.0
          ],
          [
            -109.274398,
            38.408435,
            2924.09765625
          ],
          [
            -109.274398,
            38.408435,
            2924.09765625
          ],
          [
            -109.274405,
            38.408398,
            2924.796875
          ],
          [
            -109.274405,
            38.408398,
            2924.796875
          ],
          [
            -109.274454,
            38.408338,
            2925.69921875
          ],
          [
            -109.274454,
            38.408338,
            2925.69921875
          ],
          [
            -109.274501,
            38.408295,
            2926.0
          ],
          [
            -109.274501,
            38.408295,
            2926.0
          ],
          [
            -109.274558,
            38.408287,
            2925.19921875
          ],
          [
            -109.274558,
            38.408287,
            2925.19921875
          ],
          [
            -109.274577,
            38.408286,
            2924.796875
          ],
          [
            -109.274577,
            38.408286,
            2924.796875
          ],
          [
            -109.274638,
            38.408241,
            2925.19921875
          ],
          [
            -109.274638,
            38.408241,
            2925.19921875
          ],
          [
            -109.274657,
            38.408219,
            2925.3984375
          ],
          [
            -109.274657,
            38.408219,
            2925.3984375
          ],
          [
            -109.274694,
            38.408201,
            2925.3984375
          ],
          [
            -109.274694,
            38.408201,
            2925.3984375
          ],
          [
            -109.27481,
            38.408195,
            2923.59765625
          ],
          [
            -109.27481,
            38.408195,
            2923.59765625
          ],
          [
            -109.274903,
            38.408221,
            2921.69921875
          ],
          [
            -109.274903,
            38.408221,
            2921.69921875
          ],
          [
            -109.274942,
            38.408198,
            2921.69921875
          ],
          [
            -109.274942,
            38.408198,
            2921.69921875
          ],
          [
            -109.275163,
            38.408235,
            2917.8984375
          ],
          [
            -109.275163,
            38.408235,
            2917.8984375
          ],
          [
            -109.275342,
            38.408215,
            2915.796875
          ],
          [
            -109.275342,
            38.408215,
            2915.796875
          ],
          [
            -109.275553,
            38.408233,
            2911.09765625
          ],
          [
            -109.275553,
            38.408233,
            2911.09765625
          ],
          [
            -109.27569,
            38.408172,
            2908.3984375
          ],
          [
            -109.27569,
            38.408172,
            2908.3984375
          ],
          [
            -109.275783,
            38.408038,
            2909.69921875
          ],
          [
            -109.275783,
            38.408038,
            2909.69921875
          ],
          [
            -109.275783,
            38.407894,
            2914.3984375
          ],
          [
            -109.275783,
            38.407894,
            2914.3984375
          ],
          [
            -109.275794,
            38.407807,
            2916.19921875
          ],
          [
            -109.275794,
            38.407807,
            2916.19921875
          ],
          [
            -109.275783,
            38.407707,
            2919.19921875
          ],
          [
            -109.275783,
            38.407707,
            2919.19921875
          ],
          [
            -109.275751,
            38.407567,
            2924.5
          ],
          [
            -109.275751,
            38.407567,
            2924.5
          ],
          [
            -109.275735,
            38.407482,
            2927.796875
          ],
          [
            -109.275735,
            38.407482,
            2927.796875
          ],
          [
            -109.275777,
            38.407214,
            2933.796875
          ],
          [
            -109.275799,
            38.407074,
            2936.09765625
          ],
          [
            -109.275799,
            38.407074,
            2936.09765625
          ],
          [
            -109.275803,
            38.406902,
            2940.3984375
          ],
          [
            -109.275803,
            38.406902,
            2940.3984375
          ],
          [
            -109.275836,
            38.406834,
            2940.0
          ],
          [
            -109.275836,
            38.406834,
            2940.0
          ],
          [
            -109.27613,
            38.406694,
            2927.296875
          ],
          [
            -109.276206,
            38.406658,
            2927.796875
          ],
          [
            -109.276206,
            38.406658,
            2927.796875
          ],
          [
            -109.276516,
            38.406599,
            2930.796875
          ],
          [
            -109.276516,
            38.406599,
            2930.796875
          ],
          [
            -109.276821,
            38.406555,
            2933.296875
          ],
          [
            -109.276821,
            38.406555,
            2933.296875
          ],
          [
            -109.276936,
            38.406548,
            2932.3984375
          ],
          [
            -109.276936,
            38.406548,
            2932.3984375
          ],
          [
            -109.27726,
            38.406456,
            2930.0
          ],
          [
            -109.277292,
            38.406447,
            2928.8984375
          ],
          [
            -109.277292,
            38.406447,
            2928.8984375
          ],
          [
            -109.277366,
            38.4064,
            2927.5
          ],
          [
            -109.277366,
            38.4064,
            2927.5
          ],
          [
            -109.277431,
            38.406311,
            2930.0
          ],
          [
            -109.277431,
            38.406311,
            2930.0
          ],
          [
            -109.277509,
            38.406128,
            2935.19921875
          ],
          [
            -109.277509,
            38.406128,
            2935.19921875
          ],
          [
            -109.277531,
            38.40605,
            2937.19921875
          ],
          [
            -109.277531,
            38.40605,
            2937.19921875
          ],
          [
            -109.277691,
            38.405811,
            2937.5
          ],
          [
            -109.277756,
            38.405715,
            2936.296875
          ],
          [
            -109.277756,
            38.405715,
            2936.296875
          ],
          [
            -109.277899,
            38.40547,
            2933.8984375
          ],
          [
            -109.277987,
            38.405319,
            2929.296875
          ],
          [
            -109.277987,
            38.405319,
            2929.296875
          ],
          [
            -109.278056,
            38.405375,
            2923.796875
          ],
          [
            -109.278056,
            38.405375,
            2923.796875
          ],
          [
            -109.278064,
            38.405645,
            2919.5
          ],
          [
            -109.278068,
            38.405771,
            2915.0
          ],
          [
            -109.278068,
            38.405771,
            2915.0
          ],
          [
            -109.278351,
            38.405617,
            2898.69921875
          ],
          [
            -109.278474,
            38.405551,
            2893.3984375
          ],
          [
            -109.278474,
            38.405551,
            2893.3984375
          ],
          [
            -109.2785,
            38.4055,
            2892.3984375
          ],
          [
            -109.2785,
            38.4055,
            2892.3984375
          ],
          [
            -109.278431,
            38.405264,
            2896.796875
          ],
          [
            -109.278431,
            38.405264,
            2896.796875
          ],
          [
            -109.278462,
            38.405159,
            2895.59765625
          ],
          [
            -109.278462,
            38.405159,
            2895.59765625
          ],
          [
            -109.278581,
            38.405142,
            2889.59765625
          ],
          [
            -109.278581,
            38.405142,
            2889.59765625
          ],
          [
            -109.278725,
            38.405085,
            2887.3984375
          ],
          [
            -109.278725,
            38.405085,
            2887.3984375
          ],
          [
            -109.278867,
            38.405013,
            2889.19921875
          ],
          [
            -109.278867,
            38.405013,
            2889.19921875
          ],
          [
            -109.278974,
            38.404924,
            2893.5
          ],
          [
            -109.278974,
            38.404924,
            2893.5
          ],
          [
            -109.279104,
            38.404916,
            2891.19921875
          ],
          [
            -109.279104,
            38.404916,
            2891.19921875
          ],
          [
            -109.279288,
            38.404807,
            2891.19921875
          ],
          [
            -109.279288,
            38.404807,
            2891.19921875
          ],
          [
            -109.27942,
            38.404622,
            2894.59765625
          ],
          [
            -109.27942,
            38.404622,
            2894.59765625
          ],
          [
            -109.27957,
            38.404678,
            2888.5
          ],
          [
            -109.27957,
            38.404678,
            2888.5
          ],
          [
            -109.279765,
            38.404675,
            2886.296875
          ],
          [
            -109.279765,
            38.404675,
            2886.296875
          ],
          [
            -109.27996,
            38.404501,
            2897.296875
          ],
          [
            -109.27996,
            38.404501,
            2897.296875
          ],
          [
            -109.280102,
            38.404594,
            2890.59765625
          ],
          [
            -109.280102,
            38.404594,
            2890.59765625
          ],
          [
            -109.280324,
            38.404616,
            2889.5
          ],
          [
            -109.280324,
            38.404616,
            2889.5
          ],
          [
            -109.28062,
            38.404697,
            2888.3984375
          ],
          [
            -109.28062,
            38.404697,
            2888.3984375
          ],
          [
            -109.280825,
            38.404702,
            2890.296875
          ],
          [
            -109.280825,
            38.404702,
            2890.296875
          ],
          [
            -109.281134,
            38.404622,
            2896.0
          ],
          [
            -109.281134,
            38.404622,
            2896.0
          ],
          [
            -109.28145,
            38.404514,
            2899.796875
          ],
          [
            -109.281711,
            38.404426,
            2899.09765625
          ],
          [
            -109.281711,
            38.404426,
            2899.09765625
          ],
          [
            -109.281936,
            38.404276,
            2902.0
          ],
          [
            -109.281936,
            38.404276,
            2902.0
          ],
          [
            -109.282235,
            38.404142,
            2901.296875
          ],
          [
            -109.282241,
            38.404139,
            2901.296875
          ],
          [
            -109.282241,
            38.404139,
            2901.296875
          ],
          [
            -109.282555,
            38.404039,
            2899.296875
          ],
          [
            -109.282555,
            38.404039,
            2899.296875
          ],
          [
            -109.282896,
            38.404051,
            2890.296875
          ],
          [
            -109.282896,
            38.404051,
            2890.296875
          ],
          [
            -109.283098,
            38.403993,
            2890.09765625
          ],
          [
            -109.283098,
            38.403993,
            2890.09765625
          ],
          [
            -109.283286,
            38.403903,
            2889.0
          ],
          [
            -109.283286,
            38.403903,
            2889.0
          ],
          [
            -109.283407,
            38.403784,
            2888.3984375
          ],
          [
            -109.283407,
            38.403784,
            2888.3984375
          ],
          [
            -109.283485,
            38.403659,
            2888.296875
          ],
          [
            -109.283485,
            38.403659,
            2888.296875
          ],
          [
            -109.283526,
            38.403464,
            2891.59765625
          ],
          [
            -109.283526,
            38.403464,
            2891.59765625
          ],
          [
            -109.283514,
            38.403301,
            2897.296875
          ],
          [
            -109.283514,
            38.403301,
            2897.296875
          ],
          [
            -109.283495,
            38.403094,
            2902.796875
          ],
          [
            -109.283495,
            38.403094,
            2902.796875
          ],
          [
            -109.283533,
            38.402905,
            2904.59765625
          ],
          [
            -109.283533,
            38.402905,
            2904.59765625
          ],
          [
            -109.28357,
            38.40269,
            2910.0
          ],
          [
            -109.28357,
            38.40269,
            2910.0
          ],
          [
            -109.283578,
            38.402691,
            2909.5
          ],
          [
            -109.283588,
            38.402618,
            2911.296875
          ],
          [
            -109.283488,
            38.401814,
            2926.5
          ],
          [
            -109.283516,
            38.401303,
            2926.5
          ],
          [
            -109.283495,
            38.401162,
            2928.8984375
          ],
          [
            -109.283321,
            38.400549,
            2943.59765625
          ],
          [
            -109.283199,
            38.400205,
            2947.69921875
          ],
          [
            -109.283047,
            38.399925,
            2949.59765625
          ],
          [
            -109.282734,
            38.399436,
            2958.796875
          ],
          [
            -109.282356,
            38.398893,
            2971.09765625
          ],
          [
            -109.282067,
            38.39857,
            2984.0
          ],
          [
            -109.281565,
            38.398166,
            2999.59765625
          ],
          [
            -109.281497,
            38.398064,
            3001.5
          ],
          [
            -109.281487,
            38.397959,
            3000.3984375
          ],
          [
            -109.281519,
            38.397894,
            3000.3984375
          ],
          [
            -109.28164,
            38.397785,
            3003.796875
          ],
          [
            -109.281765,
            38.397706,
            3007.69921875
          ],
          [
            -109.281943,
            38.397626,
            3011.8984375
          ],
          [
            -109.282354,
            38.397553,
            3016.796875
          ],
          [
            -109.282481,
            38.397494,
            3020.5
          ],
          [
            -109.282601,
            38.397389,
            3028.8984375
          ],
          [
            -109.282615,
            38.397325,
            3033.19921875
          ],
          [
            -109.282593,
            38.397279,
            3035.8984375
          ],
          [
            -109.282258,
            38.397061,
            3049.5
          ],
          [
            -109.282209,
            38.397003,
            3054.09765625
          ],
          [
            -109.282194,
            38.396962,
            3057.0
          ],
          [
            -109.282204,
            38.396894,
            3062.09765625
          ],
          [
            -109.282286,
            38.396811,
            3067.19921875
          ],
          [
            -109.282711,
            38.396633,
            3075.796875
          ],
          [
            -109.282805,
            38.396582,
            3078.796875
          ],
          [
            -109.282974,
            38.396448,
            3085.59765625
          ],
          [
            -109.283087,
            38.396326,
            3091.5
          ],
          [
            -109.283117,
            38.396259,
            3095.0
          ],
          [
            -109.283124,
            38.396189,
            3096.3984375
          ],
          [
            -109.283088,
            38.396107,
            3097.59765625
          ],
          [
            -109.282906,
            38.395934,
            3100.5
          ],
          [
            -109.282455,
            38.395706,
            3104.69921875
          ],
          [
            -109.282178,
            38.395505,
            3108.296875
          ],
          [
            -109.281635,
            38.395029,
            3123.0
          ],
          [
            -109.280772,
            38.394189,
            3147.3984375
          ],
          [
            -109.280171,
            38.393787,
            3157.69921875
          ],
          [
            -109.280047,
            38.393723,
            3158.0
          ],
          [
            -109.279397,
            38.393477,
            3162.59765625
          ],
          [
            -109.278876,
            38.39325,
            3165.59765625
          ],
          [
            -109.278306,
            38.393042,
            3171.0
          ],
          [
            -109.277682,
            38.392706,
            3173.3984375
          ],
          [
            -109.277327,
            38.392544,
            3172.5
          ],
          [
            -109.277247,
            38.392493,
            3172.0
          ],
          [
            -109.277094,
            38.392371,
            3170.69921875
          ],
          [
            -109.276922,
            38.392203,
            3169.5
          ],
          [
            -109.276674,
            38.39187,
            3169.09765625
          ],
          [
            -109.276049,
            38.391127,
            3173.3984375
          ],
          [
            -109.275474,
            38.390557,
            3164.796875
          ],
          [
            -109.275258,
            38.390262,
            3155.8984375
          ],
          [
            -109.275102,
            38.389953,
            3147.296875
          ],
          [
            -109.275011,
            38.38983,
            3144.59765625
          ],
          [
            -109.27492,
            38.389763,
            3142.3984375
          ],
          [
            -109.27484,
            38.389727,
            3140.796875
          ],
          [
            -109.274709,
            38.389696,
            3138.5
          ],
          [
            -109.274516,
            38.389691,
            3135.09765625
          ],
          [
            -109.274051,
            38.38974,
            3125.3984375
          ],
          [
            -109.273885,
            38.3898,
            3122.3984375
          ],
          [
            -109.272635,
            38.390384,
            3105.69921875
          ],
          [
            -109.272065,
            38.390592,
            3103.0
          ],
          [
            -109.271874,
            38.390612,
            3100.796875
          ],
          [
            -109.271715,
            38.390594,
            3098.3984375
          ],
          [
            -109.271123,
            38.390462,
            3091.5
          ],
          [
            -109.270573,
            38.390459,
            3086.09765625
          ],
          [
            -109.270221,
            38.390424,
            3080.5
          ],
          [
            -109.269032,
            38.390489,
            3074.8984375
          ],
          [
            -109.268053,
            38.390401,
            3075.19921875
          ],
          [
            -109.267884,
            38.390416,
            3077.3984375
          ],
          [
            -109.267581,
            38.390498,
            3081.8984375
          ],
          [
            -109.267282,
            38.390648,
            3084.19921875
          ],
          [
            -109.267162,
            38.390743,
            3084.09765625
          ],
          [
            -109.265812,
            38.392425,
            3090.59765625
          ],
          [
            -109.265731,
            38.392554,
            3089.19921875
          ],
          [
            -109.26569,
            38.392684,
            3089.0
          ],
          [
            -109.26571,
            38.392834,
            3090.59765625
          ],
          [
            -109.265812,
            38.393111,
            3096.0
          ],
          [
            -109.265558,
            38.393162,
            3097.5
          ],
          [
            -109.265376,
            38.393167,
            3104.19921875
          ],
          [
            -109.265209,
            38.393135,
            3109.09765625
          ],
          [
            -109.264474,
            38.39293,
            3123.796875
          ],
          [
            -109.264297,
            38.392894,
            3125.8984375
          ],
          [
            -109.263414,
            38.3929,
            3137.69921875
          ],
          [
            -109.263001,
            38.392973,
            3142.5
          ],
          [
            -109.262405,
            38.393134,
            3148.3984375
          ],
          [
            -109.261761,
            38.393262,
            3157.5
          ],
          [
            -109.261199,
            38.393441,
            3167.59765625
          ],
          [
            -109.260988,
            38.393578,
            3169.69921875
          ],
          [
            -109.260646,
            38.393905,
            3175.8984375
          ],
          [
            -109.260537,
            38.393983,
            3178.296875
          ],
          [
            -109.260424,
            38.394023,
            3181.59765625
          ],
          [
            -109.260335,
            38.394032,
            3183.19921875
          ],
          [
            -109.259923,
            38.394007,
            3190.3984375
          ],
          [
            -109.258997,
            38.394063,
            3193.0
          ],
          [
            -109.258861,
            38.394051,
            3192.0
          ],
          [
            -109.258686,
            38.393988,
            3190.5
          ],
          [
            -109.258554,
            38.393888,
            3189.5
          ],
          [
            -109.258479,
            38.3938,
            3189.296875
          ],
          [
            -109.258408,
            38.393536,
            3186.69921875
          ],
          [
            -109.258325,
            38.393332,
            3185.5
          ],
          [
            -109.257864,
            38.3927,
            3182.0
          ],
          [
            -109.257542,
            38.392408,
            3182.19921875
          ],
          [
            -109.257066,
            38.392056,
            3182.3984375
          ],
          [
            -109.256877,
            38.391941,
            3182.3984375
          ],
          [
            -109.256701,
            38.391856,
            3183.8984375
          ],
          [
            -109.256479,
            38.391783,
            3185.5
          ],
          [
            -109.256368,
            38.391765,
            3187.09765625
          ],
          [
            -109.256232,
            38.391771,
            3188.19921875
          ],
          [
            -109.256061,
            38.391819,
            3190.0
          ],
          [
            -109.255944,
            38.391901,
            3190.69921875
          ],
          [
            -109.255902,
            38.391964,
            3191.5
          ],
          [
            -109.255878,
            38.392061,
            3193.19921875
          ],
          [
            -109.255903,
            38.392203,
            3195.59765625
          ],
          [
            -109.256116,
            38.392706,
            3208.8984375
          ],
          [
            -109.256149,
            38.392837,
            3212.5
          ],
          [
            -109.256141,
            38.392926,
            3214.69921875
          ],
          [
            -109.255929,
            38.393333,
            3222.19921875
          ],
          [
            -109.255642,
            38.394025,
            3233.5
          ],
          [
            -109.255513,
            38.394235,
            3236.09765625
          ],
          [
            -109.255284,
            38.394436,
            3237.8984375
          ],
          [
            -109.255121,
            38.394549,
            3239.3984375
          ],
          [
            -109.254567,
            38.394854,
            3246.3984375
          ],
          [
            -109.254251,
            38.394959,
            3249.59765625
          ],
          [
            -109.253456,
            38.395163,
            3257.3984375
          ],
          [
            -109.253301,
            38.39522,
            3259.69921875
          ],
          [
            -109.253188,
            38.395282,
            3261.796875
          ],
          [
            -109.253082,
            38.395363,
            3264.19921875
          ],
          [
            -109.253022,
            38.395457,
            3266.19921875
          ],
          [
            -109.253015,
            38.395537,
            3267.3984375
          ],
          [
            -109.25306,
            38.395704,
            3270.0
          ],
          [
            -109.253074,
            38.395847,
            3269.5
          ],
          [
            -109.253083,
            38.396386,
            3262.19921875
          ],
          [
            -109.253164,
            38.39702,
            3247.796875
          ],
          [
            -109.253145,
            38.397098,
            3246.09765625
          ],
          [
            -109.253029,
            38.39723,
            3242.59765625
          ],
          [
            -109.25285,
            38.397356,
            3238.09765625
          ],
          [
            -109.252316,
            38.397651,
            3222.296875
          ],
          [
            -109.25203,
            38.397858,
            3210.296875
          ],
          [
            -109.251919,
            38.397983,
            3204.5
          ],
          [
            -109.251176,
            38.399199,
            3175.0
          ],
          [
            -109.251033,
            38.399338,
            3172.59765625
          ],
          [
            -109.250759,
            38.399501,
            3167.3984375
          ],
          [
            -109.250635,
            38.399594,
            3164.3984375
          ],
          [
            -109.250096,
            38.400096,
            3146.69921875
          ],
          [
            -109.249925,
            38.400309,
            3139.5
          ],
          [
            -109.249566,
            38.400821,
            3129.59765625
          ],
          [
            -109.249367,
            38.40104,
            3127.5
          ],
          [
            -109.24925,
            38.401151,
            3127.09765625
          ],
          [
            -109.249095,
            38.401257,
            3126.8984375
          ],
          [
            -109.248535,
            38.401587,
            3124.296875
          ],
          [
            -109.247767,
            38.401996,
            3116.296875
          ],
          [
            -109.247178,
            38.402275,
            3109.59765625
          ],
          [
            -109.246714,
            38.40243,
            3104.19921875
          ],
          [
            -109.245666,
            38.402695,
            3091.5
          ],
          [
            -109.244799,
            38.40308,
            3085.5
          ],
          [
            -109.244549,
            38.40317,
            3083.296875
          ],
          [
            -109.244339,
            38.403216,
            3080.69921875
          ],
          [
            -109.243304,
            38.403378,
            3071.69921875
          ],
          [
            -109.243156,
            38.403385,
            3070.3984375
          ],
          [
            -109.242972,
            38.403342,
            3068.59765625
          ],
          [
            -109.242661,
            38.403192,
            3066.3984375
          ],
          [
            -109.242573,
            38.403174,
            3065.5
          ],
          [
            -109.242046,
            38.403189,
            3064.59765625
          ],
          [
            -109.241956,
            38.403201,
            3064.19921875
          ],
          [
            -109.241956,
            38.403201,
            3064.19921875
          ],
          [
            -109.241626,
            38.403278,
            3060.3984375
          ],
          [
            -109.241296,
            38.403356,
            3051.3984375
          ],
          [
            -109.240975,
            38.403431,
            3043.19921875
          ],
          [
            -109.240975,
            38.403431,
            3043.19921875
          ],
          [
            -109.240661,
            38.403542,
            3034.59765625
          ],
          [
            -109.240347,
            38.403653,
            3027.09765625
          ],
          [
            -109.240033,
            38.403763,
            3016.8984375
          ],
          [
            -109.239719,
            38.403874,
            3006.59765625
          ],
          [
            -109.239643,
            38.403901,
            3004.19921875
          ],
          [
            -109.239643,
            38.403901,
            3004.19921875
          ],
          [
            -109.23967,
            38.403632,
            3006.5
          ],
          [
            -109.239697,
            38.403363,
            3006.5
          ],
          [
            -109.239724,
            38.403094,
            3004.3984375
          ],
          [
            -109.23975,
            38.402837,
            3000.8984375
          ],
          [
            -109.23975,
            38.402837,
            3000.8984375
          ],
          [
            -109.239536,
            38.403049,
            2997.69921875
          ],
          [
            -109.239323,
            38.40326,
            2993.19921875
          ],
          [
            -109.239109,
            38.403472,
            2988.09765625
          ],
          [
            -109.239044,
            38.403536,
            2986.09765625
          ],
          [
            -109.239044,
            38.403536,
            2986.09765625
          ],
          [
            -109.238994,
            38.403803,
            2985.19921875
          ],
          [
            -109.238944,
            38.40407,
            2983.0
          ],
          [
            -109.238924,
            38.404172,
            2981.296875
          ],
          [
            -109.238924,
            38.404172,
            2981.296875
          ],
          [
            -109.239016,
            38.404432,
            2977.3984375
          ],
          [
            -109.239057,
            38.404548,
            2973.796875
          ],
          [
            -109.239057,
            38.404548,
            2973.796875
          ],
          [
            -109.238832,
            38.404344,
            2975.8984375
          ],
          [
            -109.238606,
            38.40414,
            2972.19921875
          ],
          [
            -109.238381,
            38.403936,
            2963.796875
          ],
          [
            -109.238365,
            38.403922,
            2963.296875
          ],
          [
            -109.238365,
            38.403922,
            2963.296875
          ],
          [
            -109.23846,
            38.403663,
            2964.59765625
          ],
          [
            -109.238556,
            38.403404,
            2967.09765625
          ],
          [
            -109.238591,
            38.403306,
            2967.796875
          ],
          [
            -109.238591,
            38.403306,
            2967.796875
          ],
          [
            -109.238395,
            38.403528,
            2960.69921875
          ],
          [
            -109.238199,
            38.40375,
            2955.19921875
          ],
          [
            -109.238003,
            38.403972,
            2950.8984375
          ],
          [
            -109.237807,
            38.404193,
            2949.69921875
          ],
          [
            -109.237612,
            38.404415,
            2949.19921875
          ],
          [
            -109.237513,
            38.404527,
            2948.59765625
          ],
          [
            -109.237513,
            38.404527,
            2948.59765625
          ],
          [
            -109.237609,
            38.404268,
            2947.296875
          ],
          [
            -109.237705,
            38.404009,
            2944.19921875
          ],
          [
            -109.2378,
            38.40375,
            2941.69921875
          ],
          [
            -109.237896,
            38.40349,
            2939.796875
          ],
          [
            -109.237926,
            38.403411,
            2939.8984375
          ],
          [
            -109.237926,
            38.403411,
            2939.8984375
          ],
          [
            -109.237659,
            38.403582,
            2933.296875
          ],
          [
            -109.237393,
            38.403752,
            2928.796875
          ],
          [
            -109.237126,
            38.403923,
            2927.5
          ],
          [
            -109.2369,
            38.404068,
            2924.5
          ],
          [
            -109.2369,
            38.404068,
            2924.5
          ],
          [
            -109.237011,
            38.403813,
            2920.0
          ],
          [
            -109.237121,
            38.403557,
            2917.0
          ],
          [
            -109.23718,
            38.403421,
            2916.796875
          ],
          [
            -109.23718,
            38.403421,
            2916.796875
          ],
          [
            -109.23708,
            38.403235,
            2913.8984375
          ],
          [
            -109.23708,
            38.403235,
            2913.8984375
          ],
          [
            -109.236888,
            38.403459,
            2908.3984375
          ],
          [
            -109.236695,
            38.403682,
            2906.09765625
          ],
          [
            -109.236503,
            38.403906,
            2902.796875
          ],
          [
            -109.236419,
            38.404004,
            2900.8984375
          ],
          [
            -109.236419,
            38.404004,
            2900.8984375
          ],
          [
            -109.236419,
            38.40414,
            2903.296875
          ],
          [
            -109.236419,
            38.40414,
            2903.296875
          ],
          [
            -109.236178,
            38.404333,
            2900.3984375
          ],
          [
            -109.235937,
            38.404526,
            2900.09765625
          ],
          [
            -109.23589,
            38.404563,
            2899.69921875
          ],
          [
            -109.23589,
            38.404563,
            2899.69921875
          ],
          [
            -109.235901,
            38.404293,
            2893.8984375
          ],
          [
            -109.235902,
            38.404253,
            2893.09765625
          ],
          [
            -109.235902,
            38.404253,
            2893.09765625
          ],
          [
            -109.235607,
            38.404392,
            2889.69921875
          ],
          [
            -109.235312,
            38.404531,
            2887.0
          ],
          [
            -109.235269,
            38.404551,
            2886.69921875
          ],
          [
            -109.235269,
            38.404551,
            2886.69921875
          ],
          [
            -109.234966,
            38.404598,
            2880.59765625
          ],
          [
            -109.234966,
            38.404598,
            2880.59765625
          ],
          [
            -109.234703,
            38.404772,
            2878.0
          ],
          [
            -109.234439,
            38.404945,
            2874.796875
          ],
          [
            -109.234176,
            38.405119,
            2871.8984375
          ],
          [
            -109.234155,
            38.405132,
            2871.59765625
          ],
          [
            -109.234155,
            38.405132,
            2871.59765625
          ],
          [
            -109.233997,
            38.405372,
            2872.796875
          ],
          [
            -109.233838,
            38.405611,
            2872.0
          ],
          [
            -109.23368,
            38.405851,
            2869.19921875
          ],
          [
            -109.233523,
            38.406088,
            2864.796875
          ],
          [
            -109.233523,
            38.406088,
            2864.796875
          ],
          [
            -109.233844,
            38.406185,
            2868.296875
          ],
          [
            -109.234166,
            38.406282,
            2866.796875
          ],
          [
            -109.234487,
            38.406379,
            2859.796875
          ],
          [
            -109.234808,
            38.406476,
            2859.8984375
          ],
          [
            -109.234841,
            38.406485,
            2860.3984375
          ],
          [
            -109.234841,
            38.406485,
            2860.3984375
          ],
          [
            -109.234618,
            38.406691,
            2859.09765625
          ],
          [
            -109.234396,
            38.406897,
            2858.296875
          ],
          [
            -109.234173,
            38.407103,
            2856.296875
          ],
          [
            -109.233951,
            38.407308,
            2851.69921875
          ],
          [
            -109.233827,
            38.407423,
            2848.296875
          ],
          [
            -109.233827,
            38.407423,
            2848.296875
          ],
          [
            -109.233978,
            38.407665,
            2852.59765625
          ],
          [
            -109.234032,
            38.407751,
            2854.796875
          ],
          [
            -109.234032,
            38.407751,
            2854.796875
          ],
          [
            -109.233965,
            38.408016,
            2853.59765625
          ],
          [
            -109.233898,
            38.40828,
            2855.0
          ],
          [
            -109.233866,
            38.408404,
            2857.296875
          ],
          [
            -109.233866,
            38.408404,
            2857.296875
          ],
          [
            -109.233641,
            38.408608,
            2856.296875
          ],
          [
            -109.233415,
            38.408812,
            2854.8984375
          ],
          [
            -109.23319,
            38.409016,
            2852.19921875
          ],
          [
            -109.232964,
            38.40922,
            2847.8984375
          ],
          [
            -109.232739,
            38.409424,
            2844.796875
          ],
          [
            -109.232514,
            38.409628,
            2846.0
          ],
          [
            -109.232323,
            38.4098,
            2845.5
          ],
          [
            -109.232323,
            38.4098,
            2845.5
          ],
          [
            -109.232216,
            38.410057,
            2847.09765625
          ],
          [
            -109.23211,
            38.410313,
            2846.8984375
          ],
          [
            -109.232003,
            38.41057,
            2846.5
          ],
          [
            -109.231914,
            38.410784,
            2847.8984375
          ],
          [
            -109.231914,
            38.410784,
            2847.8984375
          ],
          [
            -109.231592,
            38.41088,
            2846.3984375
          ],
          [
            -109.23127,
            38.410975,
            2845.0
          ],
          [
            -109.231162,
            38.411008,
            2844.8984375
          ],
          [
            -109.231162,
            38.411008,
            2844.8984375
          ],
          [
            -109.230822,
            38.411049,
            2844.5
          ],
          [
            -109.230481,
            38.41109,
            2843.5
          ],
          [
            -109.23042,
            38.411098,
            2842.796875
          ],
          [
            -109.23042,
            38.411098,
            2842.796875
          ],
          [
            -109.230151,
            38.411266,
            2840.09765625
          ],
          [
            -109.230002,
            38.41136,
            2836.59765625
          ],
          [
            -109.230002,
            38.41136,
            2836.59765625
          ],
          [
            -109.230033,
            38.411629,
            2840.59765625
          ],
          [
            -109.230044,
            38.411728,
            2841.59765625
          ],
          [
            -109.230044,
            38.411728,
            2841.59765625
          ],
          [
            -109.229827,
            38.411937,
            2841.0
          ],
          [
            -109.229815,
            38.411949,
            2841.09765625
          ],
          [
            -109.229815,
            38.411949,
            2841.09765625
          ],
          [
            -109.229637,
            38.41189,
            2842.8984375
          ],
          [
            -109.229637,
            38.41189,
            2842.8984375
          ],
          [
            -109.229521,
            38.411706,
            2843.8984375
          ],
          [
            -109.229521,
            38.411706,
            2843.8984375
          ],
          [
            -109.229268,
            38.411523,
            2846.09765625
          ],
          [
            -109.229248,
            38.411508,
            2846.296875
          ],
          [
            -109.229248,
            38.411508,
            2846.296875
          ],
          [
            -109.229228,
            38.411239,
            2844.0
          ],
          [
            -109.229217,
            38.411094,
            2843.5
          ],
          [
            -109.229217,
            38.411094,
            2843.5
          ],
          [
            -109.229252,
            38.410826,
            2842.5
          ],
          [
            -109.229271,
            38.41068,
            2842.19921875
          ],
          [
            -109.229271,
            38.41068,
            2842.19921875
          ],
          [
            -109.229268,
            38.410534,
            2842.3984375
          ],
          [
            -109.229268,
            38.410534,
            2842.3984375
          ],
          [
            -109.2291,
            38.410437,
            2844.0
          ],
          [
            -109.2291,
            38.410437,
            2844.0
          ],
          [
            -109.228905,
            38.410381,
            2843.8984375
          ],
          [
            -109.228905,
            38.410381,
            2843.8984375
          ],
          [
            -109.228881,
            38.410592,
            2844.0
          ],
          [
            -109.228881,
            38.410592,
            2844.0
          ],
          [
            -109.228936,
            38.410709,
            2844.0
          ],
          [
            -109.228936,
            38.410709,
            2844.0
          ],
          [
            -109.2289,
            38.410875,
            2844.59765625
          ],
          [
            -109.2289,
            38.410875,
            2844.59765625
          ],
          [
            -109.228908,
            38.410874,
            2844.59765625
          ],
          [
            -109.228913,
            38.410894,
            2844.69921875
          ],
          [
            -109.228913,
            38.411019,
            2845.296875
          ],
          [
            -109.228731,
            38.412442,
            2860.3984375
          ],
          [
            -109.228601,
            38.413035,
            2869.296875
          ],
          [
            -109.228522,
            38.413127,
            2870.19921875
          ],
          [
            -109.228442,
            38.413158,
            2870.59765625
          ],
          [
            -109.227744,
            38.413195,
            2869.09765625
          ],
          [
            -109.227655,
            38.413212,
            2869.296875
          ],
          [
            -109.227468,
            38.413279,
            2870.09765625
          ],
          [
            -109.226982,
            38.413517,
            2871.796875
          ],
          [
            -109.226055,
            38.413893,
            2872.3984375
          ],
          [
            -109.225252,
            38.414259,
            2876.0
          ],
          [
            -109.22494,
            38.414371,
            2877.3984375
          ],
          [
            -109.224579,
            38.414559,
            2878.59765625
          ],
          [
            -109.22442,
            38.414647,
            2879.19921875
          ],
          [
            -109.224769,
            38.414953,
            2878.3984375
          ],
          [
            -109.224798,
            38.414998,
            2878.59765625
          ],
          [
            -109.224833,
            38.415098,
            2879.19921875
          ],
          [
            -109.224897,
            38.415312,
            2883.5
          ],
          [
            -109.225005,
            38.415606,
            2889.8984375
          ],
          [
            -109.225074,
            38.415799,
            2892.0
          ],
          [
            -109.225101,
            38.415863,
            2892.5
          ],
          [
            -109.225183,
            38.415912,
            2893.59765625
          ],
          [
            -109.22531,
            38.415913,
            2894.8984375
          ],
          [
            -109.225504,
            38.415854,
            2896.19921875
          ],
          [
            -109.225922,
            38.415652,
            2900.296875
          ],
          [
            -109.226458,
            38.415442,
            2907.3984375
          ],
          [
            -109.226754,
            38.415299,
            2909.796875
          ],
          [
            -109.226957,
            38.415215,
            2912.0
          ],
          [
            -109.227107,
            38.415161,
            2913.8984375
          ],
          [
            -109.227258,
            38.415127,
            2915.8984375
          ],
          [
            -109.227403,
            38.415139,
            2916.59765625
          ],
          [
            -109.227531,
            38.415173,
            2917.19921875
          ],
          [
            -109.227639,
            38.415257,
            2918.09765625
          ],
          [
            -109.227805,
            38.4154,
            2919.796875
          ],
          [
            -109.227982,
            38.415505,
            2921.8984375
          ],
          [
            -109.228459,
            38.415707,
            2924.296875
          ],
          [
            -109.229001,
            38.416031,
            2923.296875
          ],
          [
            -109.229248,
            38.416123,
            2923.0
          ],
          [
            -109.229393,
            38.416258,
            2925.09765625
          ],
          [
            -109.229677,
            38.416476,
            2928.296875
          ],
          [
            -109.229843,
            38.416573,
            2929.59765625
          ],
          [
            -109.23001,
            38.416661,
            2930.8984375
          ],
          [
            -109.230133,
            38.416754,
            2932.09765625
          ],
          [
            -109.230262,
            38.416947,
            2936.09765625
          ],
          [
            -109.230342,
            38.417128,
            2939.296875
          ],
          [
            -109.23045,
            38.417216,
            2940.19921875
          ],
          [
            -109.230659,
            38.4173,
            2941.0
          ],
          [
            -109.230868,
            38.417354,
            2941.69921875
          ],
          [
            -109.231093,
            38.417447,
            2942.296875
          ],
          [
            -109.231195,
            38.417586,
            2944.0
          ],
          [
            -109.231308,
            38.417771,
            2946.5
          ],
          [
            -109.231378,
            38.417859,
            2948.0
          ],
          [
            -109.231544,
            38.417977,
            2948.8984375
          ],
          [
            -109.231978,
            38.418229,
            2950.296875
          ],
          [
            -109.232129,
            38.418338,
            2950.59765625
          ],
          [
            -109.232182,
            38.418443,
            2951.8984375
          ],
          [
            -109.232236,
            38.418603,
            2953.19921875
          ],
          [
            -109.232247,
            38.418754,
            2954.69921875
          ],
          [
            -109.232261,
            38.418896,
            2957.19921875
          ],
          [
            -109.23229,
            38.418975,
            2958.19921875
          ],
          [
            -109.232331,
            38.41906,
            2959.0
          ],
          [
            -109.23244,
            38.419212,
            2960.0
          ],
          [
            -109.232923,
            38.419889,
            2969.296875
          ],
          [
            -109.233142,
            38.420187,
            2975.796875
          ],
          [
            -109.233185,
            38.420249,
            2976.09765625
          ],
          [
            -109.233255,
            38.420311,
            2976.5
          ],
          [
            -109.233352,
            38.420377,
            2977.296875
          ],
          [
            -109.23355,
            38.420446,
            2978.796875
          ],
          [
            -109.233647,
            38.420465,
            2979.5
          ],
          [
            -109.233751,
            38.420458,
            2979.5
          ],
          [
            -109.23399,
            38.420395,
            2979.3984375
          ],
          [
            -109.234231,
            38.420324,
            2979.3984375
          ],
          [
            -109.234301,
            38.420305,
            2979.796875
          ],
          [
            -109.234441,
            38.420288,
            2980.69921875
          ],
          [
            -109.234532,
            38.42029,
            2981.5
          ],
          [
            -109.23462,
            38.420319,
            2982.8984375
          ],
          [
            -109.234677,
            38.420362,
            2984.3984375
          ],
          [
            -109.234708,
            38.420413,
            2985.69921875
          ],
          [
            -109.234711,
            38.420475,
            2987.0
          ],
          [
            -109.234693,
            38.420543,
            2987.8984375
          ],
          [
            -109.23465,
            38.420599,
            2988.5
          ],
          [
            -109.234544,
            38.420681,
            2988.796875
          ],
          [
            -109.234544,
            38.420681,
            2988.796875
          ],
          [
            -109.234355,
            38.420826,
            2989.796875
          ],
          [
            -109.234113,
            38.421049,
            2991.59765625
          ],
          [
            -109.234047,
            38.42111,
            2991.8984375
          ],
          [
            -109.233744,
            38.421326,
            2992.0
          ],
          [
            -109.234079,
            38.42176,
            2998.59765625
          ],
          [
            -109.234119,
            38.4218,
            2999.3984375
          ],
          [
            -109.234192,
            38.421836,
            3000.59765625
          ],
          [
            -109.234306,
            38.421859,
            3001.796875
          ],
          [
            -109.234422,
            38.42187,
            3002.8984375
          ],
          [
            -109.234422,
            38.42187,
            3002.8984375
          ],
          [
            -109.234433,
            38.421871,
            3003.0
          ],
          [
            -109.23495,
            38.421864,
            3010.296875
          ],
          [
            -109.235433,
            38.421793,
            3015.3984375
          ],
          [
            -109.235637,
            38.421751,
            3017.09765625
          ],
          [
            -109.235809,
            38.421717,
            3018.19921875
          ],
          [
            -109.235943,
            38.421688,
            3018.796875
          ],
          [
            -109.23627,
            38.421675,
            3021.09765625
          ],
          [
            -109.236463,
            38.421684,
            3022.09765625
          ],
          [
            -109.236662,
            38.421629,
            3022.3984375
          ],
          [
            -109.236801,
            38.421595,
            3022.59765625
          ],
          [
            -109.236989,
            38.421566,
            3022.8984375
          ],
          [
            -109.237155,
            38.421587,
            3024.09765625
          ],
          [
            -109.237311,
            38.421647,
            3026.296875
          ],
          [
            -109.237525,
            38.421692,
            3028.796875
          ],
          [
            -109.237691,
            38.421717,
            3030.69921875
          ],
          [
            -109.237911,
            38.421721,
            3033.0
          ],
          [
            -109.238099,
            38.421709,
            3035.19921875
          ],
          [
            -109.238298,
            38.4217,
            3037.69921875
          ],
          [
            -109.238453,
            38.421671,
            3039.296875
          ],
          [
            -109.238528,
            38.421686,
            3040.8984375
          ],
          [
            -109.238528,
            38.421686,
            3040.8984375
          ],
          [
            -109.238561,
            38.421692,
            3041.296875
          ],
          [
            -109.238673,
            38.421747,
            3044.19921875
          ],
          [
            -109.238791,
            38.42181,
            3046.3984375
          ],
          [
            -109.238866,
            38.421852,
            3048.09765625
          ],
          [
            -109.23899,
            38.421881,
            3050.19921875
          ],
          [
            -109.239097,
            38.421885,
            3051.59765625
          ],
          [
            -109.239215,
            38.421864,
            3052.09765625
          ],
          [
            -109.239322,
            38.42181,
            3051.8984375
          ],
          [
            -109.239424,
            38.421751,
            3052.796875
          ],
          [
            -109.239478,
            38.421663,
            3052.69921875
          ],
          [
            -109.239489,
            38.421436,
            3051.69921875
          ],
          [
            -109.239531,
            38.421297,
            3053.296875
          ],
          [
            -109.23958,
            38.42115,
            3054.296875
          ],
          [
            -109.239676,
            38.421066,
            3055.19921875
          ],
          [
            -109.239805,
            38.42099,
            3054.59765625
          ],
          [
            -109.239918,
            38.420898,
            3052.59765625
          ],
          [
            -109.239987,
            38.420814,
            3050.796875
          ],
          [
            -109.240014,
            38.420751,
            3049.69921875
          ],
          [
            -109.239977,
            38.420641,
            3049.19921875
          ],
          [
            -109.239987,
            38.420498,
            3049.09765625
          ],
          [
            -109.240062,
            38.42033,
            3048.796875
          ],
          [
            -109.240138,
            38.420213,
            3048.5
          ],
          [
            -109.240277,
            38.420007,
            3047.09765625
          ],
          [
            -109.24039,
            38.419906,
            3045.8984375
          ],
          [
            -109.240486,
            38.419776,
            3044.09765625
          ],
          [
            -109.240588,
            38.419721,
            3042.8984375
          ],
          [
            -109.240812,
            38.419719,
            3042.5
          ],
          [
            -109.241007,
            38.419746,
            3043.3984375
          ],
          [
            -109.24142,
            38.419771,
            3047.69921875
          ],
          [
            -109.241586,
            38.419776,
            3051.59765625
          ],
          [
            -109.241736,
            38.419776,
            3054.5
          ],
          [
            -109.241854,
            38.419763,
            3055.19921875
          ],
          [
            -109.242053,
            38.419734,
            3054.5
          ],
          [
            -109.242187,
            38.419725,
            3054.0
          ],
          [
            -109.242289,
            38.419713,
            3052.59765625
          ],
          [
            -109.242423,
            38.419713,
            3052.0
          ],
          [
            -109.242546,
            38.419729,
            3051.796875
          ],
          [
            -109.242766,
            38.419779,
            3051.3984375
          ],
          [
            -109.243008,
            38.419813,
            3049.5
          ],
          [
            -109.243147,
            38.419826,
            3048.796875
          ],
          [
            -109.243254,
            38.419826,
            3048.19921875
          ],
          [
            -109.243319,
            38.419801,
            3047.3984375
          ],
          [
            -109.243421,
            38.419666,
            3046.5
          ],
          [
            -109.24356,
            38.419481,
            3045.69921875
          ],
          [
            -109.243694,
            38.419376,
            3046.5
          ],
          [
            -109.24385,
            38.419263,
            3047.19921875
          ],
          [
            -109.244258,
            38.418985,
            3051.09765625
          ],
          [
            -109.24459,
            38.418817,
            3053.5
          ],
          [
            -109.245014,
            38.418645,
            3055.296875
          ],
          [
            -109.245577,
            38.418397,
            3055.8984375
          ],
          [
            -109.245797,
            38.418331,
            3056.69921875
          ],
          [
            -109.245958,
            38.418283,
            3057.0
          ],
          [
            -109.246151,
            38.418241,
            3057.59765625
          ],
          [
            -109.246366,
            38.418233,
            3058.296875
          ],
          [
            -109.24657,
            38.418254,
            3058.59765625
          ],
          [
            -109.246763,
            38.418305,
            3059.296875
          ],
          [
            -109.246934,
            38.418342,
            3060.09765625
          ],
          [
            -109.247063,
            38.418355,
            3060.3984375
          ],
          [
            -109.247134,
            38.418362,
            3060.3984375
          ],
          [
            -109.247229,
            38.418372,
            3060.5
          ],
          [
            -109.247369,
            38.418368,
            3060.5
          ],
          [
            -109.247476,
            38.418363,
            3060.3984375
          ],
          [
            -109.247632,
            38.41833,
            3059.69921875
          ],
          [
            -109.247766,
            38.418325,
            3059.5
          ],
          [
            -109.247884,
            38.418317,
            3059.0
          ],
          [
            -109.248023,
            38.418338,
            3058.69921875
          ],
          [
            -109.248168,
            38.418393,
            3059.19921875
          ],
          [
            -109.248324,
            38.418468,
            3060.0
          ],
          [
            -109.248485,
            38.41854,
            3060.8984375
          ],
          [
            -109.248678,
            38.41859,
            3061.8984375
          ],
          [
            -109.249037,
            38.418674,
            3064.8984375
          ],
          [
            -109.249515,
            38.418784,
            3068.69921875
          ],
          [
            -109.249788,
            38.41888,
            3071.3984375
          ],
          [
            -109.249981,
            38.418994,
            3074.296875
          ],
          [
            -109.250089,
            38.419048,
            3076.09765625
          ],
          [
            -109.250177,
            38.419068,
            3077.09765625
          ],
          [
            -109.250281,
            38.419063,
            3077.59765625
          ],
          [
            -109.250606,
            38.418971,
            3078.3984375
          ],
          [
            -109.251163,
            38.418874,
            3081.5
          ],
          [
            -109.251283,
            38.418856,
            3083.09765625
          ],
          [
            -109.251362,
            38.418852,
            3084.296875
          ],
          [
            -109.251398,
            38.418855,
            3084.8984375
          ],
          [
            -109.251477,
            38.418863,
            3085.59765625
          ],
          [
            -109.251598,
            38.418891,
            3086.8984375
          ],
          [
            -109.251696,
            38.418912,
            3087.69921875
          ],
          [
            -109.252011,
            38.41903,
            3089.19921875
          ],
          [
            -109.252058,
            38.419056,
            3089.3984375
          ],
          [
            -109.252186,
            38.419128,
            3089.59765625
          ],
          [
            -109.252313,
            38.41922,
            3089.09765625
          ],
          [
            -109.252379,
            38.419285,
            3088.5
          ],
          [
            -109.25268,
            38.419721,
            3084.8984375
          ],
          [
            -109.252996,
            38.420061,
            3081.59765625
          ],
          [
            -109.253286,
            38.420334,
            3079.19921875
          ],
          [
            -109.25342,
            38.420456,
            3078.59765625
          ],
          [
            -109.253527,
            38.420545,
            3078.19921875
          ],
          [
            -109.253624,
            38.420603,
            3077.59765625
          ],
          [
            -109.253736,
            38.420646,
            3076.3984375
          ],
          [
            -109.253805,
            38.420645,
            3075.69921875
          ],
          [
            -109.25479,
            38.420227,
            3062.296875
          ],
          [
            -109.255036,
            38.420245,
            3060.09765625
          ],
          [
            -109.25536,
            38.42044,
            3058.19921875
          ],
          [
            -109.255645,
            38.420715,
            3055.69921875
          ],
          [
            -109.255897,
            38.420838,
            3052.796875
          ],
          [
            -109.256243,
            38.420998,
            3048.69921875
          ],
          [
            -109.256627,
            38.42117,
            3046.0
          ],
          [
            -109.257155,
            38.421526,
            3042.5
          ],
          [
            -109.257602,
            38.421816,
            3041.3984375
          ],
          [
            -109.257851,
            38.422179,
            3041.8984375
          ],
          [
            -109.25831,
            38.422414,
            3038.09765625
          ],
          [
            -109.258584,
            38.422652,
            3033.5
          ],
          [
            -109.258816,
            38.4228,
            3030.69921875
          ],
          [
            -109.259095,
            38.422901,
            3026.09765625
          ],
          [
            -109.259227,
            38.423059,
            3024.09765625
          ],
          [
            -109.259245,
            38.423297,
            3024.59765625
          ],
          [
            -109.259313,
            38.423509,
            3025.09765625
          ],
          [
            -109.259772,
            38.423643,
            3019.0
          ],
          [
            -109.260102,
            38.423694,
            3015.5
          ],
          [
            -109.260317,
            38.423771,
            3013.59765625
          ],
          [
            -109.260458,
            38.423925,
            3012.19921875
          ],
          [
            -109.260548,
            38.423979,
            3011.09765625
          ],
          [
            -109.260797,
            38.423979,
            3009.5
          ],
          [
            -109.261178,
            38.423912,
            3005.3984375
          ],
          [
            -109.261393,
            38.423905,
            3003.8984375
          ],
          [
            -109.26165,
            38.423956,
            3002.69921875
          ],
          [
            -109.262003,
            38.42405,
            3000.296875
          ],
          [
            -109.262055,
            38.424078,
            2999.59765625
          ],
          [
            -109.262087,
            38.424104,
            2999.296875
          ],
          [
            -109.262114,
            38.424141,
            2999.19921875
          ],
          [
            -109.26213,
            38.424189,
            2999.09765625
          ],
          [
            -109.26213,
            38.424189,
            2999.09765625
          ],
          [
            -109.262133,
            38.424198,
            2999.19921875
          ],
          [
            -109.262165,
            38.424335,
            2998.8984375
          ],
          [
            -109.262187,
            38.424375,
            2998.5
          ],
          [
            -109.262345,
            38.42454,
            2996.0
          ],
          [
            -109.262502,
            38.424652,
            2995.19921875
          ],
          [
            -109.262679,
            38.424738,
            2994.19921875
          ],
          [
            -109.263099,
            38.424856,
            2990.296875
          ],
          [
            -109.263232,
            38.424943,
            2989.69921875
          ],
          [
            -109.263275,
            38.424963,
            2989.296875
          ],
          [
            -109.26333,
            38.424967,
            2988.59765625
          ],
          [
            -109.263362,
            38.424957,
            2987.796875
          ],
          [
            -109.263385,
            38.424931,
            2986.69921875
          ],
          [
            -109.263395,
            38.4249,
            2985.8984375
          ],
          [
            -109.263309,
            38.424547,
            2981.296875
          ],
          [
            -109.263391,
            38.424362,
            2979.5
          ],
          [
            -109.263498,
            38.424262,
            2977.69921875
          ],
          [
            -109.263579,
            38.424157,
            2975.796875
          ],
          [
            -109.263627,
            38.424047,
            2974.19921875
          ],
          [
            -109.263781,
            38.423929,
            2973.3984375
          ],
          [
            -109.263957,
            38.423885,
            2973.0
          ],
          [
            -109.264107,
            38.423885,
            2973.0
          ],
          [
            -109.264218,
            38.423932,
            2972.796875
          ],
          [
            -109.264287,
            38.424,
            2972.19921875
          ],
          [
            -109.264398,
            38.42406,
            2971.296875
          ],
          [
            -109.264519,
            38.42409,
            2970.69921875
          ],
          [
            -109.264699,
            38.42412,
            2970.59765625
          ],
          [
            -109.264806,
            38.424251,
            2968.0
          ],
          [
            -109.264853,
            38.424402,
            2964.8984375
          ],
          [
            -109.264939,
            38.424567,
            2961.8984375
          ],
          [
            -109.265059,
            38.424718,
            2959.0
          ],
          [
            -109.265346,
            38.424903,
            2957.8984375
          ],
          [
            -109.265539,
            38.425054,
            2953.3984375
          ],
          [
            -109.265663,
            38.425085,
            2953.5
          ],
          [
            -109.266002,
            38.425091,
            2958.69921875
          ],
          [
            -109.266156,
            38.425162,
            2957.5
          ],
          [
            -109.266512,
            38.425303,
            2955.8984375
          ],
          [
            -109.266632,
            38.425373,
            2955.0
          ],
          [
            -109.26689,
            38.42541,
            2956.59765625
          ],
          [
            -109.267035,
            38.425467,
            2955.796875
          ],
          [
            -109.267233,
            38.425581,
            2954.5
          ],
          [
            -109.267507,
            38.425706,
            2953.3984375
          ],
          [
            -109.267751,
            38.42576,
            2952.09765625
          ],
          [
            -109.268262,
            38.425743,
            2949.69921875
          ],
          [
            -109.268463,
            38.425743,
            2949.09765625
          ],
          [
            -109.268622,
            38.42583,
            2947.5
          ],
          [
            -109.268703,
            38.425988,
            2945.796875
          ],
          [
            -109.268819,
            38.426173,
            2943.8984375
          ],
          [
            -109.268931,
            38.426381,
            2941.59765625
          ],
          [
            -109.269029,
            38.426479,
            2940.5
          ],
          [
            -109.269235,
            38.426525,
            2938.296875
          ],
          [
            -109.269475,
            38.426502,
            2934.3984375
          ],
          [
            -109.269711,
            38.426411,
            2934.69921875
          ],
          [
            -109.2699,
            38.426334,
            2934.3984375
          ],
          [
            -109.270071,
            38.426257,
            2934.0
          ],
          [
            -109.270689,
            38.42628,
            2927.0
          ],
          [
            -109.270946,
            38.426264,
            2925.796875
          ],
          [
            -109.271323,
            38.426428,
            2922.09765625
          ],
          [
            -109.271868,
            38.426569,
            2918.59765625
          ],
          [
            -109.272369,
            38.426512,
            2920.3984375
          ],
          [
            -109.272815,
            38.42666,
            2915.59765625
          ],
          [
            -109.273223,
            38.426858,
            2909.69921875
          ],
          [
            -109.273771,
            38.426952,
            2911.19921875
          ],
          [
            -109.274346,
            38.427019,
            2914.09765625
          ],
          [
            -109.274882,
            38.427164,
            2912.3984375
          ],
          [
            -109.275799,
            38.427375,
            2909.796875
          ],
          [
            -109.276361,
            38.427422,
            2909.8984375
          ],
          [
            -109.276756,
            38.42745,
            2909.3984375
          ],
          [
            -109.277149,
            38.427552,
            2903.8984375
          ],
          [
            -109.277704,
            38.427581,
            2897.09765625
          ],
          [
            -109.278097,
            38.427594,
            2894.09765625
          ],
          [
            -109.278146,
            38.42759,
            2893.3984375
          ],
          [
            -109.278341,
            38.427608,
            2889.8984375
          ],
          [
            -109.27813,
            38.427695,
            2889.09765625
          ],
          [
            -109.277434,
            38.427928,
            2881.796875
          ],
          [
            -109.277399,
            38.427948,
            2881.296875
          ],
          [
            -109.277367,
            38.427984,
            2880.3984375
          ],
          [
            -109.277299,
            38.428144,
            2875.5
          ],
          [
            -109.277266,
            38.428177,
            2874.296875
          ],
          [
            -109.277206,
            38.428204,
            2873.796875
          ],
          [
            -109.277137,
            38.428222,
            2873.19921875
          ],
          [
            -109.276162,
            38.428304,
            2866.3984375
          ],
          [
            -109.274847,
            38.428645,
            2851.5
          ],
          [
            -109.274397,
            38.428607,
            2851.0
          ],
          [
            -109.273922,
            38.428707,
            2845.796875
          ],
          [
            -109.27344,
            38.428732,
            2842.0
          ],
          [
            -109.273105,
            38.42901,
            2835.5
          ],
          [
            -109.272735,
            38.429166,
            2826.796875
          ],
          [
            -109.272236,
            38.429207,
            2825.3984375
          ],
          [
            -109.272044,
            38.429246,
            2826.19921875
          ],
          [
            -109.271988,
            38.429295,
            2825.3984375
          ],
          [
            -109.272013,
            38.429353,
            2826.5
          ],
          [
            -109.272456,
            38.429619,
            2821.0
          ],
          [
            -109.272503,
            38.429674,
            2820.8984375
          ],
          [
            -109.272503,
            38.429674,
            2820.8984375
          ],
          [
            -109.272962,
            38.430203,
            2816.8984375
          ],
          [
            -109.273305,
            38.430459,
            2813.5
          ],
          [
            -109.27415,
            38.430983,
            2804.8984375
          ],
          [
            -109.275489,
            38.431517,
            2794.296875
          ],
          [
            -109.276091,
            38.431526,
            2784.3984375
          ],
          [
            -109.276425,
            38.431436,
            2779.19921875
          ],
          [
            -109.276648,
            38.431167,
            2769.3984375
          ],
          [
            -109.276828,
            38.431152,
            2767.3984375
          ],
          [
            -109.27721,
            38.431327,
            2765.19921875
          ],
          [
            -109.277238,
            38.431548,
            2766.69921875
          ],
          [
            -109.277342,
            38.431623,
            2765.09765625
          ],
          [
            -109.277661,
            38.431642,
            2758.59765625
          ],
          [
            -109.277856,
            38.431876,
            2758.09765625
          ],
          [
            -109.278526,
            38.432316,
            2753.8984375
          ],
          [
            -109.278904,
            38.432716,
            2749.3984375
          ],
          [
            -109.279276,
            38.433052,
            2745.296875
          ],
          [
            -109.279342,
            38.433085,
            2745.3984375
          ],
          [
            -109.279462,
            38.433113,
            2743.19921875
          ],
          [
            -109.279674,
            38.433123,
            2740.8984375
          ],
          [
            -109.279726,
            38.43312,
            2740.19921875
          ],
          [
            -109.279832,
            38.433099,
            2739.3984375
          ],
          [
            -109.279928,
            38.433067,
            2738.0
          ],
          [
            -109.280178,
            38.432979,
            2734.0
          ],
          [
            -109.280256,
            38.432966,
            2734.0
          ],
          [
            -109.28035,
            38.432957,
            2733.0
          ],
          [
            -109.281306,
            38.43292,
            2722.69921875
          ],
          [
            -109.281368,
            38.432927,
            2722.69921875
          ],
          [
            -109.281416,
            38.432941,
            2722.5
          ],
          [
            -109.281651,
            38.433079,
            2723.09765625
          ],
          [
            -109.281678,
            38.433103,
            2722.8984375
          ],
          [
            -109.281709,
            38.433134,
            2722.796875
          ],
          [
            -109.281733,
            38.433169,
            2723.296875
          ],
          [
            -109.281772,
            38.433181,
            2722.296875
          ],
          [
            -109.281811,
            38.433162,
            2720.5
          ],
          [
            -109.281824,
            38.433128,
            2719.3984375
          ],
          [
            -109.281811,
            38.433088,
            2718.69921875
          ],
          [
            -109.281757,
            38.432962,
            2716.796875
          ],
          [
            -109.281737,
            38.432933,
            2716.5
          ],
          [
            -109.281707,
            38.43291,
            2716.59765625
          ],
          [
            -109.281564,
            38.432836,
            2715.19921875
          ],
          [
            -109.281524,
            38.432829,
            2715.09765625
          ],
          [
            -109.281414,
            38.432833,
            2716.3984375
          ],
          [
            -109.281147,
            38.432868,
            2720.69921875
          ],
          [
            -109.281089,
            38.432868,
            2721.09765625
          ],
          [
            -109.280844,
            38.432858,
            2722.296875
          ],
          [
            -109.280794,
            38.43286,
            2722.796875
          ],
          [
            -109.28071,
            38.43287,
            2724.3984375
          ],
          [
            -109.280592,
            38.432883,
            2726.3984375
          ],
          [
            -109.28052,
            38.432886,
            2727.59765625
          ],
          [
            -109.28046,
            38.432882,
            2727.5
          ],
          [
            -109.280164,
            38.432844,
            2726.09765625
          ],
          [
            -109.280134,
            38.432843,
            2725.8984375
          ],
          [
            -109.28011,
            38.432847,
            2726.296875
          ],
          [
            -109.280082,
            38.432858,
            2726.69921875
          ],
          [
            -109.280012,
            38.432895,
            2728.19921875
          ],
          [
            -109.279992,
            38.4329,
            2728.09765625
          ],
          [
            -109.279953,
            38.432904,
            2727.796875
          ],
          [
            -109.279733,
            38.432926,
            2727.8984375
          ],
          [
            -109.279691,
            38.432928,
            2728.5
          ],
          [
            -109.279667,
            38.432927,
            2729.0
          ],
          [
            -109.279643,
            38.43292,
            2729.0
          ],
          [
            -109.27963,
            38.432907,
            2728.69921875
          ],
          [
            -109.279631,
            38.432888,
            2728.0
          ],
          [
            -109.279644,
            38.432876,
            2727.3984375
          ],
          [
            -109.279672,
            38.432865,
            2726.296875
          ],
          [
            -109.279748,
            38.432848,
            2724.5
          ],
          [
            -109.279805,
            38.432833,
            2723.8984375
          ],
          [
            -109.27985,
            38.432817,
            2723.59765625
          ],
          [
            -109.280083,
            38.432671,
            2716.8984375
          ],
          [
            -109.28012,
            38.432658,
            2716.5
          ],
          [
            -109.280167,
            38.43265,
            2716.19921875
          ],
          [
            -109.280224,
            38.432647,
            2716.3984375
          ],
          [
            -109.280453,
            38.432666,
            2715.296875
          ],
          [
            -109.280561,
            38.432674,
            2713.796875
          ],
          [
            -109.280888,
            38.432683,
            2710.296875
          ],
          [
            -109.280947,
            38.432685,
            2710.5
          ],
          [
            -109.280994,
            38.43268,
            2709.5
          ],
          [
            -109.281271,
            38.432607,
            2703.5
          ],
          [
            -109.281344,
            38.432593,
            2701.796875
          ],
          [
            -109.281502,
            38.432586,
            2701.09765625
          ],
          [
            -109.281555,
            38.432586,
            2700.69921875
          ],
          [
            -109.281616,
            38.432575,
            2699.796875
          ],
          [
            -109.281693,
            38.432554,
            2697.69921875
          ],
          [
            -109.281783,
            38.432551,
            2697.19921875
          ],
          [
            -109.281878,
            38.432558,
            2697.09765625
          ],
          [
            -109.281966,
            38.432566,
            2696.59765625
          ],
          [
            -109.282039,
            38.43258,
            2695.296875
          ],
          [
            -109.282124,
            38.43261,
            2694.59765625
          ],
          [
            -109.282212,
            38.432653,
            2693.796875
          ],
          [
            -109.282547,
            38.432871,
            2689.19921875
          ],
          [
            -109.282579,
            38.432883,
            2688.5
          ],
          [
            -109.282694,
            38.43291,
            2685.19921875
          ],
          [
            -109.282799,
            38.432935,
            2681.8984375
          ],
          [
            -109.282992,
            38.433022,
            2678.19921875
          ],
          [
            -109.283051,
            38.433059,
            2677.296875
          ],
          [
            -109.28309,
            38.433097,
            2677.09765625
          ],
          [
            -109.283154,
            38.433178,
            2677.296875
          ],
          [
            -109.283194,
            38.433242,
            2677.59765625
          ],
          [
            -109.283226,
            38.433271,
            2677.19921875
          ],
          [
            -109.283521,
            38.433444,
            2672.09765625
          ],
          [
            -109.283748,
            38.43361,
            2669.0
          ],
          [
            -109.283783,
            38.433656,
            2669.09765625
          ],
          [
            -109.283807,
            38.433703,
            2669.09765625
          ],
          [
            -109.283827,
            38.433736,
            2669.296875
          ],
          [
            -109.283852,
            38.433768,
            2669.8984375
          ],
          [
            -109.283903,
            38.433809,
            2670.59765625
          ],
          [
            -109.284732,
            38.434235,
            2661.09765625
          ],
          [
            -109.284899,
            38.434361,
            2659.59765625
          ],
          [
            -109.284899,
            38.434361,
            2659.59765625
          ],
          [
            -109.285406,
            38.434742,
            2657.19921875
          ],
          [
            -109.285481,
            38.434783,
            2657.5
          ],
          [
            -109.285522,
            38.434799,
            2657.5
          ],
          [
            -109.285582,
            38.434813,
            2657.19921875
          ],
          [
            -109.286081,
            38.434908,
            2657.8984375
          ],
          [
            -109.286245,
            38.434934,
            2655.8984375
          ],
          [
            -109.286323,
            38.434948,
            2655.19921875
          ],
          [
            -109.286366,
            38.434966,
            2654.69921875
          ],
          [
            -109.286421,
            38.434996,
            2654.19921875
          ],
          [
            -109.286453,
            38.435032,
            2654.0
          ],
          [
            -109.286474,
            38.435075,
            2654.19921875
          ],
          [
            -109.286484,
            38.435117,
            2654.69921875
          ],
          [
            -109.286484,
            38.435161,
            2655.19921875
          ],
          [
            -109.286461,
            38.435353,
            2657.0
          ],
          [
            -109.286462,
            38.435398,
            2657.296875
          ],
          [
            -109.286528,
            38.435632,
            2658.3984375
          ],
          [
            -109.286559,
            38.435704,
            2659.0
          ],
          [
            -109.286586,
            38.435744,
            2659.296875
          ],
          [
            -109.28661,
            38.435762,
            2659.296875
          ],
          [
            -109.286645,
            38.435777,
            2658.8984375
          ],
          [
            -109.286847,
            38.435847,
            2655.09765625
          ],
          [
            -109.286871,
            38.435859,
            2654.69921875
          ],
          [
            -109.286883,
            38.435874,
            2654.59765625
          ],
          [
            -109.286894,
            38.4359,
            2654.69921875
          ],
          [
            -109.286899,
            38.435923,
            2654.69921875
          ],
          [
            -109.286896,
            38.43595,
            2655.0
          ],
          [
            -109.286891,
            38.435979,
            2655.5
          ],
          [
            -109.28682,
            38.43618,
            2656.3984375
          ],
          [
            -109.286748,
            38.436338,
            2657.59765625
          ],
          [
            -109.286716,
            38.436427,
            2657.8984375
          ],
          [
            -109.286634,
            38.436725,
            2660.296875
          ],
          [
            -109.286612,
            38.436766,
            2661.0
          ],
          [
            -109.286571,
            38.436857,
            2663.69921875
          ],
          [
            -109.286565,
            38.436899,
            2664.59765625
          ],
          [
            -109.286569,
            38.436941,
            2665.59765625
          ],
          [
            -109.286585,
            38.436978,
            2665.69921875
          ],
          [
            -109.286837,
            38.437198,
            2660.19921875
          ],
          [
            -109.286875,
            38.437244,
            2659.3984375
          ],
          [
            -109.286896,
            38.437287,
            2659.5
          ],
          [
            -109.286958,
            38.437458,
            2659.59765625
          ],
          [
            -109.286985,
            38.437504,
            2659.19921875
          ],
          [
            -109.28703,
            38.437556,
            2658.69921875
          ],
          [
            -109.28718,
            38.437693,
            2655.3984375
          ],
          [
            -109.287132,
            38.437841,
            2657.09765625
          ],
          [
            -109.286809,
            38.438192,
            2666.3984375
          ],
          [
            -109.286627,
            38.438456,
            2670.796875
          ],
          [
            -109.286612,
            38.438521,
            2671.69921875
          ],
          [
            -109.286656,
            38.438616,
            2671.69921875
          ],
          [
            -109.286876,
            38.438806,
            2668.19921875
          ],
          [
            -109.286963,
            38.438916,
            2667.796875
          ],
          [
            -109.287023,
            38.439142,
            2671.296875
          ],
          [
            -109.287093,
            38.439253,
            2673.19921875
          ],
          [
            -109.287357,
            38.43952,
            2674.59765625
          ],
          [
            -109.287379,
            38.439587,
            2674.69921875
          ],
          [
            -109.287364,
            38.4397,
            2676.8984375
          ],
          [
            -109.287278,
            38.439995,
            2685.0
          ],
          [
            -109.28729,
            38.440092,
            2687.0
          ],
          [
            -109.287309,
            38.44012,
            2687.59765625
          ],
          [
            -109.287385,
            38.440164,
            2687.796875
          ],
          [
            -109.287566,
            38.440215,
            2687.796875
          ],
          [
            -109.288021,
            38.440409,
            2688.19921875
          ],
          [
            -109.288197,
            38.440469,
            2689.09765625
          ],
          [
            -109.28845,
            38.440515,
            2689.796875
          ],
          [
            -109.288592,
            38.440565,
            2691.3984375
          ],
          [
            -109.288727,
            38.440647,
            2693.796875
          ],
          [
            -109.288969,
            38.440711,
            2695.19921875
          ],
          [
            -109.289048,
            38.440746,
            2696.0
          ],
          [
            -109.289406,
            38.440945,
            2695.3984375
          ],
          [
            -109.289963,
            38.441396,
            2698.19921875
          ],
          [
            -109.290108,
            38.441478,
            2698.296875
          ],
          [
            -109.290361,
            38.441573,
            2697.3984375
          ],
          [
            -109.290539,
            38.441692,
            2698.8984375
          ],
          [
            -109.290732,
            38.441758,
            2697.3984375
          ],
          [
            -109.290911,
            38.441848,
            2696.296875
          ],
          [
            -109.291016,
            38.441877,
            2695.59765625
          ],
          [
            -109.291279,
            38.441854,
            2690.69921875
          ],
          [
            -109.291402,
            38.441863,
            2688.59765625
          ],
          [
            -109.291481,
            38.441891,
            2687.5
          ],
          [
            -109.291544,
            38.441938,
            2687.0
          ],
          [
            -109.291877,
            38.442309,
            2684.5
          ],
          [
            -109.292338,
            38.44267,
            2689.0
          ],
          [
            -109.29239,
            38.442727,
            2688.8984375
          ],
          [
            -109.292421,
            38.442794,
            2689.19921875
          ],
          [
            -109.292425,
            38.442863,
            2690.09765625
          ],
          [
            -109.292317,
            38.443152,
            2696.19921875
          ],
          [
            -109.292314,
            38.443239,
            2697.5
          ],
          [
            -109.292393,
            38.443374,
            2697.19921875
          ],
          [
            -109.29259,
            38.443579,
            2698.09765625
          ],
          [
            -109.292602,
            38.443653,
            2700.09765625
          ],
          [
            -109.292554,
            38.4438,
            2704.19921875
          ],
          [
            -109.292555,
            38.443851,
            2704.796875
          ],
          [
            -109.29259,
            38.443914,
            2705.296875
          ],
          [
            -109.292745,
            38.444029,
            2705.296875
          ],
          [
            -109.29279,
            38.444104,
            2706.09765625
          ],
          [
            -109.292824,
            38.444322,
            2709.09765625
          ],
          [
            -109.292974,
            38.44474,
            2710.5
          ],
          [
            -109.292983,
            38.444833,
            2710.5
          ],
          [
            -109.292932,
            38.445103,
            2711.296875
          ],
          [
            -109.292874,
            38.445301,
            2713.19921875
          ],
          [
            -109.293309,
            38.44549,
            2709.5
          ],
          [
            -109.293719,
            38.445715,
            2712.0
          ],
          [
            -109.294138,
            38.445986,
            2713.796875
          ],
          [
            -109.294228,
            38.446067,
            2714.19921875
          ],
          [
            -109.294332,
            38.446194,
            2715.3984375
          ],
          [
            -109.294503,
            38.446443,
            2717.59765625
          ],
          [
            -109.294693,
            38.44679,
            2719.3984375
          ],
          [
            -109.294729,
            38.44691,
            2718.796875
          ],
          [
            -109.294713,
            38.447016,
            2719.296875
          ],
          [
            -109.294661,
            38.447113,
            2720.19921875
          ],
          [
            -109.29454,
            38.447201,
            2722.09765625
          ],
          [
            -109.294088,
            38.447301,
            2729.8984375
          ],
          [
            -109.293963,
            38.447358,
            2731.69921875
          ],
          [
            -109.293526,
            38.447656,
            2732.59765625
          ],
          [
            -109.293385,
            38.447731,
            2733.3984375
          ],
          [
            -109.293285,
            38.447815,
            2733.3984375
          ],
          [
            -109.293141,
            38.44809,
            2732.0
          ],
          [
            -109.292862,
            38.448383,
            2732.296875
          ],
          [
            -109.292815,
            38.448443,
            2732.0
          ],
          [
            -109.292797,
            38.448509,
            2731.69921875
          ],
          [
            -109.292874,
            38.448819,
            2730.8984375
          ],
          [
            -109.292883,
            38.449053,
            2731.69921875
          ],
          [
            -109.292857,
            38.449201,
            2732.296875
          ],
          [
            -109.292857,
            38.449201,
            2732.296875
          ],
          [
            -109.292857,
            38.449201,
            2732.296875
          ],
          [
            -109.292796,
            38.449372,
            2734.69921875
          ],
          [
            -109.292797,
            38.449443,
            2737.5
          ],
          [
            -109.292838,
            38.449514,
            2740.5
          ],
          [
            -109.292908,
            38.449553,
            2742.59765625
          ],
          [
            -109.292995,
            38.449568,
            2744.09765625
          ],
          [
            -109.29332,
            38.449534,
            2744.796875
          ],
          [
            -109.293723,
            38.449574,
            2748.296875
          ],
          [
            -109.293811,
            38.449608,
            2750.5
          ],
          [
            -109.293909,
            38.44967,
            2753.69921875
          ],
          [
            -109.293964,
            38.449724,
            2756.19921875
          ],
          [
            -109.293995,
            38.449806,
            2760.19921875
          ],
          [
            -109.293991,
            38.449985,
            2766.69921875
          ],
          [
            -109.293941,
            38.4502,
            2773.5
          ],
          [
            -109.293846,
            38.450423,
            2780.0
          ],
          [
            -109.293826,
            38.450526,
            2781.3984375
          ],
          [
            -109.293855,
            38.450703,
            2783.19921875
          ],
          [
            -109.293841,
            38.450798,
            2783.3984375
          ],
          [
            -109.293721,
            38.450984,
            2784.796875
          ],
          [
            -109.293677,
            38.451147,
            2785.296875
          ],
          [
            -109.293278,
            38.451681,
            2788.296875
          ],
          [
            -109.293154,
            38.451818,
            2790.296875
          ],
          [
            -109.292856,
            38.452051,
            2796.796875
          ],
          [
            -109.292808,
            38.45211,
            2798.3984375
          ],
          [
            -109.292788,
            38.452176,
            2799.3984375
          ],
          [
            -109.292795,
            38.45265,
            2802.69921875
          ],
          [
            -109.292913,
            38.453086,
            2805.5
          ],
          [
            -109.292925,
            38.453247,
            2806.8984375
          ],
          [
            -109.292882,
            38.453485,
            2810.3984375
          ],
          [
            -109.29292,
            38.453694,
            2812.19921875
          ],
          [
            -109.292919,
            38.453828,
            2814.09765625
          ],
          [
            -109.292887,
            38.453965,
            2816.59765625
          ],
          [
            -109.292984,
            38.45447,
            2823.59765625
          ],
          [
            -109.293072,
            38.454796,
            2827.5
          ],
          [
            -109.293166,
            38.455021,
            2829.3984375
          ],
          [
            -109.293193,
            38.455197,
            2832.69921875
          ],
          [
            -109.293234,
            38.455297,
            2833.5
          ],
          [
            -109.293351,
            38.455902,
            2842.0
          ],
          [
            -109.293354,
            38.456208,
            2848.69921875
          ],
          [
            -109.293291,
            38.45645,
            2852.3984375
          ],
          [
            -109.293198,
            38.456621,
            2853.09765625
          ],
          [
            -109.293131,
            38.456691,
            2852.796875
          ],
          [
            -109.292903,
            38.45688,
            2849.296875
          ],
          [
            -109.292797,
            38.456929,
            2847.59765625
          ],
          [
            -109.292645,
            38.456961,
            2845.8984375
          ],
          [
            -109.292256,
            38.456968,
            2842.8984375
          ],
          [
            -109.291692,
            38.457028,
            2834.69921875
          ],
          [
            -109.290928,
            38.45707,
            2830.0
          ],
          [
            -109.290714,
            38.457097,
            2829.09765625
          ],
          [
            -109.290542,
            38.457137,
            2829.19921875
          ],
          [
            -109.290357,
            38.457204,
            2830.09765625
          ],
          [
            -109.290209,
            38.457269,
            2830.59765625
          ],
          [
            -109.290133,
            38.457322,
            2830.796875
          ],
          [
            -109.289958,
            38.457475,
            2831.5
          ],
          [
            -109.289617,
            38.457727,
            2831.3984375
          ],
          [
            -109.289536,
            38.457801,
            2830.3984375
          ],
          [
            -109.289296,
            38.458094,
            2821.8984375
          ],
          [
            -109.289083,
            38.458307,
            2814.59765625
          ],
          [
            -109.288922,
            38.458432,
            2811.8984375
          ],
          [
            -109.288857,
            38.458462,
            2811.09765625
          ],
          [
            -109.288773,
            38.458478,
            2810.3984375
          ],
          [
            -109.288307,
            38.458474,
            2810.5
          ],
          [
            -109.288188,
            38.458502,
            2812.296875
          ],
          [
            -109.288053,
            38.458566,
            2815.09765625
          ],
          [
            -109.287993,
            38.458637,
            2816.09765625
          ],
          [
            -109.287973,
            38.458705,
            2816.5
          ],
          [
            -109.287952,
            38.458927,
            2814.19921875
          ],
          [
            -109.287889,
            38.459141,
            2812.59765625
          ],
          [
            -109.287889,
            38.459283,
            2810.69921875
          ],
          [
            -109.288027,
            38.459805,
            2803.796875
          ],
          [
            -109.28801,
            38.459874,
            2803.09765625
          ],
          [
            -109.28797,
            38.459937,
            2801.8984375
          ],
          [
            -109.287911,
            38.459991,
            2801.296875
          ],
          [
            -109.287628,
            38.460154,
            2799.3984375
          ],
          [
            -109.28748,
            38.460202,
            2799.19921875
          ],
          [
            -109.287117,
            38.460277,
            2801.09765625
          ],
          [
            -109.286674,
            38.460435,
            2815.69921875
          ],
          [
            -109.286495,
            38.460547,
            2825.69921875
          ],
          [
            -109.286369,
            38.460673,
            2834.69921875
          ],
          [
            -109.286266,
            38.460832,
            2835.59765625
          ],
          [
            -109.286203,
            38.460966,
            2836.19921875
          ],
          [
            -109.286157,
            38.461123,
            2837.3984375
          ],
          [
            -109.286154,
            38.461225,
            2837.19921875
          ],
          [
            -109.286195,
            38.461285,
            2835.3984375
          ],
          [
            -109.286947,
            38.461757,
            2830.5
          ],
          [
            -109.28713,
            38.461904,
            2832.09765625
          ],
          [
            -109.28722,
            38.462006,
            2834.8984375
          ],
          [
            -109.287523,
            38.462503,
            2837.296875
          ],
          [
            -109.287617,
            38.462881,
            2840.59765625
          ],
          [
            -109.288015,
            38.463659,
            2838.0
          ],
          [
            -109.288131,
            38.463979,
            2837.5
          ],
          [
            -109.288212,
            38.464152,
            2836.3984375
          ],
          [
            -109.288282,
            38.464491,
            2835.3984375
          ],
          [
            -109.288283,
            38.464707,
            2834.8984375
          ],
          [
            -109.288259,
            38.464827,
            2835.0
          ],
          [
            -109.288259,
            38.464827,
            2835.0
          ],
          [
            -109.288213,
            38.465056,
            2835.3984375
          ],
          [
            -109.287871,
            38.465834,
            2837.19921875
          ],
          [
            -109.287848,
            38.465978,
            2836.0
          ],
          [
            -109.287872,
            38.46604,
            2834.5
          ],
          [
            -109.287935,
            38.466075,
            2832.3984375
          ],
          [
            -109.288023,
            38.46608,
            2830.296875
          ],
          [
            -109.28811,
            38.466066,
            2828.19921875
          ],
          [
            -109.28825,
            38.465999,
            2825.69921875
          ],
          [
            -109.288444,
            38.465836,
            2822.3984375
          ],
          [
            -109.28868,
            38.465675,
            2817.5
          ],
          [
            -109.288749,
            38.465586,
            2816.3984375
          ],
          [
            -109.288959,
            38.465378,
            2812.69921875
          ],
          [
            -109.289008,
            38.465356,
            2811.69921875
          ],
          [
            -109.28906,
            38.465363,
            2810.59765625
          ],
          [
            -109.289124,
            38.465416,
            2809.0
          ],
          [
            -109.289219,
            38.46561,
            2805.59765625
          ],
          [
            -109.289234,
            38.465814,
            2804.0
          ],
          [
            -109.28935,
            38.466229,
            2798.5
          ],
          [
            -109.289356,
            38.466435,
            2796.296875
          ],
          [
            -109.289383,
            38.466595,
            2793.8984375
          ],
          [
            -109.28943,
            38.46673,
            2791.296875
          ],
          [
            -109.289507,
            38.466856,
            2788.296875
          ],
          [
            -109.289528,
            38.466959,
            2786.5
          ],
          [
            -109.289495,
            38.46708,
            2785.19921875
          ],
          [
            -109.289366,
            38.467357,
            2782.59765625
          ],
          [
            -109.289369,
            38.467418,
            2782.19921875
          ],
          [
            -109.289395,
            38.467466,
            2781.19921875
          ],
          [
            -109.289458,
            38.467509,
            2779.59765625
          ],
          [
            -109.289543,
            38.467526,
            2777.59765625
          ],
          [
            -109.289714,
            38.467523,
            2774.0
          ],
          [
            -109.289847,
            38.467501,
            2771.5
          ],
          [
            -109.290271,
            38.467384,
            2765.796875
          ],
          [
            -109.290425,
            38.467359,
            2763.296875
          ],
          [
            -109.290688,
            38.467355,
            2758.59765625
          ],
          [
            -109.290904,
            38.467315,
            2755.0
          ],
          [
            -109.291058,
            38.467259,
            2752.19921875
          ],
          [
            -109.291155,
            38.467246,
            2750.19921875
          ],
          [
            -109.29123,
            38.467289,
            2748.3984375
          ],
          [
            -109.291246,
            38.467354,
            2747.59765625
          ],
          [
            -109.291203,
            38.467598,
            2746.09765625
          ],
          [
            -109.291152,
            38.467703,
            2745.59765625
          ],
          [
            -109.290976,
            38.467893,
            2746.19921875
          ],
          [
            -109.290921,
            38.468191,
            2744.19921875
          ],
          [
            -109.290866,
            38.468379,
            2744.3984375
          ],
          [
            -109.290934,
            38.468673,
            2740.796875
          ],
          [
            -109.290948,
            38.468825,
            2739.5
          ],
          [
            -109.290948,
            38.47011,
            2737.69921875
          ],
          [
            -109.290966,
            38.470306,
            2735.796875
          ],
          [
            -109.290952,
            38.470565,
            2734.3984375
          ],
          [
            -109.290982,
            38.470697,
            2732.796875
          ],
          [
            -109.290992,
            38.47093,
            2729.69921875
          ],
          [
            -109.291037,
            38.471123,
            2729.5
          ],
          [
            -109.291048,
            38.471276,
            2730.69921875
          ],
          [
            -109.291055,
            38.471309,
            2730.796875
          ],
          [
            -109.291071,
            38.471327,
            2730.796875
          ],
          [
            -109.291103,
            38.471333,
            2730.09765625
          ],
          [
            -109.291144,
            38.471339,
            2729.296875
          ],
          [
            -109.291178,
            38.471359,
            2728.59765625
          ],
          [
            -109.291228,
            38.471395,
            2727.796875
          ],
          [
            -109.291257,
            38.471423,
            2727.296875
          ],
          [
            -109.291299,
            38.471469,
            2726.796875
          ],
          [
            -109.291339,
            38.471541,
            2726.296875
          ],
          [
            -109.29145,
            38.471787,
            2725.09765625
          ],
          [
            -109.291654,
            38.472229,
            2723.09765625
          ],
          [
            -109.291769,
            38.472479,
            2724.09765625
          ],
          [
            -109.291834,
            38.472643,
            2725.5
          ],
          [
            -109.291842,
            38.472685,
            2725.0
          ],
          [
            -109.291826,
            38.472749,
            2724.8984375
          ],
          [
            -109.29179,
            38.47278,
            2725.5
          ],
          [
            -109.291751,
            38.472792,
            2726.296875
          ],
          [
            -109.291683,
            38.472803,
            2727.59765625
          ],
          [
            -109.291612,
            38.472806,
            2728.69921875
          ],
          [
            -109.291553,
            38.472814,
            2729.796875
          ],
          [
            -109.291515,
            38.472828,
            2730.09765625
          ],
          [
            -109.291463,
            38.472851,
            2730.796875
          ],
          [
            -109.291432,
            38.472874,
            2731.0
          ],
          [
            -109.291424,
            38.472913,
            2730.59765625
          ],
          [
            -109.291434,
            38.472995,
            2729.3984375
          ],
          [
            -109.291558,
            38.473271,
            2723.796875
          ],
          [
            -109.291576,
            38.473364,
            2722.8984375
          ],
          [
            -109.291568,
            38.473398,
            2722.59765625
          ],
          [
            -109.291533,
            38.473415,
            2722.59765625
          ],
          [
            -109.291491,
            38.473429,
            2722.5
          ],
          [
            -109.291345,
            38.47348,
            2721.0
          ],
          [
            -109.291202,
            38.473536,
            2715.5
          ],
          [
            -109.29116,
            38.473547,
            2714.296875
          ],
          [
            -109.291125,
            38.47355,
            2713.69921875
          ],
          [
            -109.291073,
            38.473536,
            2711.8984375
          ],
          [
            -109.291014,
            38.473504,
            2710.8984375
          ],
          [
            -109.290895,
            38.473412,
            2710.19921875
          ],
          [
            -109.29076,
            38.473318,
            2708.3984375
          ],
          [
            -109.290505,
            38.47315,
            2707.19921875
          ],
          [
            -109.290342,
            38.473065,
            2705.0
          ],
          [
            -109.290231,
            38.473029,
            2703.59765625
          ],
          [
            -109.290166,
            38.473017,
            2702.296875
          ],
          [
            -109.290019,
            38.473018,
            2697.09765625
          ],
          [
            -109.289811,
            38.473037,
            2693.3984375
          ],
          [
            -109.289752,
            38.47304,
            2692.796875
          ],
          [
            -109.289706,
            38.473031,
            2692.796875
          ],
          [
            -109.289677,
            38.473012,
            2693.19921875
          ],
          [
            -109.289653,
            38.472983,
            2693.3984375
          ],
          [
            -109.289637,
            38.472944,
            2693.19921875
          ],
          [
            -109.289621,
            38.472919,
            2693.0
          ],
          [
            -109.289595,
            38.472905,
            2694.69921875
          ],
          [
            -109.28954,
            38.472888,
            2695.69921875
          ],
          [
            -109.289467,
            38.47287,
            2697.3984375
          ],
          [
            -109.289372,
            38.472868,
            2697.59765625
          ],
          [
            -109.28929,
            38.472888,
            2696.5
          ],
          [
            -109.289263,
            38.472911,
            2695.3984375
          ],
          [
            -109.289247,
            38.472945,
            2696.796875
          ],
          [
            -109.289233,
            38.472973,
            2698.09765625
          ],
          [
            -109.289233,
            38.473014,
            2700.19921875
          ],
          [
            -109.289253,
            38.473039,
            2701.296875
          ],
          [
            -109.289326,
            38.473093,
            2701.69921875
          ],
          [
            -109.289372,
            38.47313,
            2702.19921875
          ],
          [
            -109.289411,
            38.473174,
            2702.3984375
          ],
          [
            -109.289457,
            38.473246,
            2704.796875
          ],
          [
            -109.289582,
            38.473491,
            2712.0
          ],
          [
            -109.289598,
            38.473541,
            2713.0
          ],
          [
            -109.2896,
            38.473617,
            2716.5
          ],
          [
            -109.289601,
            38.473702,
            2720.0
          ],
          [
            -109.289619,
            38.473781,
            2721.09765625
          ],
          [
            -109.289637,
            38.473881,
            2720.8984375
          ],
          [
            -109.289637,
            38.473924,
            2721.3984375
          ],
          [
            -109.289617,
            38.474002,
            2723.5
          ],
          [
            -109.289598,
            38.474037,
            2724.19921875
          ],
          [
            -109.289574,
            38.474064,
            2724.59765625
          ],
          [
            -109.289522,
            38.474098,
            2724.59765625
          ],
          [
            -109.289455,
            38.474166,
            2722.796875
          ],
          [
            -109.289286,
            38.474329,
            2719.296875
          ],
          [
            -109.289245,
            38.474392,
            2721.69921875
          ],
          [
            -109.289231,
            38.474468,
            2724.19921875
          ],
          [
            -109.289235,
            38.474527,
            2725.09765625
          ],
          [
            -109.289253,
            38.474585,
            2725.69921875
          ],
          [
            -109.28938,
            38.474831,
            2725.69921875
          ],
          [
            -109.289389,
            38.474856,
            2726.09765625
          ],
          [
            -109.289391,
            38.474879,
            2726.5
          ],
          [
            -109.28938,
            38.474893,
            2727.0
          ],
          [
            -109.289348,
            38.474915,
            2728.69921875
          ],
          [
            -109.289324,
            38.474946,
            2730.19921875
          ],
          [
            -109.289318,
            38.47498,
            2730.69921875
          ],
          [
            -109.289324,
            38.475011,
            2731.09765625
          ],
          [
            -109.289342,
            38.475045,
            2731.0
          ],
          [
            -109.289366,
            38.475067,
            2730.296875
          ],
          [
            -109.289453,
            38.47514,
            2728.8984375
          ],
          [
            -109.289653,
            38.475251,
            2727.19921875
          ],
          [
            -109.289736,
            38.475314,
            2727.5
          ],
          [
            -109.289798,
            38.475369,
            2728.796875
          ],
          [
            -109.289889,
            38.475479,
            2730.5
          ],
          [
            -109.290004,
            38.475625,
            2731.3984375
          ],
          [
            -109.290047,
            38.475673,
            2730.8984375
          ],
          [
            -109.290146,
            38.475762,
            2730.09765625
          ],
          [
            -109.2902,
            38.4758,
            2729.3984375
          ],
          [
            -109.290227,
            38.475827,
            2729.0
          ],
          [
            -109.290273,
            38.475886,
            2728.796875
          ],
          [
            -109.290311,
            38.475942,
            2728.296875
          ],
          [
            -109.290427,
            38.476202,
            2726.5
          ],
          [
            -109.290455,
            38.476356,
            2725.59765625
          ],
          [
            -109.290459,
            38.476633,
            2724.296875
          ],
          [
            -109.290439,
            38.476745,
            2723.5
          ],
          [
            -109.29041,
            38.476813,
            2723.69921875
          ],
          [
            -109.290366,
            38.476884,
            2725.0
          ],
          [
            -109.290326,
            38.476931,
            2726.3984375
          ],
          [
            -109.290315,
            38.476963,
            2726.8984375
          ],
          [
            -109.290315,
            38.477081,
            2727.59765625
          ],
          [
            -109.290322,
            38.477153,
            2729.796875
          ],
          [
            -109.29034,
            38.477215,
            2731.5
          ],
          [
            -109.290364,
            38.477263,
            2732.19921875
          ],
          [
            -109.290465,
            38.477368,
            2732.796875
          ],
          [
            -109.290513,
            38.477425,
            2733.59765625
          ],
          [
            -109.290524,
            38.477446,
            2734.5
          ],
          [
            -109.290524,
            38.477472,
            2735.296875
          ],
          [
            -109.290509,
            38.477503,
            2736.69921875
          ],
          [
            -109.290511,
            38.477534,
            2737.8984375
          ],
          [
            -109.290521,
            38.477578,
            2739.59765625
          ],
          [
            -109.290535,
            38.477619,
            2740.59765625
          ],
          [
            -109.290535,
            38.477619,
            2740.59765625
          ],
          [
            -109.290558,
            38.477684,
            2741.296875
          ],
          [
            -109.290578,
            38.477731,
            2741.19921875
          ],
          [
            -109.290586,
            38.477767,
            2741.296875
          ],
          [
            -109.290592,
            38.477816,
            2741.8984375
          ],
          [
            -109.290574,
            38.477985,
            2743.3984375
          ],
          [
            -109.290546,
            38.478085,
            2743.5
          ],
          [
            -109.290521,
            38.478136,
            2743.8984375
          ],
          [
            -109.290479,
            38.478185,
            2744.3984375
          ],
          [
            -109.290425,
            38.478282,
            2744.296875
          ],
          [
            -109.290348,
            38.478371,
            2744.796875
          ],
          [
            -109.290233,
            38.478565,
            2744.5
          ],
          [
            -109.290128,
            38.478737,
            2743.796875
          ],
          [
            -109.290085,
            38.478893,
            2740.5
          ],
          [
            -109.290087,
            38.478986,
            2737.69921875
          ],
          [
            -109.29012,
            38.479104,
            2734.8984375
          ],
          [
            -109.289954,
            38.479194,
            2735.59765625
          ],
          [
            -109.289875,
            38.479126,
            2737.5
          ],
          [
            -109.289787,
            38.479084,
            2739.296875
          ],
          [
            -109.28969,
            38.479053,
            2740.69921875
          ],
          [
            -109.289588,
            38.479041,
            2741.296875
          ],
          [
            -109.289507,
            38.479047,
            2741.3984375
          ],
          [
            -109.289444,
            38.479059,
            2741.59765625
          ],
          [
            -109.289362,
            38.479088,
            2742.0
          ],
          [
            -109.289287,
            38.479129,
            2742.19921875
          ],
          [
            -109.289227,
            38.479178,
            2742.09765625
          ],
          [
            -109.289094,
            38.4793,
            2741.59765625
          ],
          [
            -109.288925,
            38.479487,
            2740.59765625
          ],
          [
            -109.288586,
            38.479856,
            2739.19921875
          ],
          [
            -109.288279,
            38.48013,
            2740.59765625
          ],
          [
            -109.287822,
            38.480438,
            2744.5
          ],
          [
            -109.287362,
            38.480693,
            2753.59765625
          ],
          [
            -109.287031,
            38.48086,
            2758.0
          ],
          [
            -109.286039,
            38.481276,
            2767.5
          ],
          [
            -109.285427,
            38.481497,
            2772.19921875
          ],
          [
            -109.285098,
            38.481584,
            2774.0
          ],
          [
            -109.284783,
            38.481596,
            2777.09765625
          ],
          [
            -109.284454,
            38.481583,
            2782.0
          ],
          [
            -109.284145,
            38.481598,
            2785.09765625
          ],
          [
            -109.283912,
            38.481674,
            2785.796875
          ],
          [
            -109.2837,
            38.48182,
            2785.69921875
          ],
          [
            -109.283508,
            38.482009,
            2784.09765625
          ],
          [
            -109.283324,
            38.482207,
            2782.0
          ],
          [
            -109.283203,
            38.482296,
            2781.3984375
          ],
          [
            -109.283054,
            38.482342,
            2782.5
          ],
          [
            -109.28289,
            38.482339,
            2784.19921875
          ],
          [
            -109.282786,
            38.482311,
            2786.0
          ],
          [
            -109.282683,
            38.482253,
            2788.5
          ],
          [
            -109.282615,
            38.482171,
            2790.796875
          ],
          [
            -109.282576,
            38.482053,
            2793.8984375
          ],
          [
            -109.282594,
            38.481931,
            2796.69921875
          ],
          [
            -109.282642,
            38.481845,
            2797.8984375
          ],
          [
            -109.282724,
            38.481758,
            2798.69921875
          ],
          [
            -109.282956,
            38.481558,
            2799.3984375
          ],
          [
            -109.283151,
            38.48138,
            2799.796875
          ],
          [
            -109.28328,
            38.481215,
            2800.19921875
          ],
          [
            -109.283388,
            38.480933,
            2803.09765625
          ],
          [
            -109.283461,
            38.48069,
            2806.69921875
          ],
          [
            -109.283649,
            38.480375,
            2811.09765625
          ],
          [
            -109.283822,
            38.480025,
            2813.8984375
          ],
          [
            -109.283988,
            38.479582,
            2816.8984375
          ],
          [
            -109.284126,
            38.479176,
            2820.69921875
          ],
          [
            -109.284305,
            38.478697,
            2824.8984375
          ],
          [
            -109.28439,
            38.47854,
            2826.69921875
          ],
          [
            -109.284615,
            38.478336,
            2827.3984375
          ],
          [
            -109.284816,
            38.4782,
            2827.19921875
          ],
          [
            -109.285,
            38.477919,
            2832.8984375
          ],
          [
            -109.285183,
            38.477621,
            2835.69921875
          ],
          [
            -109.285323,
            38.477274,
            2838.19921875
          ],
          [
            -109.285345,
            38.477071,
            2839.796875
          ],
          [
            -109.285318,
            38.476857,
            2841.19921875
          ],
          [
            -109.285194,
            38.476609,
            2844.8984375
          ],
          [
            -109.28499,
            38.476393,
            2846.69921875
          ],
          [
            -109.284782,
            38.476272,
            2849.19921875
          ],
          [
            -109.284538,
            38.476188,
            2849.69921875
          ],
          [
            -109.283951,
            38.476159,
            2854.5
          ],
          [
            -109.283689,
            38.476083,
            2858.8984375
          ],
          [
            -109.283483,
            38.475956,
            2861.59765625
          ],
          [
            -109.283267,
            38.475778,
            2863.09765625
          ],
          [
            -109.282878,
            38.47544,
            2864.8984375
          ],
          [
            -109.28259,
            38.475191,
            2867.19921875
          ],
          [
            -109.282463,
            38.475046,
            2868.69921875
          ],
          [
            -109.282391,
            38.474869,
            2869.59765625
          ],
          [
            -109.282373,
            38.474691,
            2872.3984375
          ],
          [
            -109.282391,
            38.47442,
            2875.09765625
          ],
          [
            -109.282427,
            38.474037,
            2876.5
          ],
          [
            -109.282452,
            38.473851,
            2876.69921875
          ],
          [
            -109.282499,
            38.473625,
            2877.69921875
          ],
          [
            -109.282487,
            38.473434,
            2880.09765625
          ],
          [
            -109.282364,
            38.473304,
            2882.296875
          ],
          [
            -109.282166,
            38.47322,
            2885.69921875
          ],
          [
            -109.282006,
            38.473234,
            2888.09765625
          ],
          [
            -109.281876,
            38.473289,
            2890.69921875
          ],
          [
            -109.281742,
            38.473399,
            2893.59765625
          ],
          [
            -109.281627,
            38.473544,
            2895.3984375
          ],
          [
            -109.281514,
            38.473753,
            2896.796875
          ],
          [
            -109.28139,
            38.47397,
            2898.19921875
          ],
          [
            -109.281084,
            38.474518,
            2900.796875
          ],
          [
            -109.280696,
            38.475158,
            2905.8984375
          ],
          [
            -109.280551,
            38.475393,
            2908.19921875
          ],
          [
            -109.280266,
            38.475633,
            2911.296875
          ],
          [
            -109.279791,
            38.475978,
            2916.0
          ],
          [
            -109.279323,
            38.476357,
            2920.59765625
          ],
          [
            -109.279323,
            38.476357,
            2920.59765625
          ],
          [
            -109.279229,
            38.476433,
            2921.0
          ],
          [
            -109.278962,
            38.476618,
            2921.8984375
          ],
          [
            -109.278689,
            38.476787,
            2922.296875
          ],
          [
            -109.278455,
            38.476902,
            2923.59765625
          ],
          [
            -109.277409,
            38.477314,
            2932.0
          ],
          [
            -109.277337,
            38.477343,
            2932.296875
          ],
          [
            -109.276893,
            38.477522,
            2935.296875
          ],
          [
            -109.27645,
            38.477688,
            2938.09765625
          ],
          [
            -109.27506,
            38.47818,
            2948.3984375
          ],
          [
            -109.274722,
            38.478259,
            2951.296875
          ],
          [
            -109.274128,
            38.478386,
            2955.0
          ],
          [
            -109.272732,
            38.478707,
            2958.8984375
          ],
          [
            -109.272069,
            38.478859,
            2961.59765625
          ],
          [
            -109.270804,
            38.479147,
            2962.3984375
          ],
          [
            -109.270501,
            38.479171,
            2963.3984375
          ],
          [
            -109.270289,
            38.479159,
            2965.0
          ],
          [
            -109.269967,
            38.479088,
            2966.8984375
          ],
          [
            -109.268934,
            38.478913,
            2973.59765625
          ],
          [
            -109.267999,
            38.478755,
            2982.296875
          ],
          [
            -109.26773,
            38.478748,
            2984.19921875
          ],
          [
            -109.267554,
            38.478802,
            2984.59765625
          ],
          [
            -109.267434,
            38.478847,
            2985.09765625
          ],
          [
            -109.267343,
            38.478958,
            2985.3984375
          ],
          [
            -109.267337,
            38.47908,
            2985.3984375
          ],
          [
            -109.267424,
            38.480014,
            2993.19921875
          ],
          [
            -109.267418,
            38.480283,
            2999.59765625
          ],
          [
            -109.267351,
            38.48038,
            3002.0
          ],
          [
            -109.267228,
            38.480441,
            3002.59765625
          ],
          [
            -109.267098,
            38.480453,
            3001.59765625
          ],
          [
            -109.266979,
            38.480436,
            3001.19921875
          ],
          [
            -109.266748,
            38.480391,
            3001.3984375
          ],
          [
            -109.266434,
            38.480346,
            3002.09765625
          ],
          [
            -109.265872,
            38.480258,
            3004.3984375
          ],
          [
            -109.265592,
            38.480254,
            3005.0
          ],
          [
            -109.26533,
            38.480265,
            3006.19921875
          ],
          [
            -109.265073,
            38.480289,
            3008.0
          ],
          [
            -109.26477,
            38.480356,
            3009.19921875
          ],
          [
            -109.263985,
            38.480683,
            3012.59765625
          ],
          [
            -109.263837,
            38.480732,
            3013.19921875
          ],
          [
            -109.263763,
            38.480749,
            3013.59765625
          ],
          [
            -109.263689,
            38.480759,
            3013.8984375
          ],
          [
            -109.262885,
            38.480745,
            3018.3984375
          ],
          [
            -109.262083,
            38.480763,
            3023.296875
          ],
          [
            -109.261915,
            38.480795,
            3024.59765625
          ],
          [
            -109.261767,
            38.480841,
            3026.3984375
          ],
          [
            -109.261649,
            38.480906,
            3028.0
          ],
          [
            -109.261516,
            38.480992,
            3029.59765625
          ],
          [
            -109.261404,
            38.481087,
            3031.296875
          ],
          [
            -109.261302,
            38.481206,
            3033.09765625
          ],
          [
            -109.26113,
            38.481426,
            3034.5
          ],
          [
            -109.260885,
            38.481639,
            3035.19921875
          ],
          [
            -109.260597,
            38.481888,
            3036.296875
          ],
          [
            -109.260541,
            38.482008,
            3036.5
          ],
          [
            -109.26051,
            38.482164,
            3036.69921875
          ],
          [
            -109.260512,
            38.482298,
            3036.796875
          ],
          [
            -109.26057,
            38.482418,
            3036.0
          ],
          [
            -109.260658,
            38.482554,
            3034.69921875
          ],
          [
            -109.260718,
            38.482668,
            3033.296875
          ],
          [
            -109.260731,
            38.482783,
            3032.69921875
          ],
          [
            -109.260667,
            38.482888,
            3032.8984375
          ],
          [
            -109.260548,
            38.48296,
            3033.296875
          ],
          [
            -109.260255,
            38.483039,
            3033.8984375
          ],
          [
            -109.259421,
            38.483303,
            3030.8984375
          ],
          [
            -109.259141,
            38.483336,
            3029.296875
          ],
          [
            -109.258721,
            38.483348,
            3029.296875
          ],
          [
            -109.258361,
            38.483395,
            3028.69921875
          ],
          [
            -109.258046,
            38.483475,
            3028.8984375
          ],
          [
            -109.257669,
            38.483656,
            3027.8984375
          ],
          [
            -109.257323,
            38.483854,
            3027.296875
          ],
          [
            -109.257199,
            38.483979,
            3025.796875
          ],
          [
            -109.257199,
            38.483979,
            3025.796875
          ],
          [
            -109.256866,
            38.484315,
            3024.796875
          ],
          [
            -109.25678,
            38.484503,
            3025.09765625
          ],
          [
            -109.256698,
            38.484718,
            3025.59765625
          ],
          [
            -109.256593,
            38.484849,
            3026.296875
          ],
          [
            -109.25644,
            38.484934,
            3026.5
          ],
          [
            -109.256196,
            38.48501,
            3027.5
          ],
          [
            -109.256064,
            38.485048,
            3028.0
          ],
          [
            -109.255978,
            38.485085,
            3028.296875
          ],
          [
            -109.255912,
            38.485151,
            3028.3984375
          ],
          [
            -109.255809,
            38.485293,
            3028.69921875
          ],
          [
            -109.255254,
            38.486066,
            3030.09765625
          ],
          [
            -109.255062,
            38.486248,
            3029.59765625
          ],
          [
            -109.254935,
            38.486348,
            3028.8984375
          ],
          [
            -109.254747,
            38.486427,
            3028.59765625
          ],
          [
            -109.253965,
            38.486614,
            3027.69921875
          ],
          [
            -109.253594,
            38.486631,
            3028.3984375
          ],
          [
            -109.253394,
            38.486611,
            3029.796875
          ],
          [
            -109.253163,
            38.486548,
            3032.19921875
          ],
          [
            -109.252713,
            38.4865,
            3034.59765625
          ],
          [
            -109.25252,
            38.486468,
            3037.296875
          ],
          [
            -109.25232,
            38.486397,
            3038.59765625
          ],
          [
            -109.252095,
            38.486333,
            3040.09765625
          ],
          [
            -109.252085,
            38.486329,
            3040.09765625
          ],
          [
            -109.251708,
            38.486203,
            3044.796875
          ],
          [
            -109.251512,
            38.486181,
            3046.09765625
          ],
          [
            -109.251382,
            38.486211,
            3045.8984375
          ],
          [
            -109.251223,
            38.486263,
            3045.3984375
          ],
          [
            -109.251049,
            38.486326,
            3044.59765625
          ],
          [
            -109.250942,
            38.48634,
            3044.59765625
          ],
          [
            -109.250785,
            38.486318,
            3045.0
          ],
          [
            -109.250624,
            38.486274,
            3045.69921875
          ],
          [
            -109.249965,
            38.48614,
            3047.59765625
          ],
          [
            -109.249665,
            38.486041,
            3049.5
          ],
          [
            -109.24928,
            38.485813,
            3051.59765625
          ],
          [
            -109.248744,
            38.485451,
            3056.19921875
          ],
          [
            -109.248628,
            38.485375,
            3057.8984375
          ],
          [
            -109.24849,
            38.485341,
            3058.3984375
          ],
          [
            -109.248311,
            38.48535,
            3058.296875
          ],
          [
            -109.248117,
            38.485398,
            3058.69921875
          ],
          [
            -109.247929,
            38.485471,
            3059.59765625
          ],
          [
            -109.247361,
            38.485832,
            3067.296875
          ],
          [
            -109.247248,
            38.485889,
            3068.5
          ],
          [
            -109.247072,
            38.485958,
            3069.796875
          ],
          [
            -109.24695,
            38.485991,
            3070.69921875
          ],
          [
            -109.246742,
            38.486026,
            3073.296875
          ],
          [
            -109.246648,
            38.486039,
            3074.5
          ],
          [
            -109.246505,
            38.486072,
            3076.19921875
          ],
          [
            -109.24638,
            38.486138,
            3077.296875
          ],
          [
            -109.246301,
            38.486219,
            3077.59765625
          ],
          [
            -109.246197,
            38.486327,
            3077.8984375
          ],
          [
            -109.246153,
            38.486375,
            3078.09765625
          ],
          [
            -109.246096,
            38.486405,
            3078.296875
          ],
          [
            -109.246038,
            38.486424,
            3078.5
          ],
          [
            -109.245929,
            38.486428,
            3078.69921875
          ],
          [
            -109.245857,
            38.486422,
            3079.19921875
          ],
          [
            -109.245796,
            38.486407,
            3079.59765625
          ],
          [
            -109.245635,
            38.486321,
            3082.5
          ],
          [
            -109.245108,
            38.485939,
            3089.3984375
          ],
          [
            -109.244872,
            38.485772,
            3092.69921875
          ],
          [
            -109.244816,
            38.485714,
            3094.0
          ],
          [
            -109.244768,
            38.485648,
            3095.09765625
          ],
          [
            -109.244706,
            38.485526,
            3096.8984375
          ],
          [
            -109.244673,
            38.485415,
            3098.5
          ],
          [
            -109.244559,
            38.484968,
            3106.796875
          ],
          [
            -109.244555,
            38.484796,
            3108.8984375
          ],
          [
            -109.244636,
            38.48456,
            3110.0
          ],
          [
            -109.244658,
            38.484352,
            3110.8984375
          ],
          [
            -109.244614,
            38.484081,
            3114.0
          ],
          [
            -109.2445,
            38.483656,
            3117.8984375
          ],
          [
            -109.2445,
            38.483656,
            3117.8984375
          ],
          [
            -109.244475,
            38.483563,
            3118.69921875
          ],
          [
            -109.244133,
            38.482806,
            3128.296875
          ],
          [
            -109.244065,
            38.482482,
            3132.296875
          ],
          [
            -109.244086,
            38.482365,
            3133.296875
          ],
          [
            -109.244114,
            38.482247,
            3134.8984375
          ],
          [
            -109.244118,
            38.482191,
            3135.69921875
          ],
          [
            -109.244095,
            38.48215,
            3136.59765625
          ],
          [
            -109.244049,
            38.482114,
            3137.8984375
          ],
          [
            -109.243979,
            38.482116,
            3138.5
          ],
          [
            -109.243917,
            38.48215,
            3138.8984375
          ],
          [
            -109.243878,
            38.482209,
            3138.796875
          ],
          [
            -109.243679,
            38.482614,
            3141.09765625
          ],
          [
            -109.243463,
            38.48307,
            3144.296875
          ],
          [
            -109.243291,
            38.483224,
            3147.296875
          ],
          [
            -109.243093,
            38.483338,
            3148.3984375
          ],
          [
            -109.242771,
            38.483448,
            3150.5
          ],
          [
            -109.242445,
            38.483517,
            3152.3984375
          ],
          [
            -109.242285,
            38.483532,
            3153.3984375
          ],
          [
            -109.242035,
            38.483533,
            3156.296875
          ],
          [
            -109.241854,
            38.483513,
            3158.3984375
          ],
          [
            -109.241697,
            38.483485,
            3159.3984375
          ],
          [
            -109.241329,
            38.483353,
            3163.5
          ],
          [
            -109.241167,
            38.48332,
            3165.296875
          ],
          [
            -109.241032,
            38.48332,
            3166.0
          ],
          [
            -109.240866,
            38.483348,
            3166.09765625
          ],
          [
            -109.240697,
            38.4834,
            3165.5
          ],
          [
            -109.240582,
            38.483421,
            3165.296875
          ],
          [
            -109.240497,
            38.483411,
            3165.5
          ],
          [
            -109.240356,
            38.483369,
            3166.3984375
          ],
          [
            -109.239879,
            38.483173,
            3171.19921875
          ],
          [
            -109.239745,
            38.483104,
            3171.796875
          ],
          [
            -109.239668,
            38.483024,
            3173.19921875
          ],
          [
            -109.239571,
            38.482953,
            3173.59765625
          ],
          [
            -109.239469,
            38.482897,
            3173.09765625
          ],
          [
            -109.239381,
            38.482882,
            3172.8984375
          ],
          [
            -109.239262,
            38.482879,
            3172.296875
          ],
          [
            -109.239082,
            38.482888,
            3171.19921875
          ],
          [
            -109.238967,
            38.482892,
            3171.09765625
          ],
          [
            -109.238831,
            38.482841,
            3172.69921875
          ],
          [
            -109.238742,
            38.482775,
            3174.69921875
          ],
          [
            -109.238538,
            38.482625,
            3177.5
          ],
          [
            -109.238418,
            38.482557,
            3178.3984375
          ],
          [
            -109.238274,
            38.482501,
            3179.296875
          ],
          [
            -109.238075,
            38.48244,
            3180.5
          ],
          [
            -109.237913,
            38.48235,
            3182.296875
          ],
          [
            -109.237725,
            38.482232,
            3184.0
          ],
          [
            -109.237555,
            38.48211,
            3185.796875
          ],
          [
            -109.237236,
            38.481843,
            3191.3984375
          ],
          [
            -109.236998,
            38.481687,
            3194.19921875
          ],
          [
            -109.236876,
            38.481641,
            3195.09765625
          ],
          [
            -109.236716,
            38.481597,
            3196.296875
          ],
          [
            -109.236555,
            38.48158,
            3196.8984375
          ],
          [
            -109.236407,
            38.481583,
            3197.0
          ],
          [
            -109.236277,
            38.48162,
            3197.59765625
          ],
          [
            -109.236169,
            38.48169,
            3197.8984375
          ],
          [
            -109.235617,
            38.482216,
            3204.09765625
          ],
          [
            -109.235551,
            38.482316,
            3204.796875
          ],
          [
            -109.235491,
            38.482493,
            3208.5
          ],
          [
            -109.235477,
            38.482593,
            3209.8984375
          ],
          [
            -109.23544,
            38.482674,
            3211.59765625
          ],
          [
            -109.235127,
            38.483206,
            3218.09765625
          ],
          [
            -109.234962,
            38.483547,
            3219.0
          ],
          [
            -109.234769,
            38.48381,
            3219.59765625
          ],
          [
            -109.234511,
            38.484057,
            3222.0
          ],
          [
            -109.234272,
            38.484228,
            3221.296875
          ],
          [
            -109.234042,
            38.484343,
            3221.59765625
          ],
          [
            -109.233848,
            38.484451,
            3222.296875
          ],
          [
            -109.233721,
            38.484544,
            3222.3984375
          ],
          [
            -109.233356,
            38.484829,
            3220.8984375
          ],
          [
            -109.233181,
            38.484987,
            3219.296875
          ],
          [
            -109.232963,
            38.48514,
            3220.59765625
          ],
          [
            -109.232913,
            38.48517,
            3220.09765625
          ],
          [
            -109.232855,
            38.485202,
            3219.8984375
          ],
          [
            -109.232318,
            38.485429,
            3219.09765625
          ],
          [
            -109.232206,
            38.485439,
            3218.5
          ],
          [
            -109.232179,
            38.485543,
            3216.796875
          ],
          [
            -109.232133,
            38.485678,
            3214.59765625
          ],
          [
            -109.232176,
            38.48588,
            3211.59765625
          ],
          [
            -109.232218,
            38.486036,
            3209.796875
          ],
          [
            -109.232217,
            38.486144,
            3209.3984375
          ],
          [
            -109.232157,
            38.486249,
            3209.3984375
          ],
          [
            -109.232011,
            38.486397,
            3210.0
          ],
          [
            -109.231931,
            38.486573,
            3210.0
          ],
          [
            -109.231914,
            38.486707,
            3210.0
          ],
          [
            -109.231952,
            38.486798,
            3210.0
          ],
          [
            -109.23214,
            38.487032,
            3209.296875
          ],
          [
            -109.232187,
            38.487124,
            3209.3984375
          ],
          [
            -109.232331,
            38.487271,
            3209.3984375
          ],
          [
            -109.232395,
            38.487345,
            3209.59765625
          ],
          [
            -109.232486,
            38.487489,
            3210.3984375
          ],
          [
            -109.232653,
            38.487655,
            3211.09765625
          ],
          [
            -109.232738,
            38.487779,
            3212.19921875
          ],
          [
            -109.232767,
            38.487841,
            3212.8984375
          ],
          [
            -109.23279,
            38.487979,
            3214.796875
          ],
          [
            -109.232793,
            38.487982,
            3214.796875
          ],
          [
            -109.232948,
            38.48809,
            3215.59765625
          ],
          [
            -109.233066,
            38.488149,
            3216.09765625
          ],
          [
            -109.233162,
            38.488201,
            3216.69921875
          ],
          [
            -109.233371,
            38.488268,
            3217.0
          ],
          [
            -109.233507,
            38.488342,
            3217.0
          ],
          [
            -109.234475,
            38.489116,
            3219.09765625
          ],
          [
            -109.234666,
            38.489243,
            3218.3984375
          ],
          [
            -109.234924,
            38.489447,
            3218.796875
          ],
          [
            -109.234924,
            38.489447,
            3218.796875
          ],
          [
            -109.235024,
            38.489527,
            3218.69921875
          ],
          [
            -109.235338,
            38.489731,
            3217.59765625
          ],
          [
            -109.235457,
            38.489837,
            3217.3984375
          ],
          [
            -109.235774,
            38.490271,
            3216.0
          ],
          [
            -109.235911,
            38.490591,
            3216.09765625
          ],
          [
            -109.235961,
            38.490773,
            3217.0
          ],
          [
            -109.236296,
            38.491337,
            3215.296875
          ],
          [
            -109.236455,
            38.491554,
            3213.69921875
          ],
          [
            -109.236575,
            38.491706,
            3212.796875
          ],
          [
            -109.236964,
            38.492062,
            3207.3984375
          ],
          [
            -109.237387,
            38.4925,
            3202.3984375
          ],
          [
            -109.23766,
            38.492719,
            3198.0
          ],
          [
            -109.237732,
            38.492712,
            3196.296875
          ],
          [
            -109.237767,
            38.492652,
            3195.19921875
          ],
          [
            -109.237813,
            38.492446,
            3193.09765625
          ],
          [
            -109.237804,
            38.492352,
            3192.59765625
          ],
          [
            -109.237703,
            38.492213,
            3193.796875
          ],
          [
            -109.237657,
            38.492078,
            3193.69921875
          ],
          [
            -109.237668,
            38.491974,
            3192.59765625
          ],
          [
            -109.237721,
            38.491911,
            3191.5
          ],
          [
            -109.237967,
            38.491781,
            3187.796875
          ],
          [
            -109.238149,
            38.491613,
            3185.19921875
          ],
          [
            -109.238236,
            38.491559,
            3184.0
          ],
          [
            -109.23838,
            38.491511,
            3182.0
          ],
          [
            -109.238469,
            38.4915,
            3180.19921875
          ],
          [
            -109.238625,
            38.491516,
            3177.59765625
          ],
          [
            -109.238679,
            38.491579,
            3177.09765625
          ],
          [
            -109.238672,
            38.491458,
            3176.5
          ],
          [
            -109.238637,
            38.491389,
            3176.09765625
          ],
          [
            -109.238514,
            38.491225,
            3176.5
          ],
          [
            -109.238491,
            38.49117,
            3175.8984375
          ],
          [
            -109.238507,
            38.491125,
            3174.796875
          ],
          [
            -109.238575,
            38.491101,
            3173.296875
          ],
          [
            -109.238862,
            38.491129,
            3169.796875
          ],
          [
            -109.239053,
            38.491111,
            3166.8984375
          ],
          [
            -109.239145,
            38.491082,
            3165.09765625
          ],
          [
            -109.239259,
            38.490999,
            3162.3984375
          ],
          [
            -109.239408,
            38.490832,
            3157.19921875
          ],
          [
            -109.239468,
            38.490737,
            3154.19921875
          ],
          [
            -109.239498,
            38.490608,
            3150.69921875
          ],
          [
            -109.239459,
            38.490461,
            3148.59765625
          ],
          [
            -109.239227,
            38.490167,
            3143.0
          ],
          [
            -109.239129,
            38.490002,
            3142.69921875
          ],
          [
            -109.239031,
            38.489893,
            3143.0
          ],
          [
            -109.239025,
            38.489838,
            3142.8984375
          ],
          [
            -109.239094,
            38.489824,
            3142.3984375
          ],
          [
            -109.239186,
            38.489847,
            3141.69921875
          ],
          [
            -109.23981,
            38.490087,
            3135.3984375
          ],
          [
            -109.239916,
            38.490115,
            3133.5
          ],
          [
            -109.240003,
            38.490115,
            3132.09765625
          ],
          [
            -109.240054,
            38.4901,
            3131.296875
          ],
          [
            -109.240118,
            38.490055,
            3130.19921875
          ],
          [
            -109.240192,
            38.489979,
            3129.5
          ],
          [
            -109.240292,
            38.489964,
            3128.09765625
          ],
          [
            -109.240446,
            38.490017,
            3125.296875
          ],
          [
            -109.24059,
            38.490012,
            3123.59765625
          ],
          [
            -109.240663,
            38.48998,
            3123.5
          ],
          [
            -109.240707,
            38.489874,
            3124.796875
          ],
          [
            -109.240744,
            38.489828,
            3124.8984375
          ],
          [
            -109.240801,
            38.489818,
            3124.59765625
          ],
          [
            -109.241364,
            38.489895,
            3118.09765625
          ],
          [
            -109.241485,
            38.489898,
            3116.69921875
          ],
          [
            -109.24187,
            38.489825,
            3112.796875
          ],
          [
            -109.241948,
            38.489797,
            3111.8984375
          ],
          [
            -109.242022,
            38.489734,
            3111.0
          ],
          [
            -109.242043,
            38.489634,
            3110.8984375
          ],
          [
            -109.24201,
            38.489569,
            3111.19921875
          ],
          [
            -109.241927,
            38.489473,
            3111.296875
          ],
          [
            -109.241865,
            38.489343,
            3110.796875
          ],
          [
            -109.241907,
            38.489256,
            3109.69921875
          ],
          [
            -109.242044,
            38.489175,
            3107.59765625
          ],
          [
            -109.242161,
            38.489075,
            3105.19921875
          ],
          [
            -109.24217,
            38.488849,
            3103.796875
          ],
          [
            -109.242317,
            38.488809,
            3102.19921875
          ],
          [
            -109.242434,
            38.48878,
            3100.8984375
          ],
          [
            -109.24253,
            38.48874,
            3099.796875
          ],
          [
            -109.242669,
            38.488723,
            3098.796875
          ],
          [
            -109.242833,
            38.488668,
            3097.796875
          ],
          [
            -109.242875,
            38.488662,
            3097.296875
          ],
          [
            -109.242967,
            38.488679,
            3096.5
          ],
          [
            -109.243339,
            38.488954,
            3092.8984375
          ],
          [
            -109.243487,
            38.489036,
            3091.8984375
          ],
          [
            -109.243676,
            38.489091,
            3090.5
          ],
          [
            -109.243871,
            38.489093,
            3089.09765625
          ],
          [
            -109.244021,
            38.489061,
            3088.0
          ],
          [
            -109.244151,
            38.488991,
            3087.09765625
          ],
          [
            -109.244231,
            38.4889,
            3086.296875
          ],
          [
            -109.244241,
            38.488831,
            3086.19921875
          ],
          [
            -109.244209,
            38.488702,
            3086.19921875
          ],
          [
            -109.244231,
            38.488636,
            3085.59765625
          ],
          [
            -109.244261,
            38.488614,
            3085.19921875
          ],
          [
            -109.244369,
            38.488589,
            3084.09765625
          ],
          [
            -109.244942,
            38.488605,
            3079.5
          ],
          [
            -109.245059,
            38.488581,
            3078.59765625
          ],
          [
            -109.245427,
            38.488412,
            3075.8984375
          ],
          [
            -109.24564,
            38.488185,
            3074.69921875
          ],
          [
            -109.245751,
            38.488128,
            3074.5
          ],
          [
            -109.245835,
            38.488114,
            3074.19921875
          ],
          [
            -109.245917,
            38.488126,
            3073.3984375
          ],
          [
            -109.246016,
            38.488198,
            3071.8984375
          ],
          [
            -109.246267,
            38.488435,
            3066.59765625
          ],
          [
            -109.246557,
            38.488589,
            3063.3984375
          ],
          [
            -109.246683,
            38.488611,
            3062.3984375
          ],
          [
            -109.246784,
            38.488582,
            3061.59765625
          ],
          [
            -109.246798,
            38.488574,
            3061.5
          ],
          [
            -109.246798,
            38.488574,
            3061.5
          ],
          [
            -109.246921,
            38.488501,
            3061.0
          ],
          [
            -109.247052,
            38.488453,
            3058.796875
          ],
          [
            -109.247148,
            38.488453,
            3056.59765625
          ],
          [
            -109.247209,
            38.488472,
            3055.296875
          ],
          [
            -109.247305,
            38.488536,
            3052.796875
          ],
          [
            -109.247391,
            38.488641,
            3050.8984375
          ],
          [
            -109.247443,
            38.488758,
            3049.8984375
          ],
          [
            -109.247491,
            38.488939,
            3049.796875
          ],
          [
            -109.247537,
            38.488987,
            3049.19921875
          ],
          [
            -109.247599,
            38.488987,
            3048.09765625
          ],
          [
            -109.247827,
            38.488766,
            3044.09765625
          ],
          [
            -109.247883,
            38.48869,
            3042.5
          ],
          [
            -109.247916,
            38.488605,
            3040.8984375
          ],
          [
            -109.247934,
            38.488463,
            3039.09765625
          ],
          [
            -109.247925,
            38.488315,
            3036.69921875
          ],
          [
            -109.24795,
            38.488202,
            3034.09765625
          ],
          [
            -109.247978,
            38.488135,
            3033.09765625
          ],
          [
            -109.248078,
            38.488028,
            3029.796875
          ],
          [
            -109.248183,
            38.487985,
            3027.5
          ],
          [
            -109.248741,
            38.487976,
            3021.69921875
          ],
          [
            -109.248803,
            38.488132,
            3021.59765625
          ],
          [
            -109.248842,
            38.488193,
            3021.296875
          ],
          [
            -109.248873,
            38.488218,
            3021.19921875
          ],
          [
            -109.249012,
            38.488283,
            3019.8984375
          ],
          [
            -109.249114,
            38.488347,
            3018.69921875
          ],
          [
            -109.249229,
            38.488415,
            3017.296875
          ],
          [
            -109.249433,
            38.488537,
            3015.19921875
          ],
          [
            -109.249491,
            38.488558,
            3014.5
          ],
          [
            -109.249533,
            38.488558,
            3014.0
          ],
          [
            -109.24957,
            38.488545,
            3013.5
          ],
          [
            -109.249712,
            38.488517,
            3012.0
          ],
          [
            -109.249848,
            38.488498,
            3010.09765625
          ],
          [
            -109.249949,
            38.488495,
            3008.69921875
          ],
          [
            -109.250036,
            38.4885,
            3007.69921875
          ],
          [
            -109.2501,
            38.488511,
            3007.19921875
          ],
          [
            -109.250134,
            38.488532,
            3007.0
          ],
          [
            -109.250264,
            38.48864,
            3005.59765625
          ],
          [
            -109.250366,
            38.488725,
            3005.3984375
          ],
          [
            -109.25047,
            38.488783,
            3005.59765625
          ],
          [
            -109.250608,
            38.488871,
            3005.296875
          ],
          [
            -109.250747,
            38.488966,
            3004.3984375
          ],
          [
            -109.250768,
            38.488988,
            3004.296875
          ],
          [
            -109.250781,
            38.489022,
            3004.19921875
          ],
          [
            -109.250785,
            38.489121,
            3002.8984375
          ],
          [
            -109.250789,
            38.489165,
            3002.296875
          ],
          [
            -109.250802,
            38.4892,
            3001.796875
          ],
          [
            -109.250826,
            38.489223,
            3001.296875
          ],
          [
            -109.2509,
            38.48926,
            2999.59765625
          ],
          [
            -109.250941,
            38.48929,
            2998.59765625
          ],
          [
            -109.250996,
            38.489335,
            2997.796875
          ],
          [
            -109.251036,
            38.489366,
            2997.5
          ],
          [
            -109.251075,
            38.489373,
            2996.8984375
          ],
          [
            -109.251126,
            38.489365,
            2996.0
          ],
          [
            -109.251185,
            38.489353,
            2994.3984375
          ],
          [
            -109.251228,
            38.489353,
            2993.5
          ],
          [
            -109.251345,
            38.489378,
            2991.0
          ],
          [
            -109.25139,
            38.489393,
            2990.19921875
          ],
          [
            -109.251456,
            38.489391,
            2989.296875
          ],
          [
            -109.251505,
            38.48938,
            2988.5
          ],
          [
            -109.251547,
            38.489351,
            2987.69921875
          ],
          [
            -109.251549,
            38.48933,
            2987.5
          ],
          [
            -109.251549,
            38.48931,
            2987.296875
          ],
          [
            -109.251537,
            38.489293,
            2987.3984375
          ],
          [
            -109.251526,
            38.489263,
            2987.5
          ],
          [
            -109.251532,
            38.489248,
            2987.5
          ],
          [
            -109.251554,
            38.489241,
            2987.296875
          ],
          [
            -109.251611,
            38.489251,
            2986.59765625
          ],
          [
            -109.251874,
            38.489348,
            2984.69921875
          ],
          [
            -109.252075,
            38.489417,
            2983.3984375
          ],
          [
            -109.252261,
            38.489456,
            2982.09765625
          ],
          [
            -109.252508,
            38.489533,
            2979.69921875
          ],
          [
            -109.252662,
            38.489649,
            2978.5
          ],
          [
            -109.252769,
            38.489812,
            2977.8984375
          ],
          [
            -109.253007,
            38.489903,
            2975.5
          ],
          [
            -109.25321,
            38.490276,
            2971.796875
          ],
          [
            -109.253391,
            38.490246,
            2969.3984375
          ],
          [
            -109.253666,
            38.490079,
            2966.3984375
          ],
          [
            -109.253857,
            38.490323,
            2962.3984375
          ],
          [
            -109.253863,
            38.490392,
            2961.69921875
          ],
          [
            -109.253973,
            38.490426,
            2959.5
          ],
          [
            -109.254116,
            38.49053,
            2956.19921875
          ],
          [
            -109.254297,
            38.490714,
            2950.09765625
          ],
          [
            -109.254495,
            38.490955,
            2951.796875
          ],
          [
            -109.254769,
            38.491004,
            2945.59765625
          ],
          [
            -109.254998,
            38.491025,
            2942.09765625
          ],
          [
            -109.255307,
            38.491048,
            2941.5
          ],
          [
            -109.255854,
            38.491164,
            2936.796875
          ],
          [
            -109.256289,
            38.491225,
            2932.3984375
          ],
          [
            -109.256632,
            38.491239,
            2928.09765625
          ],
          [
            -109.257125,
            38.491273,
            2916.5
          ],
          [
            -109.257307,
            38.49133,
            2914.59765625
          ],
          [
            -109.25742,
            38.491395,
            2914.19921875
          ],
          [
            -109.257497,
            38.491504,
            2916.0
          ],
          [
            -109.257588,
            38.49155,
            2915.19921875
          ],
          [
            -109.257713,
            38.491597,
            2913.3984375
          ],
          [
            -109.257777,
            38.49165,
            2912.8984375
          ],
          [
            -109.257814,
            38.49168,
            2913.09765625
          ],
          [
            -109.257892,
            38.491798,
            2914.59765625
          ],
          [
            -109.258037,
            38.491945,
            2915.69921875
          ],
          [
            -109.258207,
            38.492046,
            2914.5
          ],
          [
            -109.258445,
            38.492149,
            2912.09765625
          ],
          [
            -109.258685,
            38.492198,
            2908.09765625
          ],
          [
            -109.258822,
            38.49219,
            2904.8984375
          ],
          [
            -109.258834,
            38.492243,
            2906.296875
          ],
          [
            -109.258889,
            38.492251,
            2905.3984375
          ],
          [
            -109.258999,
            38.492269,
            2903.796875
          ],
          [
            -109.259103,
            38.492281,
            2902.09765625
          ],
          [
            -109.259289,
            38.492342,
            2899.59765625
          ],
          [
            -109.259476,
            38.492449,
            2898.59765625
          ],
          [
            -109.259838,
            38.49272,
            2901.3984375
          ],
          [
            -109.260282,
            38.492797,
            2894.09765625
          ],
          [
            -109.260452,
            38.492857,
            2892.59765625
          ],
          [
            -109.260628,
            38.492904,
            2889.69921875
          ],
          [
            -109.260754,
            38.49296,
            2889.296875
          ],
          [
            -109.260902,
            38.493003,
            2887.3984375
          ],
          [
            -109.260996,
            38.493029,
            2886.3984375
          ],
          [
            -109.261142,
            38.492991,
            2879.69921875
          ],
          [
            -109.261267,
            38.493038,
            2880.296875
          ],
          [
            -109.261518,
            38.493068,
            2877.19921875
          ],
          [
            -109.26166,
            38.493154,
            2878.8984375
          ],
          [
            -109.261963,
            38.493247,
            2881.3984375
          ],
          [
            -109.262301,
            38.493219,
            2876.19921875
          ],
          [
            -109.262453,
            38.493236,
            2876.69921875
          ],
          [
            -109.262447,
            38.493235,
            2876.69921875
          ],
          [
            -109.262452,
            38.493206,
            2875.0
          ],
          [
            -109.262329,
            38.493086,
            2870.5
          ],
          [
            -109.262269,
            38.493012,
            2867.5
          ],
          [
            -109.262054,
            38.492941,
            2865.59765625
          ],
          [
            -109.262052,
            38.49294,
            2865.59765625
          ],
          [
            -109.262165,
            38.492866,
            2863.5
          ],
          [
            -109.262317,
            38.4929,
            2863.3984375
          ],
          [
            -109.262428,
            38.492893,
            2862.8984375
          ],
          [
            -109.262456,
            38.492848,
            2862.3984375
          ],
          [
            -109.262554,
            38.492813,
            2861.796875
          ],
          [
            -109.262574,
            38.492782,
            2861.3984375
          ],
          [
            -109.2626,
            38.492747,
            2861.0
          ],
          [
            -109.262654,
            38.492693,
            2860.09765625
          ],
          [
            -109.262727,
            38.492559,
            2859.59765625
          ],
          [
            -109.262737,
            38.492548,
            2859.69921875
          ],
          [
            -109.262758,
            38.492524,
            2859.8984375
          ],
          [
            -109.262871,
            38.492435,
            2860.296875
          ],
          [
            -109.262959,
            38.492405,
            2860.5
          ],
          [
            -109.263163,
            38.492368,
            2860.8984375
          ],
          [
            -109.263383,
            38.49229,
            2862.0
          ],
          [
            -109.263523,
            38.492242,
            2861.59765625
          ],
          [
            -109.263584,
            38.492234,
            2861.19921875
          ],
          [
            -109.263824,
            38.492075,
            2860.296875
          ],
          [
            -109.263873,
            38.492175,
            2857.59765625
          ],
          [
            -109.263921,
            38.492199,
            2855.8984375
          ],
          [
            -109.264068,
            38.492133,
            2852.59765625
          ],
          [
            -109.264082,
            38.492111,
            2852.796875
          ],
          [
            -109.264091,
            38.492102,
            2852.796875
          ],
          [
            -109.264113,
            38.492057,
            2853.296875
          ],
          [
            -109.264215,
            38.491987,
            2851.09765625
          ],
          [
            -109.264277,
            38.491929,
            2849.8984375
          ],
          [
            -109.264272,
            38.491906,
            2851.0
          ],
          [
            -109.264302,
            38.491839,
            2851.69921875
          ],
          [
            -109.264346,
            38.491808,
            2850.296875
          ],
          [
            -109.264355,
            38.49179,
            2850.5
          ],
          [
            -109.264385,
            38.491737,
            2850.796875
          ],
          [
            -109.264396,
            38.491724,
            2851.09765625
          ],
          [
            -109.264462,
            38.491675,
            2850.0
          ],
          [
            -109.264531,
            38.491631,
            2849.5
          ],
          [
            -109.264653,
            38.491538,
            2848.8984375
          ],
          [
            -109.264798,
            38.491518,
            2846.09765625
          ],
          [
            -109.264922,
            38.491519,
            2844.3984375
          ],
          [
            -109.264982,
            38.491498,
            2844.19921875
          ],
          [
            -109.265153,
            38.491446,
            2844.3984375
          ],
          [
            -109.265308,
            38.491354,
            2846.796875
          ],
          [
            -109.265643,
            38.491291,
            2849.5
          ],
          [
            -109.265686,
            38.491274,
            2850.3984375
          ],
          [
            -109.265703,
            38.49127,
            2850.5
          ],
          [
            -109.265747,
            38.491266,
            2850.796875
          ],
          [
            -109.265831,
            38.491209,
            2852.796875
          ],
          [
            -109.26587,
            38.491155,
            2854.296875
          ],
          [
            -109.265917,
            38.491111,
            2855.59765625
          ],
          [
            -109.266084,
            38.491041,
            2857.8984375
          ],
          [
            -109.266156,
            38.490979,
            2858.8984375
          ],
          [
            -109.266292,
            38.490927,
            2859.59765625
          ],
          [
            -109.266401,
            38.490924,
            2859.69921875
          ],
          [
            -109.266544,
            38.490926,
            2859.5
          ],
          [
            -109.266645,
            38.490932,
            2859.5
          ],
          [
            -109.266735,
            38.490934,
            2859.296875
          ],
          [
            -109.266795,
            38.490921,
            2859.296875
          ],
          [
            -109.266807,
            38.490926,
            2859.09765625
          ],
          [
            -109.267108,
            38.490975,
            2857.296875
          ],
          [
            -109.267119,
            38.491043,
            2856.3984375
          ],
          [
            -109.267341,
            38.491126,
            2855.59765625
          ],
          [
            -109.267341,
            38.491126,
            2855.59765625
          ],
          [
            -109.267468,
            38.491174,
            2856.0
          ],
          [
            -109.267585,
            38.491212,
            2856.5
          ],
          [
            -109.26769,
            38.491277,
            2856.0
          ],
          [
            -109.267712,
            38.491272,
            2856.59765625
          ],
          [
            -109.268153,
            38.491441,
            2858.796875
          ],
          [
            -109.268225,
            38.491496,
            2858.19921875
          ],
          [
            -109.268593,
            38.491538,
            2861.5
          ],
          [
            -109.268888,
            38.491565,
            2862.19921875
          ],
          [
            -109.269006,
            38.491535,
            2862.296875
          ],
          [
            -109.269404,
            38.4915,
            2861.0
          ],
          [
            -109.269572,
            38.491431,
            2861.8984375
          ],
          [
            -109.269742,
            38.49142,
            2861.296875
          ],
          [
            -109.269918,
            38.491413,
            2861.5
          ],
          [
            -109.269985,
            38.491414,
            2861.5
          ],
          [
            -109.270017,
            38.49141,
            2861.59765625
          ],
          [
            -109.270207,
            38.491332,
            2863.5
          ],
          [
            -109.270296,
            38.491329,
            2863.69921875
          ],
          [
            -109.270481,
            38.491332,
            2864.796875
          ],
          [
            -109.27062,
            38.49137,
            2865.0
          ],
          [
            -109.270775,
            38.491412,
            2865.59765625
          ],
          [
            -109.270909,
            38.49145,
            2866.0
          ],
          [
            -109.271016,
            38.491511,
            2865.69921875
          ],
          [
            -109.271107,
            38.491548,
            2865.59765625
          ],
          [
            -109.271162,
            38.491612,
            2864.8984375
          ],
          [
            -109.271284,
            38.491681,
            2864.5
          ],
          [
            -109.271399,
            38.491741,
            2864.19921875
          ],
          [
            -109.271529,
            38.491833,
            2863.09765625
          ],
          [
            -109.271677,
            38.491885,
            2862.8984375
          ],
          [
            -109.27199,
            38.492047,
            2861.796875
          ],
          [
            -109.272081,
            38.492089,
            2861.3984375
          ],
          [
            -109.272202,
            38.492163,
            2860.296875
          ],
          [
            -109.272309,
            38.492242,
            2858.59765625
          ],
          [
            -109.272422,
            38.492279,
            2857.796875
          ],
          [
            -109.272453,
            38.492388,
            2855.3984375
          ],
          [
            -109.272546,
            38.492416,
            2854.69921875
          ],
          [
            -109.272668,
            38.492459,
            2853.59765625
          ],
          [
            -109.272736,
            38.492496,
            2852.59765625
          ],
          [
            -109.27285,
            38.492583,
            2850.5
          ],
          [
            -109.272938,
            38.492602,
            2850.0
          ],
          [
            -109.272989,
            38.492648,
            2848.69921875
          ],
          [
            -109.273166,
            38.49293,
            2841.796875
          ],
          [
            -109.273335,
            38.49309,
            2839.5
          ],
          [
            -109.273508,
            38.49312,
            2839.09765625
          ],
          [
            -109.273634,
            38.493108,
            2839.19921875
          ],
          [
            -109.273696,
            38.493217,
            2837.59765625
          ],
          [
            -109.274117,
            38.493192,
            2837.19921875
          ],
          [
            -109.274393,
            38.493182,
            2837.19921875
          ],
          [
            -109.274527,
            38.493225,
            2836.59765625
          ],
          [
            -109.274537,
            38.493229,
            2836.59765625
          ],
          [
            -109.274625,
            38.493249,
            2836.296875
          ],
          [
            -109.274759,
            38.493318,
            2835.09765625
          ],
          [
            -109.274822,
            38.493364,
            2834.3984375
          ],
          [
            -109.275047,
            38.493449,
            2832.19921875
          ],
          [
            -109.275175,
            38.493473,
            2831.3984375
          ],
          [
            -109.275353,
            38.493498,
            2830.3984375
          ],
          [
            -109.275341,
            38.493548,
            2829.296875
          ],
          [
            -109.27541,
            38.493612,
            2827.796875
          ],
          [
            -109.275602,
            38.493741,
            2824.09765625
          ],
          [
            -109.27571,
            38.493774,
            2823.0
          ],
          [
            -109.275827,
            38.493852,
            2820.8984375
          ],
          [
            -109.276004,
            38.493855,
            2819.69921875
          ],
          [
            -109.27621,
            38.49402,
            2816.09765625
          ],
          [
            -109.27622,
            38.49407,
            2815.59765625
          ],
          [
            -109.276314,
            38.494202,
            2814.296875
          ],
          [
            -109.27637,
            38.494257,
            2813.5
          ],
          [
            -109.276392,
            38.494271,
            2813.3984375
          ],
          [
            -109.276435,
            38.494348,
            2812.5
          ],
          [
            -109.276474,
            38.494371,
            2812.19921875
          ],
          [
            -109.276495,
            38.49438,
            2812.0
          ],
          [
            -109.276562,
            38.494444,
            2811.09765625
          ],
          [
            -109.276657,
            38.494486,
            2810.0
          ],
          [
            -109.27678,
            38.494497,
            2809.59765625
          ],
          [
            -109.276792,
            38.494506,
            2809.5
          ],
          [
            -109.27686,
            38.494575,
            2808.5
          ],
          [
            -109.276873,
            38.494571,
            2808.3984375
          ],
          [
            -109.27703,
            38.494676,
            2806.796875
          ],
          [
            -109.277192,
            38.494767,
            2805.3984375
          ],
          [
            -109.277218,
            38.494991,
            2803.09765625
          ],
          [
            -109.277206,
            38.495077,
            2802.5
          ],
          [
            -109.277133,
            38.495191,
            2801.69921875
          ],
          [
            -109.277079,
            38.495277,
            2800.69921875
          ],
          [
            -109.276971,
            38.495538,
            2797.69921875
          ],
          [
            -109.276915,
            38.495871,
            2794.796875
          ],
          [
            -109.276936,
            38.496498,
            2790.296875
          ],
          [
            -109.276843,
            38.497016,
            2783.5
          ],
          [
            -109.276704,
            38.497189,
            2782.59765625
          ],
          [
            -109.276428,
            38.49736,
            2782.69921875
          ],
          [
            -109.27614,
            38.497572,
            2780.0
          ],
          [
            -109.276076,
            38.497603,
            2780.0
          ],
          [
            -109.275933,
            38.497626,
            2781.09765625
          ],
          [
            -109.275849,
            38.497665,
            2780.796875
          ],
          [
            -109.275923,
            38.497717,
            2778.3984375
          ],
          [
            -109.276152,
            38.497736,
            2775.296875
          ],
          [
            -109.27643,
            38.497666,
            2774.59765625
          ],
          [
            -109.276478,
            38.497736,
            2771.8984375
          ],
          [
            -109.276314,
            38.498023,
            2765.19921875
          ],
          [
            -109.276126,
            38.498434,
            2757.69921875
          ],
          [
            -109.27661,
            38.498356,
            2755.09765625
          ],
          [
            -109.276554,
            38.498485,
            2753.8984375
          ],
          [
            -109.276444,
            38.498746,
            2751.3984375
          ],
          [
            -109.276403,
            38.49881,
            2751.5
          ],
          [
            -109.276309,
            38.498897,
            2751.5
          ],
          [
            -109.276151,
            38.498961,
            2749.8984375
          ],
          [
            -109.276032,
            38.498983,
            2748.3984375
          ],
          [
            -109.27582,
            38.498975,
            2745.8984375
          ],
          [
            -109.275156,
            38.499051,
            2736.09765625
          ],
          [
            -109.274868,
            38.499135,
            2729.296875
          ],
          [
            -109.274728,
            38.4992,
            2724.09765625
          ],
          [
            -109.274673,
            38.499254,
            2721.19921875
          ],
          [
            -109.274628,
            38.499333,
            2718.0
          ],
          [
            -109.27458,
            38.499515,
            2710.59765625
          ],
          [
            -109.27451,
            38.500333,
            2696.0
          ],
          [
            -109.274461,
            38.500476,
            2693.59765625
          ],
          [
            -109.274369,
            38.500623,
            2690.69921875
          ],
          [
            -109.274369,
            38.500623,
            2690.69921875
          ],
          [
            -109.274302,
            38.50073,
            2688.0
          ],
          [
            -109.274243,
            38.500892,
            2684.3984375
          ],
          [
            -109.274225,
            38.501011,
            2683.0
          ],
          [
            -109.274213,
            38.501426,
            2679.19921875
          ],
          [
            -109.274194,
            38.50162,
            2675.796875
          ],
          [
            -109.274178,
            38.501647,
            2674.8984375
          ],
          [
            -109.274168,
            38.501657,
            2674.296875
          ],
          [
            -109.274153,
            38.501661,
            2674.09765625
          ],
          [
            -109.273664,
            38.501794,
            2673.69921875
          ],
          [
            -109.273645,
            38.501805,
            2673.69921875
          ],
          [
            -109.273615,
            38.501833,
            2673.69921875
          ],
          [
            -109.273601,
            38.50185,
            2673.69921875
          ],
          [
            -109.273498,
            38.501845,
            2675.5
          ],
          [
            -109.273454,
            38.501904,
            2675.8984375
          ],
          [
            -109.273259,
            38.502109,
            2677.09765625
          ],
          [
            -109.273185,
            38.502198,
            2677.0
          ],
          [
            -109.272996,
            38.502374,
            2678.19921875
          ],
          [
            -109.272916,
            38.502448,
            2678.296875
          ],
          [
            -109.272845,
            38.502568,
            2677.09765625
          ],
          [
            -109.272792,
            38.50271,
            2675.0
          ],
          [
            -109.272704,
            38.503117,
            2667.8984375
          ],
          [
            -109.272655,
            38.503233,
            2666.8984375
          ],
          [
            -109.272514,
            38.503391,
            2666.796875
          ],
          [
            -109.27235,
            38.503526,
            2666.5
          ],
          [
            -109.272211,
            38.503716,
            2665.3984375
          ],
          [
            -109.272044,
            38.504103,
            2662.296875
          ],
          [
            -109.27181,
            38.504566,
            2658.59765625
          ],
          [
            -109.271789,
            38.504671,
            2658.296875
          ],
          [
            -109.271823,
            38.5048,
            2657.59765625
          ],
          [
            -109.271872,
            38.50488,
            2657.796875
          ],
          [
            -109.271872,
            38.50488,
            2657.796875
          ],
          [
            -109.271886,
            38.504903,
            2658.19921875
          ],
          [
            -109.271945,
            38.504955,
            2659.5
          ],
          [
            -109.272071,
            38.505014,
            2659.796875
          ],
          [
            -109.27219,
            38.505038,
            2659.69921875
          ],
          [
            -109.272302,
            38.505036,
            2659.296875
          ],
          [
            -109.27276,
            38.504952,
            2657.19921875
          ],
          [
            -109.273125,
            38.504904,
            2656.296875
          ],
          [
            -109.273562,
            38.504906,
            2655.0
          ],
          [
            -109.273751,
            38.504929,
            2654.0
          ],
          [
            -109.273906,
            38.504978,
            2653.69921875
          ],
          [
            -109.274624,
            38.505405,
            2652.69921875
          ],
          [
            -109.274773,
            38.505492,
            2651.5
          ],
          [
            -109.274792,
            38.505563,
            2652.3984375
          ],
          [
            -109.275044,
            38.506481,
            2661.8984375
          ],
          [
            -109.275213,
            38.506866,
            2669.796875
          ],
          [
            -109.275279,
            38.50697,
            2671.8984375
          ],
          [
            -109.275637,
            38.507301,
            2677.59765625
          ],
          [
            -109.275813,
            38.507441,
            2679.3984375
          ],
          [
            -109.276038,
            38.507799,
            2686.3984375
          ],
          [
            -109.276112,
            38.507879,
            2687.59765625
          ],
          [
            -109.276315,
            38.508046,
            2692.69921875
          ],
          [
            -109.276456,
            38.508111,
            2693.796875
          ],
          [
            -109.276708,
            38.50816,
            2692.59765625
          ],
          [
            -109.276897,
            38.508239,
            2692.8984375
          ],
          [
            -109.277342,
            38.508555,
            2696.8984375
          ],
          [
            -109.277822,
            38.508977,
            2698.59765625
          ],
          [
            -109.278043,
            38.509102,
            2695.69921875
          ],
          [
            -109.278095,
            38.509147,
            2695.5
          ],
          [
            -109.278323,
            38.509386,
            2695.69921875
          ],
          [
            -109.278463,
            38.50956,
            2694.8984375
          ],
          [
            -109.278579,
            38.509784,
            2694.09765625
          ],
          [
            -109.278605,
            38.509939,
            2696.09765625
          ],
          [
            -109.278565,
            38.510423,
            2707.3984375
          ],
          [
            -109.278534,
            38.510543,
            2710.296875
          ],
          [
            -109.27842,
            38.510746,
            2717.296875
          ],
          [
            -109.278272,
            38.510957,
            2726.3984375
          ],
          [
            -109.278051,
            38.511167,
            2737.3984375
          ],
          [
            -109.277958,
            38.511427,
            2744.8984375
          ],
          [
            -109.277844,
            38.511834,
            2756.296875
          ],
          [
            -109.277707,
            38.512133,
            2764.296875
          ],
          [
            -109.277601,
            38.512466,
            2768.69921875
          ],
          [
            -109.277517,
            38.512612,
            2770.5
          ],
          [
            -109.277391,
            38.512708,
            2772.69921875
          ],
          [
            -109.277335,
            38.512735,
            2773.59765625
          ],
          [
            -109.277335,
            38.512735,
            2773.59765625
          ],
          [
            -109.277138,
            38.51283,
            2777.3984375
          ],
          [
            -109.27698,
            38.512875,
            2781.296875
          ],
          [
            -109.276879,
            38.512873,
            2783.5
          ],
          [
            -109.276595,
            38.512821,
            2789.09765625
          ],
          [
            -109.276426,
            38.512813,
            2792.59765625
          ],
          [
            -109.276352,
            38.512829,
            2793.796875
          ],
          [
            -109.276174,
            38.512908,
            2796.19921875
          ],
          [
            -109.276046,
            38.512939,
            2797.8984375
          ],
          [
            -109.275877,
            38.512947,
            2800.3984375
          ],
          [
            -109.275716,
            38.513006,
            2802.69921875
          ],
          [
            -109.275629,
            38.513059,
            2804.09765625
          ],
          [
            -109.275577,
            38.513113,
            2805.09765625
          ],
          [
            -109.275477,
            38.51326,
            2806.8984375
          ],
          [
            -109.27537,
            38.513482,
            2808.69921875
          ],
          [
            -109.275293,
            38.513556,
            2810.09765625
          ],
          [
            -109.274996,
            38.513702,
            2814.796875
          ],
          [
            -109.274811,
            38.513817,
            2817.296875
          ],
          [
            -109.274679,
            38.51394,
            2819.09765625
          ],
          [
            -109.274582,
            38.514109,
            2820.796875
          ],
          [
            -109.274721,
            38.5142,
            2819.59765625
          ],
          [
            -109.274767,
            38.514389,
            2819.296875
          ],
          [
            -109.274768,
            38.514605,
            2819.5
          ],
          [
            -109.274728,
            38.514941,
            2823.0
          ],
          [
            -109.274777,
            38.515058,
            2823.69921875
          ],
          [
            -109.274892,
            38.515212,
            2823.3984375
          ],
          [
            -109.275021,
            38.51543,
            2823.796875
          ],
          [
            -109.275335,
            38.515835,
            2822.0
          ],
          [
            -109.275471,
            38.516071,
            2821.59765625
          ],
          [
            -109.275555,
            38.516328,
            2823.296875
          ],
          [
            -109.275619,
            38.516419,
            2823.796875
          ],
          [
            -109.275714,
            38.516491,
            2823.5
          ],
          [
            -109.276046,
            38.516612,
            2823.0
          ],
          [
            -109.276309,
            38.516638,
            2823.59765625
          ],
          [
            -109.276687,
            38.516591,
            2823.3984375
          ],
          [
            -109.277186,
            38.516554,
            2825.5
          ],
          [
            -109.277295,
            38.51656,
            2826.296875
          ],
          [
            -109.277684,
            38.516642,
            2829.3984375
          ],
          [
            -109.277756,
            38.516669,
            2830.09765625
          ],
          [
            -109.277887,
            38.516774,
            2832.19921875
          ],
          [
            -109.27802,
            38.517113,
            2837.69921875
          ],
          [
            -109.278777,
            38.518387,
            2845.19921875
          ],
          [
            -109.278878,
            38.518582,
            2845.5
          ],
          [
            -109.278878,
            38.518582,
            2845.5
          ],
          [
            -109.2789,
            38.518625,
            2845.3984375
          ],
          [
            -109.27893,
            38.518719,
            2845.3984375
          ],
          [
            -109.278941,
            38.518888,
            2845.3984375
          ],
          [
            -109.27891,
            38.519216,
            2845.796875
          ],
          [
            -109.278873,
            38.519373,
            2846.19921875
          ],
          [
            -109.27877,
            38.519636,
            2847.296875
          ],
          [
            -109.2786,
            38.519976,
            2850.8984375
          ],
          [
            -109.27855,
            38.520211,
            2853.0
          ],
          [
            -109.278581,
            38.520351,
            2853.69921875
          ],
          [
            -109.278665,
            38.520496,
            2854.0
          ],
          [
            -109.278782,
            38.520629,
            2853.69921875
          ],
          [
            -109.278847,
            38.520733,
            2853.5
          ],
          [
            -109.278904,
            38.520895,
            2853.59765625
          ],
          [
            -109.278903,
            38.520965,
            2853.796875
          ],
          [
            -109.278864,
            38.521075,
            2853.8984375
          ],
          [
            -109.2787,
            38.521288,
            2854.796875
          ],
          [
            -109.278657,
            38.521425,
            2854.19921875
          ],
          [
            -109.27867,
            38.521621,
            2852.69921875
          ],
          [
            -109.278745,
            38.521879,
            2849.59765625
          ],
          [
            -109.27887,
            38.521965,
            2847.3984375
          ],
          [
            -109.278915,
            38.522082,
            2845.796875
          ],
          [
            -109.278891,
            38.522242,
            2843.19921875
          ],
          [
            -109.278819,
            38.522362,
            2841.5
          ],
          [
            -109.278635,
            38.522523,
            2839.8984375
          ],
          [
            -109.278274,
            38.522741,
            2841.0
          ],
          [
            -109.278184,
            38.522895,
            2841.296875
          ],
          [
            -109.278169,
            38.523009,
            2842.296875
          ],
          [
            -109.278214,
            38.523162,
            2842.796875
          ],
          [
            -109.278482,
            38.523454,
            2842.0
          ],
          [
            -109.278988,
            38.523911,
            2840.59765625
          ],
          [
            -109.279086,
            38.524125,
            2842.09765625
          ],
          [
            -109.279274,
            38.524324,
            2841.59765625
          ],
          [
            -109.279579,
            38.524515,
            2842.59765625
          ],
          [
            -109.279705,
            38.524532,
            2841.5
          ],
          [
            -109.27983,
            38.524502,
            2840.59765625
          ],
          [
            -109.280037,
            38.52437,
            2838.0
          ],
          [
            -109.280134,
            38.524431,
            2838.796875
          ],
          [
            -109.280242,
            38.524444,
            2839.0
          ],
          [
            -109.280289,
            38.524434,
            2838.8984375
          ],
          [
            -109.280366,
            38.524416,
            2839.19921875
          ],
          [
            -109.28038,
            38.524413,
            2839.09765625
          ],
          [
            -109.28038,
            38.524413,
            2839.09765625
          ],
          [
            -109.280366,
            38.524416,
            2839.19921875
          ],
          [
            -109.280289,
            38.524434,
            2838.8984375
          ],
          [
            -109.280242,
            38.524444,
            2839.0
          ],
          [
            -109.280134,
            38.524431,
            2838.796875
          ],
          [
            -109.280037,
            38.52437,
            2838.0
          ],
          [
            -109.27983,
            38.524502,
            2840.59765625
          ],
          [
            -109.279705,
            38.524532,
            2841.5
          ],
          [
            -109.279579,
            38.524515,
            2842.59765625
          ],
          [
            -109.279274,
            38.524324,
            2841.59765625
          ],
          [
            -109.279086,
            38.524125,
            2842.09765625
          ],
          [
            -109.278988,
            38.523911,
            2840.59765625
          ],
          [
            -109.278482,
            38.523454,
            2842.0
          ],
          [
            -109.278214,
            38.523162,
            2842.796875
          ],
          [
            -109.278169,
            38.523009,
            2842.296875
          ],
          [
            -109.278184,
            38.522895,
            2841.296875
          ],
          [
            -109.278274,
            38.522741,
            2841.0
          ],
          [
            -109.278635,
            38.522523,
            2839.8984375
          ],
          [
            -109.278819,
            38.522362,
            2841.5
          ],
          [
            -109.278891,
            38.522242,
            2843.19921875
          ],
          [
            -109.278915,
            38.522082,
            2845.796875
          ],
          [
            -109.27887,
            38.521965,
            2847.3984375
          ],
          [
            -109.278745,
            38.521879,
            2849.59765625
          ],
          [
            -109.278576,
            38.521845,
            2851.69921875
          ],
          [
            -109.278358,
            38.521843,
            2854.19921875
          ],
          [
            -109.27805,
            38.52184,
            2856.69921875
          ],
          [
            -109.277988,
            38.521821,
            2857.296875
          ],
          [
            -109.277936,
            38.52179,
            2857.8984375
          ],
          [
            -109.277872,
            38.521665,
            2859.09765625
          ],
          [
            -109.277761,
            38.521657,
            2860.19921875
          ],
          [
            -109.27732,
            38.521646,
            2865.296875
          ],
          [
            -109.276629,
            38.521733,
            2879.8984375
          ],
          [
            -109.27647,
            38.521761,
            2880.5
          ],
          [
            -109.27647,
            38.521761,
            2880.5
          ],
          [
            -109.276037,
            38.521838,
            2881.59765625
          ],
          [
            -109.275829,
            38.521806,
            2884.0
          ],
          [
            -109.275235,
            38.522027,
            2892.19921875
          ],
          [
            -109.275084,
            38.521973,
            2893.69921875
          ],
          [
            -109.274881,
            38.521909,
            2897.09765625
          ],
          [
            -109.274847,
            38.521886,
            2897.69921875
          ],
          [
            -109.27475,
            38.521857,
            2899.796875
          ],
          [
            -109.274648,
            38.521806,
            2901.59765625
          ],
          [
            -109.274652,
            38.521833,
            2901.69921875
          ],
          [
            -109.274634,
            38.521878,
            2902.5
          ],
          [
            -109.274621,
            38.521923,
            2903.0
          ],
          [
            -109.274627,
            38.521941,
            2903.0
          ],
          [
            -109.274631,
            38.522018,
            2903.5
          ],
          [
            -109.274596,
            38.522044,
            2904.296875
          ],
          [
            -109.274559,
            38.522107,
            2905.09765625
          ],
          [
            -109.274437,
            38.5222,
            2906.3984375
          ],
          [
            -109.274377,
            38.522221,
            2907.796875
          ],
          [
            -109.274359,
            38.522253,
            2907.796875
          ],
          [
            -109.274486,
            38.522398,
            2902.8984375
          ],
          [
            -109.274049,
            38.522288,
            2915.296875
          ],
          [
            -109.273985,
            38.522387,
            2915.3984375
          ],
          [
            -109.273781,
            38.522478,
            2919.296875
          ],
          [
            -109.273617,
            38.522696,
            2919.0
          ],
          [
            -109.27353,
            38.522556,
            2925.19921875
          ],
          [
            -109.273449,
            38.522744,
            2923.5
          ],
          [
            -109.273397,
            38.522666,
            2927.0
          ],
          [
            -109.273206,
            38.52256,
            2935.296875
          ],
          [
            -109.273197,
            38.522587,
            2935.09765625
          ],
          [
            -109.273161,
            38.522762,
            2932.796875
          ],
          [
            -109.273072,
            38.522783,
            2935.5
          ],
          [
            -109.273111,
            38.522905,
            2931.19921875
          ],
          [
            -109.273118,
            38.522955,
            2929.69921875
          ],
          [
            -109.273009,
            38.522931,
            2934.09765625
          ],
          [
            -109.272707,
            38.523008,
            2941.796875
          ],
          [
            -109.272666,
            38.523016,
            2942.8984375
          ],
          [
            -109.272507,
            38.523095,
            2946.09765625
          ],
          [
            -109.272504,
            38.523198,
            2943.8984375
          ],
          [
            -109.272195,
            38.523351,
            2952.296875
          ],
          [
            -109.272169,
            38.523509,
            2950.09765625
          ],
          [
            -109.272096,
            38.523589,
            2951.796875
          ],
          [
            -109.272007,
            38.523646,
            2953.796875
          ],
          [
            -109.271735,
            38.523768,
            2964.296875
          ],
          [
            -109.2717,
            38.523808,
            2965.296875
          ],
          [
            -109.271642,
            38.523947,
            2964.19921875
          ],
          [
            -109.271501,
            38.523913,
            2974.3984375
          ],
          [
            -109.271089,
            38.524223,
            2984.296875
          ],
          [
            -109.270949,
            38.524455,
            2985.3984375
          ],
          [
            -109.27091,
            38.524698,
            2989.09765625
          ],
          [
            -109.270724,
            38.52456,
            2990.19921875
          ],
          [
            -109.270768,
            38.524759,
            2992.09765625
          ],
          [
            -109.270391,
            38.524627,
            3004.8984375
          ],
          [
            -109.270315,
            38.524621,
            3009.09765625
          ],
          [
            -109.270332,
            38.52482,
            3001.8984375
          ],
          [
            -109.270351,
            38.524865,
            3000.09765625
          ],
          [
            -109.270166,
            38.524854,
            3008.69921875
          ],
          [
            -109.270155,
            38.524862,
            3008.796875
          ],
          [
            -109.270164,
            38.525038,
            3006.19921875
          ],
          [
            -109.269989,
            38.524783,
            3022.0
          ],
          [
            -109.26999,
            38.524914,
            3016.296875
          ],
          [
            -109.269951,
            38.525084,
            3010.59765625
          ],
          [
            -109.269896,
            38.525133,
            3010.3984375
          ],
          [
            -109.269867,
            38.525146,
            3011.296875
          ],
          [
            -109.269794,
            38.525105,
            3015.59765625
          ],
          [
            -109.269824,
            38.525339,
            3013.5
          ],
          [
            -109.269816,
            38.525357,
            3013.59765625
          ],
          [
            -109.269743,
            38.525379,
            3013.5
          ],
          [
            -109.269589,
            38.525507,
            3018.0
          ],
          [
            -109.269563,
            38.525543,
            3019.09765625
          ],
          [
            -109.269494,
            38.525582,
            3020.5
          ],
          [
            -109.269457,
            38.525623,
            3021.3984375
          ],
          [
            -109.269462,
            38.525695,
            3023.3984375
          ],
          [
            -109.26932,
            38.525733,
            3025.09765625
          ],
          [
            -109.269236,
            38.525714,
            3024.3984375
          ],
          [
            -109.269222,
            38.5257,
            3024.0
          ],
          [
            -109.269161,
            38.525758,
            3026.69921875
          ],
          [
            -109.269147,
            38.525789,
            3028.0
          ],
          [
            -109.269109,
            38.525789,
            3028.3984375
          ],
          [
            -109.269031,
            38.525778,
            3028.8984375
          ],
          [
            -109.268872,
            38.525803,
            3031.3984375
          ],
          [
            -109.268664,
            38.525904,
            3038.8984375
          ],
          [
            -109.268749,
            38.525995,
            3040.19921875
          ],
          [
            -109.26888,
            38.526045,
            3039.59765625
          ],
          [
            -109.269042,
            38.526077,
            3040.5
          ],
          [
            -109.269162,
            38.526063,
            3039.3984375
          ],
          [
            -109.269299,
            38.526022,
            3038.5
          ],
          [
            -109.269367,
            38.52604,
            3040.19921875
          ],
          [
            -109.269227,
            38.526125,
            3043.69921875
          ],
          [
            -109.268941,
            38.526241,
            3047.69921875
          ],
          [
            -109.268649,
            38.526345,
            3057.0
          ],
          [
            -109.268511,
            38.526327,
            3058.19921875
          ],
          [
            -109.268315,
            38.526311,
            3060.0
          ],
          [
            -109.268166,
            38.526287,
            3060.3984375
          ],
          [
            -109.268046,
            38.52632,
            3062.09765625
          ],
          [
            -109.268066,
            38.526369,
            3063.3984375
          ],
          [
            -109.268186,
            38.526415,
            3064.19921875
          ],
          [
            -109.26835,
            38.526449,
            3064.296875
          ],
          [
            -109.268476,
            38.526467,
            3063.3984375
          ],
          [
            -109.268616,
            38.526497,
            3062.8984375
          ],
          [
            -109.268725,
            38.526561,
            3064.8984375
          ],
          [
            -109.268823,
            38.526593,
            3066.09765625
          ],
          [
            -109.268771,
            38.526639,
            3069.19921875
          ],
          [
            -109.26867,
            38.52666,
            3070.5
          ],
          [
            -109.268557,
            38.526608,
            3068.5
          ],
          [
            -109.268432,
            38.526586,
            3068.69921875
          ],
          [
            -109.268297,
            38.526598,
            3069.8984375
          ],
          [
            -109.268153,
            38.526632,
            3071.19921875
          ],
          [
            -109.268015,
            38.526706,
            3073.8984375
          ],
          [
            -109.26783,
            38.526817,
            3077.59765625
          ],
          [
            -109.267769,
            38.526859,
            3079.3984375
          ],
          [
            -109.267812,
            38.52686,
            3079.3984375
          ],
          [
            -109.267905,
            38.526875,
            3079.8984375
          ],
          [
            -109.268036,
            38.526845,
            3079.09765625
          ],
          [
            -109.268086,
            38.526832,
            3078.296875
          ],
          [
            -109.26814,
            38.52681,
            3077.5
          ],
          [
            -109.268174,
            38.526816,
            3078.09765625
          ],
          [
            -109.268213,
            38.52682,
            3078.296875
          ],
          [
            -109.268217,
            38.52687,
            3080.69921875
          ],
          [
            -109.268205,
            38.526884,
            3081.19921875
          ],
          [
            -109.268134,
            38.52695,
            3084.19921875
          ],
          [
            -109.268076,
            38.526976,
            3085.296875
          ],
          [
            -109.268005,
            38.52698,
            3085.09765625
          ],
          [
            -109.267904,
            38.527028,
            3087.09765625
          ],
          [
            -109.267709,
            38.527129,
            3091.296875
          ],
          [
            -109.267623,
            38.527145,
            3091.69921875
          ],
          [
            -109.267497,
            38.527193,
            3094.0
          ],
          [
            -109.26748,
            38.527202,
            3094.3984375
          ],
          [
            -109.267352,
            38.527222,
            3095.09765625
          ],
          [
            -109.267396,
            38.527354,
            3101.09765625
          ],
          [
            -109.267747,
            38.527404,
            3105.09765625
          ],
          [
            -109.267917,
            38.527334,
            3102.3984375
          ],
          [
            -109.267958,
            38.52738,
            3105.5
          ],
          [
            -109.268066,
            38.527436,
            3110.296875
          ],
          [
            -109.268218,
            38.527411,
            3109.8984375
          ],
          [
            -109.268239,
            38.527438,
            3112.09765625
          ],
          [
            -109.268267,
            38.527452,
            3113.09765625
          ],
          [
            -109.268285,
            38.527466,
            3114.59765625
          ],
          [
            -109.268378,
            38.527436,
            3113.69921875
          ],
          [
            -109.268263,
            38.527493,
            3115.59765625
          ],
          [
            -109.268184,
            38.527537,
            3117.8984375
          ],
          [
            -109.26813,
            38.527545,
            3118.0
          ],
          [
            -109.268025,
            38.527566,
            3118.19921875
          ],
          [
            -109.267985,
            38.527592,
            3119.0
          ],
          [
            -109.26795,
            38.527668,
            3123.3984375
          ],
          [
            -109.267851,
            38.52768,
            3122.59765625
          ],
          [
            -109.267691,
            38.527777,
            3127.0
          ],
          [
            -109.267579,
            38.527816,
            3128.3984375
          ],
          [
            -109.267478,
            38.527886,
            3131.8984375
          ],
          [
            -109.267441,
            38.52789,
            3131.3984375
          ],
          [
            -109.267407,
            38.527872,
            3129.59765625
          ],
          [
            -109.267395,
            38.527876,
            3130.09765625
          ],
          [
            -109.267302,
            38.527947,
            3133.09765625
          ],
          [
            -109.267284,
            38.527965,
            3134.09765625
          ],
          [
            -109.267176,
            38.528022,
            3136.0
          ],
          [
            -109.267069,
            38.528101,
            3139.796875
          ],
          [
            -109.266952,
            38.528144,
            3140.8984375
          ],
          [
            -109.266691,
            38.528285,
            3147.69921875
          ],
          [
            -109.266642,
            38.52832,
            3149.796875
          ],
          [
            -109.266475,
            38.528331,
            3150.296875
          ],
          [
            -109.266351,
            38.528361,
            3152.0
          ],
          [
            -109.266313,
            38.528347,
            3151.59765625
          ],
          [
            -109.266232,
            38.528395,
            3154.5
          ],
          [
            -109.266161,
            38.528426,
            3156.3984375
          ],
          [
            -109.266148,
            38.528444,
            3157.0
          ],
          [
            -109.266186,
            38.528453,
            3157.5
          ],
          [
            -109.266197,
            38.528471,
            3158.59765625
          ],
          [
            -109.266304,
            38.528491,
            3159.296875
          ],
          [
            -109.266356,
            38.528519,
            3160.8984375
          ],
          [
            -109.266515,
            38.528611,
            3165.69921875
          ],
          [
            -109.266605,
            38.528685,
            3169.8984375
          ],
          [
            -109.266629,
            38.528689,
            3169.8984375
          ],
          [
            -109.266695,
            38.528686,
            3169.69921875
          ],
          [
            -109.266725,
            38.5287,
            3170.296875
          ],
          [
            -109.266735,
            38.528718,
            3171.3984375
          ],
          [
            -109.266713,
            38.528722,
            3171.3984375
          ],
          [
            -109.266669,
            38.528744,
            3172.5
          ],
          [
            -109.266591,
            38.528779,
            3175.09765625
          ],
          [
            -109.266428,
            38.528813,
            3177.296875
          ],
          [
            -109.266296,
            38.528811,
            3177.796875
          ],
          [
            -109.266275,
            38.528837,
            3179.59765625
          ],
          [
            -109.266218,
            38.52885,
            3180.3984375
          ],
          [
            -109.266172,
            38.528867,
            3181.69921875
          ],
          [
            -109.266038,
            38.528902,
            3184.0
          ],
          [
            -109.265946,
            38.528923,
            3185.59765625
          ],
          [
            -109.26578,
            38.52897,
            3189.09765625
          ],
          [
            -109.265698,
            38.52896,
            3188.796875
          ],
          [
            -109.265591,
            38.528994,
            3190.796875
          ],
          [
            -109.265491,
            38.529033,
            3193.59765625
          ],
          [
            -109.265406,
            38.529054,
            3195.296875
          ],
          [
            -109.265282,
            38.529079,
            3198.0
          ],
          [
            -109.265166,
            38.5291,
            3199.8984375
          ],
          [
            -109.265121,
            38.529104,
            3200.296875
          ],
          [
            -109.265107,
            38.529113,
            3200.8984375
          ],
          [
            -109.265083,
            38.529117,
            3201.69921875
          ],
          [
            -109.264954,
            38.529111,
            3202.09765625
          ],
          [
            -109.264756,
            38.529148,
            3205.796875
          ],
          [
            -109.264702,
            38.529166,
            3207.3984375
          ],
          [
            -109.264622,
            38.529187,
            3209.3984375
          ],
          [
            -109.264569,
            38.529204,
            3210.59765625
          ],
          [
            -109.264466,
            38.529234,
            3213.3984375
          ],
          [
            -109.264448,
            38.529234,
            3213.59765625
          ],
          [
            -109.264404,
            38.529238,
            3214.69921875
          ],
          [
            -109.264298,
            38.529259,
            3216.8984375
          ],
          [
            -109.2642,
            38.529298,
            3220.296875
          ],
          [
            -109.264156,
            38.529315,
            3221.296875
          ],
          [
            -109.264146,
            38.529329,
            3222.19921875
          ],
          [
            -109.264118,
            38.529324,
            3222.09765625
          ],
          [
            -109.264111,
            38.529296,
            3221.296875
          ],
          [
            -109.2641,
            38.529301,
            3221.3984375
          ],
          [
            -109.263974,
            38.529308,
            3223.296875
          ],
          [
            -109.263867,
            38.529338,
            3225.796875
          ],
          [
            -109.263747,
            38.529354,
            3227.69921875
          ],
          [
            -109.263702,
            38.529363,
            3228.69921875
          ],
          [
            -109.263653,
            38.529366,
            3229.796875
          ],
          [
            -109.263617,
            38.529375,
            3230.59765625
          ],
          [
            -109.263528,
            38.529378,
            3232.09765625
          ],
          [
            -109.263438,
            38.529404,
            3234.3984375
          ],
          [
            -109.26331,
            38.529429,
            3237.8984375
          ],
          [
            -109.263239,
            38.529437,
            3239.796875
          ],
          [
            -109.263209,
            38.529441,
            3240.5
          ],
          [
            -109.263172,
            38.529436,
            3241.3984375
          ],
          [
            -109.263141,
            38.529444,
            3242.0
          ],
          [
            -109.263076,
            38.529457,
            3244.0
          ],
          [
            -109.262916,
            38.529418,
            3246.09765625
          ],
          [
            -109.262871,
            38.529395,
            3246.59765625
          ],
          [
            -109.262836,
            38.529395,
            3247.296875
          ],
          [
            -109.262825,
            38.529413,
            3247.796875
          ],
          [
            -109.262796,
            38.529471,
            3250.296875
          ],
          [
            -109.262818,
            38.529507,
            3251.0
          ],
          [
            -109.262848,
            38.529543,
            3251.3984375
          ],
          [
            -109.262857,
            38.529557,
            3251.796875
          ],
          [
            -109.262875,
            38.529576,
            3252.09765625
          ],
          [
            -109.262912,
            38.52963,
            3253.5
          ],
          [
            -109.262943,
            38.529662,
            3254.296875
          ],
          [
            -109.262985,
            38.529717,
            3256.0
          ],
          [
            -109.262795,
            38.529741,
            3259.796875
          ],
          [
            -109.262694,
            38.529773,
            3262.09765625
          ],
          [
            -109.262834,
            38.529833,
            3263.0
          ],
          [
            -109.263092,
            38.529886,
            3262.0
          ],
          [
            -109.263333,
            38.529951,
            3262.19921875
          ],
          [
            -109.26362,
            38.530001,
            3261.8984375
          ],
          [
            -109.263824,
            38.530026,
            3261.296875
          ],
          [
            -109.263899,
            38.530041,
            3260.8984375
          ],
          [
            -109.264234,
            38.53003,
            3257.59765625
          ],
          [
            -109.264481,
            38.530012,
            3254.296875
          ],
          [
            -109.264838,
            38.529995,
            3250.3984375
          ],
          [
            -109.265039,
            38.529978,
            3247.59765625
          ],
          [
            -109.265404,
            38.529976,
            3245.0
          ],
          [
            -109.265519,
            38.52998,
            3244.09765625
          ],
          [
            -109.265637,
            38.529993,
            3243.796875
          ],
          [
            -109.265809,
            38.530035,
            3245.5
          ],
          [
            -109.266012,
            38.53014,
            3250.3984375
          ],
          [
            -109.266171,
            38.530228,
            3254.59765625
          ],
          [
            -109.266297,
            38.530265,
            3256.09765625
          ],
          [
            -109.266492,
            38.530291,
            3256.296875
          ],
          [
            -109.266747,
            38.530318,
            3256.796875
          ],
          [
            -109.266914,
            38.530381,
            3259.296875
          ],
          [
            -109.267112,
            38.530442,
            3262.0
          ],
          [
            -109.267243,
            38.530524,
            3265.09765625
          ],
          [
            -109.267088,
            38.530595,
            3268.59765625
          ],
          [
            -109.266991,
            38.53067,
            3271.796875
          ],
          [
            -109.267131,
            38.530706,
            3272.796875
          ],
          [
            -109.267343,
            38.530752,
            3273.59765625
          ],
          [
            -109.26756,
            38.530788,
            3275.0
          ],
          [
            -109.267777,
            38.530809,
            3276.296875
          ],
          [
            -109.268021,
            38.530822,
            3278.796875
          ],
          [
            -109.26826,
            38.530801,
            3281.09765625
          ],
          [
            -109.268402,
            38.530828,
            3283.8984375
          ],
          [
            -109.268609,
            38.530872,
            3288.0
          ],
          [
            -109.268775,
            38.530933,
            3292.8984375
          ],
          [
            -109.269019,
            38.530872,
            3295.796875
          ],
          [
            -109.269368,
            38.530801,
            3300.296875
          ],
          [
            -109.26969,
            38.5307,
            3303.59765625
          ],
          [
            -109.269928,
            38.530601,
            3307.19921875
          ],
          [
            -109.270122,
            38.530517,
            3309.59765625
          ],
          [
            -109.270044,
            38.530714,
            3315.69921875
          ],
          [
            -109.270036,
            38.53084,
            3319.8984375
          ],
          [
            -109.270079,
            38.530977,
            3325.59765625
          ],
          [
            -109.270199,
            38.530893,
            3326.59765625
          ],
          [
            -109.270355,
            38.530836,
            3330.5
          ],
          [
            -109.270409,
            38.530962,
            3337.69921875
          ],
          [
            -109.270537,
            38.531082,
            3342.796875
          ],
          [
            -109.270639,
            38.530943,
            3346.5
          ],
          [
            -109.270805,
            38.531025,
            3352.796875
          ],
          [
            -109.270851,
            38.530914,
            3353.0
          ],
          [
            -109.270905,
            38.530891,
            3354.69921875
          ],
          [
            -109.271101,
            38.530895,
            3363.3984375
          ],
          [
            -109.271286,
            38.530878,
            3367.3984375
          ],
          [
            -109.271286,
            38.530878,
            3367.3984375
          ],
          [
            -109.271101,
            38.530895,
            3363.3984375
          ],
          [
            -109.270905,
            38.530891,
            3354.69921875
          ],
          [
            -109.270851,
            38.530914,
            3353.0
          ],
          [
            -109.270805,
            38.531025,
            3352.796875
          ],
          [
            -109.270639,
            38.530943,
            3346.5
          ],
          [
            -109.270537,
            38.531082,
            3342.796875
          ],
          [
            -109.270409,
            38.530962,
            3337.69921875
          ],
          [
            -109.270355,
            38.530836,
            3330.5
          ],
          [
            -109.270199,
            38.530893,
            3326.59765625
          ],
          [
            -109.270079,
            38.530977,
            3325.59765625
          ],
          [
            -109.270036,
            38.53084,
            3319.8984375
          ],
          [
            -109.270044,
            38.530714,
            3315.69921875
          ],
          [
            -109.270122,
            38.530517,
            3309.59765625
          ],
          [
            -109.269928,
            38.530601,
            3307.19921875
          ],
          [
            -109.26969,
            38.5307,
            3303.59765625
          ],
          [
            -109.269368,
            38.530801,
            3300.296875
          ],
          [
            -109.269019,
            38.530872,
            3295.796875
          ],
          [
            -109.268775,
            38.530933,
            3292.8984375
          ],
          [
            -109.268609,
            38.530872,
            3288.0
          ],
          [
            -109.268402,
            38.530828,
            3283.8984375
          ],
          [
            -109.26826,
            38.530801,
            3281.09765625
          ],
          [
            -109.268021,
            38.530822,
            3278.796875
          ],
          [
            -109.267777,
            38.530809,
            3276.296875
          ],
          [
            -109.26756,
            38.530788,
            3275.0
          ],
          [
            -109.267343,
            38.530752,
            3273.59765625
          ],
          [
            -109.267131,
            38.530706,
            3272.796875
          ],
          [
            -109.266991,
            38.53067,
            3271.796875
          ],
          [
            -109.267088,
            38.530595,
            3268.59765625
          ],
          [
            -109.267243,
            38.530524,
            3265.09765625
          ],
          [
            -109.267112,
            38.530442,
            3262.0
          ],
          [
            -109.266914,
            38.530381,
            3259.296875
          ],
          [
            -109.266747,
            38.530318,
            3256.796875
          ],
          [
            -109.266492,
            38.530291,
            3256.296875
          ],
          [
            -109.266297,
            38.530265,
            3256.09765625
          ],
          [
            -109.266171,
            38.530228,
            3254.59765625
          ],
          [
            -109.266012,
            38.53014,
            3250.3984375
          ],
          [
            -109.265809,
            38.530035,
            3245.5
          ],
          [
            -109.265637,
            38.529993,
            3243.796875
          ],
          [
            -109.265519,
            38.52998,
            3244.09765625
          ],
          [
            -109.265404,
            38.529976,
            3245.0
          ],
          [
            -109.265039,
            38.529978,
            3247.59765625
          ],
          [
            -109.264838,
            38.529995,
            3250.3984375
          ],
          [
            -109.264481,
            38.530012,
            3254.296875
          ],
          [
            -109.264234,
            38.53003,
            3257.59765625
          ],
          [
            -109.263899,
            38.530041,
            3260.8984375
          ],
          [
            -109.263824,
            38.530026,
            3261.296875
          ],
          [
            -109.26362,
            38.530001,
            3261.8984375
          ],
          [
            -109.263333,
            38.529951,
            3262.19921875
          ],
          [
            -109.263092,
            38.529886,
            3262.0
          ],
          [
            -109.262834,
            38.529833,
            3263.0
          ],
          [
            -109.262667,
            38.529762,
            3261.8984375
          ],
          [
            -109.262567,
            38.529783,
            3263.5
          ],
          [
            -109.262424,
            38.529808,
            3266.5
          ],
          [
            -109.26235,
            38.52982,
            3268.0
          ],
          [
            -109.262289,
            38.529833,
            3269.19921875
          ],
          [
            -109.262269,
            38.529828,
            3269.59765625
          ],
          [
            -109.262255,
            38.529837,
            3270.0
          ],
          [
            -109.262199,
            38.529854,
            3271.09765625
          ],
          [
            -109.262076,
            38.529893,
            3273.796875
          ],
          [
            -109.262043,
            38.529901,
            3274.59765625
          ],
          [
            -109.261937,
            38.529985,
            3277.796875
          ],
          [
            -109.261783,
            38.530001,
            3280.09765625
          ],
          [
            -109.261729,
            38.53,
            3280.69921875
          ],
          [
            -109.261703,
            38.529986,
            3281.0
          ],
          [
            -109.261738,
            38.530036,
            3281.09765625
          ],
          [
            -109.261548,
            38.530034,
            3283.59765625
          ],
          [
            -109.261338,
            38.529994,
            3286.796875
          ],
          [
            -109.26096,
            38.530178,
            3291.09765625
          ],
          [
            -109.260893,
            38.530163,
            3291.5
          ],
          [
            -109.260838,
            38.530131,
            3292.0
          ],
          [
            -109.260708,
            38.530138,
            3291.5
          ],
          [
            -109.26052,
            38.530153,
            3290.5
          ],
          [
            -109.260495,
            38.530167,
            3290.0
          ],
          [
            -109.260518,
            38.530225,
            3289.09765625
          ],
          [
            -109.260523,
            38.530243,
            3288.8984375
          ],
          [
            -109.260362,
            38.5303,
            3286.296875
          ],
          [
            -109.260319,
            38.530222,
            3287.59765625
          ],
          [
            -109.26028,
            38.530213,
            3287.5
          ],
          [
            -109.260182,
            38.530148,
            3287.296875
          ],
          [
            -109.260077,
            38.530142,
            3286.09765625
          ],
          [
            -109.259988,
            38.530159,
            3284.296875
          ],
          [
            -109.259889,
            38.530158,
            3282.796875
          ],
          [
            -109.259843,
            38.530157,
            3282.0
          ],
          [
            -109.259775,
            38.530147,
            3281.5
          ],
          [
            -109.259495,
            38.530134,
            3275.59765625
          ],
          [
            -109.259369,
            38.530136,
            3272.09765625
          ],
          [
            -109.25931,
            38.530131,
            3270.8984375
          ],
          [
            -109.259114,
            38.530047,
            3268.09765625
          ],
          [
            -109.258856,
            38.529989,
            3262.69921875
          ],
          [
            -109.258593,
            38.529868,
            3255.8984375
          ],
          [
            -109.258526,
            38.529813,
            3254.796875
          ],
          [
            -109.258433,
            38.529793,
            3251.19921875
          ],
          [
            -109.258477,
            38.529821,
            3252.59765625
          ],
          [
            -109.258459,
            38.529902,
            3250.0
          ],
          [
            -109.258456,
            38.52992,
            3249.3984375
          ],
          [
            -109.258469,
            38.53001,
            3247.3984375
          ],
          [
            -109.25845,
            38.530069,
            3244.8984375
          ],
          [
            -109.258464,
            38.530114,
            3244.296875
          ],
          [
            -109.25858,
            38.530251,
            3243.5
          ],
          [
            -109.258645,
            38.53036,
            3241.19921875
          ],
          [
            -109.258696,
            38.53046,
            3237.796875
          ],
          [
            -109.258827,
            38.530565,
            3235.796875
          ],
          [
            -109.2589,
            38.530625,
            3234.59765625
          ],
          [
            -109.259197,
            38.530787,
            3237.0
          ],
          [
            -109.259284,
            38.530896,
            3233.8984375
          ],
          [
            -109.259231,
            38.531234,
            3220.8984375
          ],
          [
            -109.259261,
            38.531329,
            3221.3984375
          ],
          [
            -109.258999,
            38.531446,
            3212.0
          ],
          [
            -109.258973,
            38.531478,
            3210.8984375
          ],
          [
            -109.25892,
            38.531513,
            3209.09765625
          ],
          [
            -109.258836,
            38.531669,
            3209.5
          ],
          [
            -109.258768,
            38.531655,
            3207.0
          ],
          [
            -109.258788,
            38.531569,
            3205.69921875
          ],
          [
            -109.258835,
            38.531444,
            3206.3984375
          ],
          [
            -109.258818,
            38.531263,
            3205.796875
          ],
          [
            -109.258669,
            38.531149,
            3203.3984375
          ],
          [
            -109.258553,
            38.531102,
            3201.3984375
          ],
          [
            -109.258495,
            38.531218,
            3197.0
          ],
          [
            -109.258376,
            38.531198,
            3194.59765625
          ],
          [
            -109.258055,
            38.53113,
            3189.0
          ],
          [
            -109.257901,
            38.531065,
            3186.8984375
          ],
          [
            -109.257961,
            38.53112,
            3186.59765625
          ],
          [
            -109.257952,
            38.531206,
            3183.0
          ],
          [
            -109.257819,
            38.531167,
            3180.69921875
          ],
          [
            -109.257598,
            38.531006,
            3180.09765625
          ],
          [
            -109.257456,
            38.531,
            3175.19921875
          ],
          [
            -109.257396,
            38.53099,
            3173.0
          ],
          [
            -109.257396,
            38.53099,
            3173.0
          ],
          [
            -109.257146,
            38.530946,
            3164.19921875
          ],
          [
            -109.257059,
            38.530886,
            3162.8984375
          ],
          [
            -109.256897,
            38.530807,
            3159.69921875
          ],
          [
            -109.256878,
            38.530757,
            3160.59765625
          ],
          [
            -109.256749,
            38.530633,
            3158.5
          ],
          [
            -109.256709,
            38.530516,
            3157.8984375
          ],
          [
            -109.256697,
            38.530416,
            3158.296875
          ],
          [
            -109.256672,
            38.530258,
            3156.59765625
          ],
          [
            -109.256358,
            38.530168,
            3150.296875
          ],
          [
            -109.255911,
            38.530058,
            3149.5
          ],
          [
            -109.255802,
            38.530214,
            3142.8984375
          ],
          [
            -109.255758,
            38.530231,
            3141.5
          ],
          [
            -109.255677,
            38.530253,
            3139.5
          ],
          [
            -109.255302,
            38.530337,
            3130.59765625
          ],
          [
            -109.255056,
            38.530324,
            3127.8984375
          ],
          [
            -109.254826,
            38.530321,
            3125.296875
          ],
          [
            -109.254701,
            38.530306,
            3124.3984375
          ],
          [
            -109.254648,
            38.530305,
            3124.0
          ],
          [
            -109.254544,
            38.530254,
            3126.19921875
          ],
          [
            -109.254644,
            38.530336,
            3122.5
          ],
          [
            -109.254695,
            38.53036,
            3122.19921875
          ],
          [
            -109.254839,
            38.530506,
            3118.296875
          ],
          [
            -109.255022,
            38.530896,
            3110.09765625
          ],
          [
            -109.254809,
            38.530879,
            3106.69921875
          ],
          [
            -109.254798,
            38.530879,
            3106.5
          ],
          [
            -109.254612,
            38.530908,
            3102.3984375
          ],
          [
            -109.254374,
            38.531062,
            3095.5
          ],
          [
            -109.254389,
            38.531139,
            3094.296875
          ],
          [
            -109.254322,
            38.53117,
            3092.796875
          ],
          [
            -109.254322,
            38.53117,
            3092.796875
          ],
          [
            -109.254066,
            38.531323,
            3086.59765625
          ],
          [
            -109.254066,
            38.531323,
            3086.59765625
          ],
          [
            -109.253824,
            38.53126,
            3085.09765625
          ],
          [
            -109.253824,
            38.53126,
            3085.09765625
          ],
          [
            -109.253521,
            38.53126,
            3082.8984375
          ],
          [
            -109.253521,
            38.53126,
            3082.8984375
          ],
          [
            -109.253363,
            38.531195,
            3084.5
          ],
          [
            -109.253363,
            38.531195,
            3084.5
          ],
          [
            -109.253173,
            38.53127,
            3084.09765625
          ],
          [
            -109.253173,
            38.53127,
            3084.09765625
          ],
          [
            -109.253144,
            38.531391,
            3083.69921875
          ],
          [
            -109.253144,
            38.531391,
            3083.69921875
          ],
          [
            -109.253091,
            38.531658,
            3083.19921875
          ],
          [
            -109.25308,
            38.531716,
            3083.0
          ],
          [
            -109.25308,
            38.531716,
            3083.0
          ],
          [
            -109.253234,
            38.531926,
            3080.3984375
          ],
          [
            -109.253234,
            38.531926,
            3080.3984375
          ],
          [
            -109.253421,
            38.532087,
            3077.0
          ],
          [
            -109.253421,
            38.532087,
            3077.0
          ],
          [
            -109.253703,
            38.532243,
            3072.69921875
          ],
          [
            -109.253718,
            38.532251,
            3072.3984375
          ],
          [
            -109.253718,
            38.532251,
            3072.3984375
          ],
          [
            -109.253782,
            38.532347,
            3070.69921875
          ],
          [
            -109.253782,
            38.532347,
            3070.69921875
          ],
          [
            -109.253847,
            38.532579,
            3067.09765625
          ],
          [
            -109.253847,
            38.532579,
            3067.09765625
          ],
          [
            -109.25396,
            38.532758,
            3063.09765625
          ],
          [
            -109.25396,
            38.532758,
            3063.09765625
          ],
          [
            -109.253926,
            38.532821,
            3062.296875
          ],
          [
            -109.253926,
            38.532821,
            3062.296875
          ],
          [
            -109.254015,
            38.532938,
            3059.296875
          ],
          [
            -109.254015,
            38.532938,
            3059.296875
          ],
          [
            -109.254118,
            38.533018,
            3056.796875
          ],
          [
            -109.254118,
            38.533018,
            3056.796875
          ],
          [
            -109.254144,
            38.533106,
            3055.0
          ],
          [
            -109.254144,
            38.533106,
            3055.0
          ],
          [
            -109.254245,
            38.533198,
            3052.0
          ],
          [
            -109.254245,
            38.533198,
            3052.0
          ],
          [
            -109.254342,
            38.533261,
            3050.0
          ],
          [
            -109.254342,
            38.533261,
            3050.0
          ],
          [
            -109.254474,
            38.53327,
            3048.3984375
          ],
          [
            -109.254474,
            38.53327,
            3048.3984375
          ],
          [
            -109.254589,
            38.533325,
            3047.296875
          ],
          [
            -109.254589,
            38.533325,
            3047.296875
          ],
          [
            -109.254657,
            38.533401,
            3046.09765625
          ],
          [
            -109.254657,
            38.533401,
            3046.09765625
          ],
          [
            -109.254688,
            38.533461,
            3045.09765625
          ],
          [
            -109.254688,
            38.533461,
            3045.09765625
          ],
          [
            -109.254693,
            38.533559,
            3043.09765625
          ],
          [
            -109.254693,
            38.533559,
            3043.09765625
          ],
          [
            -109.254651,
            38.533712,
            3040.0
          ],
          [
            -109.254651,
            38.533712,
            3040.0
          ],
          [
            -109.254592,
            38.533806,
            3038.3984375
          ],
          [
            -109.254592,
            38.533806,
            3038.3984375
          ],
          [
            -109.254554,
            38.53396,
            3035.796875
          ],
          [
            -109.254554,
            38.53396,
            3035.796875
          ],
          [
            -109.254567,
            38.534042,
            3034.3984375
          ],
          [
            -109.254567,
            38.534042,
            3034.3984375
          ],
          [
            -109.254595,
            38.534172,
            3032.09765625
          ],
          [
            -109.254595,
            38.534172,
            3032.09765625
          ],
          [
            -109.254612,
            38.534276,
            3030.19921875
          ],
          [
            -109.254612,
            38.534276,
            3030.19921875
          ],
          [
            -109.254651,
            38.534364,
            3028.59765625
          ],
          [
            -109.254651,
            38.534364,
            3028.59765625
          ],
          [
            -109.254591,
            38.534475,
            3027.3984375
          ],
          [
            -109.254591,
            38.534475,
            3027.3984375
          ],
          [
            -109.254465,
            38.534643,
            3027.19921875
          ],
          [
            -109.254465,
            38.534643,
            3027.19921875
          ],
          [
            -109.254443,
            38.534871,
            3026.0
          ],
          [
            -109.254443,
            38.534871,
            3026.0
          ],
          [
            -109.254535,
            38.535131,
            3022.69921875
          ],
          [
            -109.254618,
            38.535363,
            3021.0
          ],
          [
            -109.254618,
            38.535363,
            3021.0
          ],
          [
            -109.254658,
            38.535465,
            3019.8984375
          ],
          [
            -109.254658,
            38.535465,
            3019.8984375
          ],
          [
            -109.254747,
            38.535582,
            3017.8984375
          ],
          [
            -109.254747,
            38.535582,
            3017.8984375
          ],
          [
            -109.254976,
            38.535733,
            3013.5
          ],
          [
            -109.254976,
            38.535733,
            3013.5
          ],
          [
            -109.255136,
            38.535843,
            3011.5
          ],
          [
            -109.255136,
            38.535843,
            3011.5
          ],
          [
            -109.255341,
            38.535981,
            3008.296875
          ],
          [
            -109.255341,
            38.535981,
            3008.296875
          ],
          [
            -109.255512,
            38.536215,
            3005.69921875
          ],
          [
            -109.255519,
            38.536225,
            3005.59765625
          ],
          [
            -109.255519,
            38.536225,
            3005.59765625
          ],
          [
            -109.255689,
            38.536454,
            3003.19921875
          ],
          [
            -109.255689,
            38.536454,
            3003.19921875
          ],
          [
            -109.255732,
            38.536722,
            3000.69921875
          ],
          [
            -109.25574,
            38.536774,
            3000.09765625
          ],
          [
            -109.25574,
            38.536774,
            3000.09765625
          ],
          [
            -109.255677,
            38.537039,
            2998.3984375
          ],
          [
            -109.255666,
            38.537087,
            2998.19921875
          ],
          [
            -109.255666,
            38.537087,
            2998.19921875
          ],
          [
            -109.255611,
            38.537353,
            2997.59765625
          ],
          [
            -109.255586,
            38.537473,
            2997.796875
          ],
          [
            -109.255586,
            38.537473,
            2997.796875
          ],
          [
            -109.255759,
            38.537706,
            2996.59765625
          ],
          [
            -109.255929,
            38.537935,
            2995.0
          ],
          [
            -109.255929,
            38.537935,
            2995.0
          ],
          [
            -109.256057,
            38.538186,
            2994.5
          ],
          [
            -109.256185,
            38.538436,
            2994.8984375
          ],
          [
            -109.25631,
            38.538681,
            2995.8984375
          ],
          [
            -109.25631,
            38.538681,
            2995.8984375
          ],
          [
            -109.256108,
            38.538667,
            2997.3984375
          ],
          [
            -109.256108,
            38.538667,
            2997.3984375
          ],
          [
            -109.255871,
            38.538636,
            2998.8984375
          ],
          [
            -109.255871,
            38.538636,
            2998.8984375
          ],
          [
            -109.255699,
            38.538609,
            3000.8984375
          ],
          [
            -109.255699,
            38.538609,
            3000.8984375
          ],
          [
            -109.255573,
            38.538513,
            3001.3984375
          ],
          [
            -109.255573,
            38.538513,
            3001.3984375
          ],
          [
            -109.255452,
            38.538346,
            3002.69921875
          ],
          [
            -109.255452,
            38.538346,
            3002.69921875
          ],
          [
            -109.255302,
            38.538229,
            3004.796875
          ],
          [
            -109.255302,
            38.538229,
            3004.796875
          ],
          [
            -109.255122,
            38.538185,
            3007.796875
          ],
          [
            -109.255122,
            38.538185,
            3007.796875
          ],
          [
            -109.255074,
            38.538268,
            3009.69921875
          ],
          [
            -109.255074,
            38.538268,
            3009.69921875
          ],
          [
            -109.255163,
            38.538529,
            3010.8984375
          ],
          [
            -109.255171,
            38.538554,
            3010.8984375
          ],
          [
            -109.255171,
            38.538554,
            3010.8984375
          ],
          [
            -109.255265,
            38.538717,
            3010.796875
          ],
          [
            -109.255265,
            38.538717,
            3010.796875
          ],
          [
            -109.255366,
            38.53881,
            3010.5
          ],
          [
            -109.255366,
            38.53881,
            3010.5
          ],
          [
            -109.255426,
            38.538931,
            3012.19921875
          ],
          [
            -109.255426,
            38.538931,
            3012.19921875
          ],
          [
            -109.255544,
            38.539136,
            3015.09765625
          ],
          [
            -109.255544,
            38.539136,
            3015.09765625
          ],
          [
            -109.255633,
            38.539273,
            3016.69921875
          ],
          [
            -109.255633,
            38.539273,
            3016.69921875
          ],
          [
            -109.255845,
            38.539486,
            3020.5
          ],
          [
            -109.255886,
            38.539526,
            3021.5
          ],
          [
            -109.255886,
            38.539526,
            3021.5
          ],
          [
            -109.25606,
            38.539603,
            3021.8984375
          ],
          [
            -109.25606,
            38.539603,
            3021.8984375
          ],
          [
            -109.256166,
            38.539711,
            3023.3984375
          ],
          [
            -109.256166,
            38.539711,
            3023.3984375
          ],
          [
            -109.256154,
            38.539827,
            3026.19921875
          ],
          [
            -109.256154,
            38.539827,
            3026.19921875
          ],
          [
            -109.256017,
            38.539897,
            3027.796875
          ],
          [
            -109.256017,
            38.539897,
            3027.796875
          ],
          [
            -109.255848,
            38.539854,
            3027.796875
          ],
          [
            -109.255848,
            38.539854,
            3027.796875
          ],
          [
            -109.255554,
            38.539715,
            3028.0
          ],
          [
            -109.255554,
            38.539715,
            3028.0
          ],
          [
            -109.255247,
            38.539592,
            3027.5
          ],
          [
            -109.25494,
            38.539469,
            3030.59765625
          ],
          [
            -109.254911,
            38.539458,
            3030.8984375
          ],
          [
            -109.254911,
            38.539458,
            3030.8984375
          ],
          [
            -109.254615,
            38.53932,
            3034.8984375
          ],
          [
            -109.254318,
            38.539182,
            3040.0
          ],
          [
            -109.254262,
            38.539155,
            3041.09765625
          ],
          [
            -109.254262,
            38.539155,
            3041.09765625
          ],
          [
            -109.254016,
            38.539041,
            3046.69921875
          ],
          [
            -109.254016,
            38.539041,
            3046.69921875
          ],
          [
            -109.253918,
            38.538941,
            3048.8984375
          ],
          [
            -109.253918,
            38.538941,
            3048.8984375
          ],
          [
            -109.253864,
            38.538795,
            3050.5
          ],
          [
            -109.253864,
            38.538795,
            3050.5
          ],
          [
            -109.25391,
            38.538614,
            3048.8984375
          ],
          [
            -109.25391,
            38.538614,
            3048.8984375
          ],
          [
            -109.253732,
            38.538394,
            3057.0
          ],
          [
            -109.253732,
            38.538394,
            3057.0
          ],
          [
            -109.253648,
            38.538132,
            3060.69921875
          ],
          [
            -109.253617,
            38.538037,
            3062.19921875
          ],
          [
            -109.253617,
            38.538037,
            3062.19921875
          ],
          [
            -109.253502,
            38.538175,
            3066.5
          ],
          [
            -109.253502,
            38.538175,
            3066.5
          ],
          [
            -109.253486,
            38.538333,
            3066.3984375
          ],
          [
            -109.253486,
            38.538333,
            3066.3984375
          ],
          [
            -109.253429,
            38.538324,
            3068.59765625
          ],
          [
            -109.253429,
            38.538324,
            3068.59765625
          ],
          [
            -109.253371,
            38.538159,
            3071.69921875
          ],
          [
            -109.253371,
            38.538159,
            3071.69921875
          ],
          [
            -109.253286,
            38.53811,
            3074.8984375
          ],
          [
            -109.253286,
            38.53811,
            3074.8984375
          ],
          [
            -109.253167,
            38.537857,
            3080.3984375
          ],
          [
            -109.253165,
            38.537852,
            3080.3984375
          ],
          [
            -109.253165,
            38.537852,
            3080.3984375
          ],
          [
            -109.253048,
            38.537688,
            3084.3984375
          ],
          [
            -109.253048,
            38.537688,
            3084.3984375
          ],
          [
            -109.252881,
            38.53759,
            3089.3984375
          ],
          [
            -109.252881,
            38.53759,
            3089.3984375
          ],
          [
            -109.252727,
            38.537574,
            3094.3984375
          ],
          [
            -109.252727,
            38.537574,
            3094.3984375
          ],
          [
            -109.252638,
            38.537516,
            3097.5
          ],
          [
            -109.252638,
            38.537516,
            3097.5
          ],
          [
            -109.252404,
            38.537397,
            3105.5
          ],
          [
            -109.252404,
            38.537397,
            3105.5
          ],
          [
            -109.252308,
            38.537315,
            3108.296875
          ],
          [
            -109.252308,
            38.537315,
            3108.296875
          ],
          [
            -109.252263,
            38.537292,
            3110.19921875
          ],
          [
            -109.252263,
            38.537292,
            3110.19921875
          ],
          [
            -109.252223,
            38.537258,
            3111.69921875
          ],
          [
            -109.252223,
            38.537258,
            3111.69921875
          ],
          [
            -109.252111,
            38.53725,
            3117.09765625
          ],
          [
            -109.252111,
            38.53725,
            3117.09765625
          ],
          [
            -109.251933,
            38.537228,
            3126.0
          ],
          [
            -109.251933,
            38.537228,
            3126.0
          ],
          [
            -109.251755,
            38.537209,
            3135.09765625
          ],
          [
            -109.251755,
            38.537209,
            3135.09765625
          ],
          [
            -109.251694,
            38.537221,
            3139.19921875
          ],
          [
            -109.251694,
            38.537221,
            3139.19921875
          ],
          [
            -109.251603,
            38.537132,
            3142.0
          ],
          [
            -109.251603,
            38.537132,
            3142.0
          ],
          [
            -109.251547,
            38.536967,
            3140.5
          ],
          [
            -109.251547,
            38.536967,
            3140.5
          ],
          [
            -109.251448,
            38.536842,
            3142.5
          ],
          [
            -109.251448,
            38.536842,
            3142.5
          ],
          [
            -109.251418,
            38.536642,
            3142.09765625
          ],
          [
            -109.251418,
            38.536642,
            3142.09765625
          ],
          [
            -109.251236,
            38.536466,
            3146.796875
          ],
          [
            -109.251236,
            38.536466,
            3146.796875
          ],
          [
            -109.251045,
            38.536241,
            3150.0
          ],
          [
            -109.251027,
            38.536219,
            3150.8984375
          ],
          [
            -109.251027,
            38.536219,
            3150.8984375
          ],
          [
            -109.250899,
            38.536223,
            3157.19921875
          ],
          [
            -109.250899,
            38.536223,
            3157.19921875
          ],
          [
            -109.250914,
            38.536377,
            3158.8984375
          ],
          [
            -109.250914,
            38.536377,
            3158.8984375
          ],
          [
            -109.250981,
            38.536642,
            3160.19921875
          ],
          [
            -109.25101,
            38.536757,
            3161.3984375
          ],
          [
            -109.25101,
            38.536757,
            3161.3984375
          ],
          [
            -109.250916,
            38.537017,
            3169.296875
          ],
          [
            -109.250844,
            38.537217,
            3175.69921875
          ],
          [
            -109.250844,
            38.537217,
            3175.69921875
          ],
          [
            -109.251004,
            38.537456,
            3172.69921875
          ],
          [
            -109.25113,
            38.537645,
            3170.3984375
          ],
          [
            -109.25113,
            38.537645,
            3170.3984375
          ],
          [
            -109.251184,
            38.537909,
            3171.8984375
          ],
          [
            -109.251184,
            38.537909,
            3171.8984375
          ],
          [
            -109.251066,
            38.538162,
            3179.3984375
          ],
          [
            -109.250973,
            38.538362,
            3184.09765625
          ],
          [
            -109.250973,
            38.538362,
            3184.09765625
          ],
          [
            -109.250809,
            38.538599,
            3189.19921875
          ],
          [
            -109.250645,
            38.538837,
            3191.59765625
          ],
          [
            -109.25061,
            38.538887,
            3192.3984375
          ],
          [
            -109.25061,
            38.538887,
            3192.3984375
          ],
          [
            -109.25039,
            38.539095,
            3196.59765625
          ],
          [
            -109.250169,
            38.539302,
            3200.19921875
          ],
          [
            -109.250137,
            38.539332,
            3200.5
          ],
          [
            -109.250137,
            38.539332,
            3200.5
          ],
          [
            -109.249948,
            38.539557,
            3200.3984375
          ],
          [
            -109.249868,
            38.539652,
            3203.19921875
          ],
          [
            -109.249868,
            38.539652,
            3203.19921875
          ],
          [
            -109.249928,
            38.539821,
            3199.5
          ],
          [
            -109.249928,
            38.539821,
            3199.5
          ],
          [
            -109.249728,
            38.540041,
            3206.09765625
          ],
          [
            -109.24959,
            38.540193,
            3210.3984375
          ],
          [
            -109.24959,
            38.540193,
            3210.3984375
          ],
          [
            -109.249534,
            38.540459,
            3206.59765625
          ],
          [
            -109.249506,
            38.540591,
            3204.09765625
          ],
          [
            -109.249506,
            38.540591,
            3204.09765625
          ],
          [
            -109.249234,
            38.540757,
            3211.0
          ],
          [
            -109.248963,
            38.540924,
            3215.5
          ],
          [
            -109.248899,
            38.540962,
            3216.09765625
          ],
          [
            -109.248899,
            38.540962,
            3216.09765625
          ],
          [
            -109.248573,
            38.541051,
            3221.0
          ],
          [
            -109.248248,
            38.54114,
            3226.296875
          ],
          [
            -109.248142,
            38.541168,
            3229.5
          ],
          [
            -109.248142,
            38.541168,
            3229.5
          ],
          [
            -109.24786,
            38.541323,
            3234.5
          ],
          [
            -109.247615,
            38.541457,
            3238.59765625
          ],
          [
            -109.247615,
            38.541457,
            3238.59765625
          ],
          [
            -109.247372,
            38.541649,
            3243.8984375
          ],
          [
            -109.24713,
            38.541841,
            3251.19921875
          ],
          [
            -109.247002,
            38.541941,
            3255.09765625
          ],
          [
            -109.247002,
            38.541941,
            3255.09765625
          ],
          [
            -109.247018,
            38.541949,
            3254.3984375
          ],
          [
            -109.246998,
            38.541973,
            3254.8984375
          ],
          [
            -109.246901,
            38.542179,
            3257.69921875
          ],
          [
            -109.246838,
            38.542385,
            3260.69921875
          ],
          [
            -109.246823,
            38.542579,
            3265.8984375
          ],
          [
            -109.246824,
            38.542578,
            3265.8984375
          ],
          [
            -109.247092,
            38.542664,
            3262.8984375
          ],
          [
            -109.247242,
            38.542738,
            3262.09765625
          ],
          [
            -109.247412,
            38.542808,
            3259.8984375
          ],
          [
            -109.247581,
            38.542892,
            3258.09765625
          ],
          [
            -109.247676,
            38.542947,
            3257.19921875
          ],
          [
            -109.247676,
            38.542947,
            3257.19921875
          ],
          [
            -109.247723,
            38.542975,
            3257.0
          ],
          [
            -109.247864,
            38.543058,
            3255.09765625
          ],
          [
            -109.248057,
            38.543083,
            3249.0
          ],
          [
            -109.24825,
            38.543113,
            3244.5
          ],
          [
            -109.248426,
            38.543143,
            3241.296875
          ],
          [
            -109.248607,
            38.543186,
            3239.69921875
          ],
          [
            -109.248769,
            38.54322,
            3237.69921875
          ],
          [
            -109.248946,
            38.543254,
            3235.0
          ],
          [
            -109.249132,
            38.543275,
            3232.19921875
          ],
          [
            -109.249302,
            38.543282,
            3227.69921875
          ],
          [
            -109.249495,
            38.543326,
            3225.19921875
          ],
          [
            -109.249658,
            38.5434,
            3224.296875
          ],
          [
            -109.249832,
            38.543439,
            3220.5
          ],
          [
            -109.249996,
            38.543464,
            3215.3984375
          ],
          [
            -109.250173,
            38.543516,
            3211.796875
          ],
          [
            -109.250347,
            38.543568,
            3207.59765625
          ],
          [
            -109.250417,
            38.543596,
            3206.5
          ],
          [
            -109.250676,
            38.543735,
            3204.0
          ],
          [
            -109.250756,
            38.5438,
            3204.19921875
          ],
          [
            -109.250799,
            38.543823,
            3203.796875
          ],
          [
            -109.250833,
            38.543832,
            3203.19921875
          ],
          [
            -109.250858,
            38.543864,
            3203.3984375
          ],
          [
            -109.250891,
            38.543842,
            3201.09765625
          ],
          [
            -109.25089,
            38.543829,
            3200.59765625
          ],
          [
            -109.250822,
            38.543792,
            3201.5
          ],
          [
            -109.250812,
            38.543756,
            3200.296875
          ],
          [
            -109.250743,
            38.543642,
            3196.796875
          ],
          [
            -109.250577,
            38.543486,
            3195.0
          ],
          [
            -109.250434,
            38.543403,
            3196.296875
          ],
          [
            -109.250312,
            38.543279,
            3194.8984375
          ],
          [
            -109.250146,
            38.543196,
            3196.8984375
          ],
          [
            -109.250048,
            38.543119,
            3196.796875
          ],
          [
            -109.250048,
            38.543119,
            3196.796875
          ],
          [
            -109.249989,
            38.543072,
            3196.5
          ],
          [
            -109.249831,
            38.54297,
            3196.09765625
          ],
          [
            -109.249657,
            38.542882,
            3196.19921875
          ],
          [
            -109.249543,
            38.542768,
            3194.296875
          ],
          [
            -109.249227,
            38.542556,
            3192.296875
          ],
          [
            -109.249121,
            38.542496,
            3192.19921875
          ],
          [
            -109.249019,
            38.542328,
            3187.8984375
          ],
          [
            -109.248941,
            38.542263,
            3189.5
          ],
          [
            -109.24895,
            38.542191,
            3188.5
          ],
          [
            -109.24897,
            38.542151,
            3187.59765625
          ],
          [
            -109.249169,
            38.54237,
            3184.3984375
          ],
          [
            -109.249409,
            38.542527,
            3186.19921875
          ],
          [
            -109.249789,
            38.542659,
            3182.296875
          ],
          [
            -109.249973,
            38.54272,
            3180.59765625
          ],
          [
            -109.250184,
            38.5428,
            3178.59765625
          ],
          [
            -109.250519,
            38.54289,
            3172.8984375
          ],
          [
            -109.250519,
            38.54289,
            3172.8984375
          ],
          [
            -109.250826,
            38.542972,
            3166.0
          ],
          [
            -109.250913,
            38.543014,
            3165.69921875
          ],
          [
            -109.251052,
            38.54316,
            3168.09765625
          ],
          [
            -109.251284,
            38.543276,
            3165.8984375
          ],
          [
            -109.251418,
            38.543404,
            3165.69921875
          ],
          [
            -109.251703,
            38.543606,
            3163.09765625
          ],
          [
            -109.251832,
            38.543735,
            3161.69921875
          ],
          [
            -109.251978,
            38.543831,
            3158.3984375
          ],
          [
            -109.252154,
            38.54396,
            3155.296875
          ],
          [
            -109.252204,
            38.544074,
            3156.59765625
          ],
          [
            -109.252227,
            38.544038,
            3154.296875
          ],
          [
            -109.252242,
            38.54402,
            3153.5
          ],
          [
            -109.252275,
            38.543944,
            3150.19921875
          ],
          [
            -109.252284,
            38.543931,
            3149.8984375
          ],
          [
            -109.252297,
            38.543917,
            3149.09765625
          ],
          [
            -109.25238,
            38.543896,
            3146.5
          ],
          [
            -109.25242,
            38.543937,
            3147.296875
          ],
          [
            -109.252505,
            38.543902,
            3143.5
          ],
          [
            -109.252509,
            38.543867,
            3142.0
          ],
          [
            -109.252568,
            38.543791,
            3138.0
          ],
          [
            -109.252555,
            38.543745,
            3136.0
          ],
          [
            -109.252615,
            38.543701,
            3133.8984375
          ],
          [
            -109.252696,
            38.543657,
            3132.0
          ],
          [
            -109.252756,
            38.543649,
            3131.3984375
          ],
          [
            -109.252816,
            38.543646,
            3131.69921875
          ],
          [
            -109.252882,
            38.543651,
            3132.19921875
          ],
          [
            -109.252892,
            38.543656,
            3132.69921875
          ],
          [
            -109.252946,
            38.543639,
            3132.296875
          ],
          [
            -109.253002,
            38.543612,
            3131.5
          ],
          [
            -109.253052,
            38.543582,
            3130.59765625
          ],
          [
            -109.253134,
            38.543488,
            3127.796875
          ],
          [
            -109.253185,
            38.543444,
            3126.296875
          ],
          [
            -109.253298,
            38.543396,
            3126.09765625
          ],
          [
            -109.25357,
            38.543287,
            3125.3984375
          ],
          [
            -109.253742,
            38.5432,
            3123.69921875
          ],
          [
            -109.253767,
            38.54319,
            3123.5
          ],
          [
            -109.253767,
            38.54319,
            3123.5
          ],
          [
            -109.253966,
            38.543113,
            3121.0
          ],
          [
            -109.254088,
            38.543065,
            3120.0
          ],
          [
            -109.254266,
            38.542996,
            3117.69921875
          ],
          [
            -109.254444,
            38.542931,
            3114.796875
          ],
          [
            -109.254623,
            38.542862,
            3110.8984375
          ],
          [
            -109.254801,
            38.542774,
            3106.296875
          ],
          [
            -109.254998,
            38.542714,
            3104.59765625
          ],
          [
            -109.255269,
            38.542641,
            3103.0
          ],
          [
            -109.255333,
            38.542656,
            3104.796875
          ],
          [
            -109.255455,
            38.542595,
            3102.19921875
          ],
          [
            -109.255634,
            38.542597,
            3103.3984375
          ],
          [
            -109.255712,
            38.54258,
            3102.8984375
          ],
          [
            -109.255888,
            38.542587,
            3104.796875
          ],
          [
            -109.255932,
            38.542597,
            3105.59765625
          ],
          [
            -109.255979,
            38.542584,
            3104.8984375
          ],
          [
            -109.255973,
            38.542535,
            3102.59765625
          ],
          [
            -109.256064,
            38.542464,
            3099.0
          ],
          [
            -109.256248,
            38.542408,
            3098.69921875
          ],
          [
            -109.256263,
            38.542381,
            3097.19921875
          ],
          [
            -109.256385,
            38.542298,
            3095.3984375
          ],
          [
            -109.256625,
            38.542107,
            3089.796875
          ],
          [
            -109.256735,
            38.542019,
            3086.796875
          ],
          [
            -109.25676,
            38.542001,
            3086.09765625
          ],
          [
            -109.256917,
            38.54199,
            3086.796875
          ],
          [
            -109.257028,
            38.54196,
            3085.3984375
          ],
          [
            -109.257196,
            38.541999,
            3086.5
          ],
          [
            -109.25736,
            38.54206,
            3086.59765625
          ],
          [
            -109.25748,
            38.542107,
            3087.09765625
          ],
          [
            -109.257573,
            38.542153,
            3088.59765625
          ],
          [
            -109.257674,
            38.542191,
            3089.69921875
          ],
          [
            -109.25768,
            38.542177,
            3089.09765625
          ],
          [
            -109.25778,
            38.542161,
            3086.8984375
          ],
          [
            -109.257782,
            38.542152,
            3086.3984375
          ],
          [
            -109.257853,
            38.542085,
            3084.09765625
          ],
          [
            -109.258001,
            38.542029,
            3083.09765625
          ],
          [
            -109.258152,
            38.541896,
            3079.69921875
          ],
          [
            -109.258366,
            38.541728,
            3074.796875
          ],
          [
            -109.25862,
            38.541533,
            3069.19921875
          ],
          [
            -109.258759,
            38.541468,
            3068.09765625
          ],
          [
            -109.25878,
            38.541459,
            3067.8984375
          ],
          [
            -109.258839,
            38.541379,
            3064.3984375
          ],
          [
            -109.258879,
            38.541341,
            3062.796875
          ],
          [
            -109.258879,
            38.541341,
            3062.796875
          ],
          [
            -109.25889,
            38.54133,
            3062.296875
          ],
          [
            -109.258981,
            38.541295,
            3062.0
          ],
          [
            -109.259173,
            38.541316,
            3065.5
          ],
          [
            -109.259207,
            38.541276,
            3063.69921875
          ],
          [
            -109.25921,
            38.541267,
            3063.19921875
          ],
          [
            -109.259311,
            38.541233,
            3061.5
          ],
          [
            -109.25931,
            38.541224,
            3060.8984375
          ],
          [
            -109.259407,
            38.541212,
            3060.69921875
          ],
          [
            -109.259573,
            38.541205,
            3060.5
          ],
          [
            -109.259708,
            38.541221,
            3060.5
          ],
          [
            -109.259848,
            38.541241,
            3060.59765625
          ],
          [
            -109.260173,
            38.541295,
            3060.796875
          ],
          [
            -109.260205,
            38.541314,
            3060.796875
          ],
          [
            -109.260315,
            38.541329,
            3060.3984375
          ],
          [
            -109.260353,
            38.541325,
            3060.0
          ],
          [
            -109.260424,
            38.541339,
            3059.5
          ],
          [
            -109.260405,
            38.541312,
            3058.09765625
          ],
          [
            -109.260291,
            38.54127,
            3057.796875
          ],
          [
            -109.260219,
            38.541237,
            3057.09765625
          ],
          [
            -109.259955,
            38.541067,
            3051.19921875
          ],
          [
            -109.259935,
            38.541057,
            3050.8984375
          ],
          [
            -109.259919,
            38.541034,
            3049.5
          ],
          [
            -109.259883,
            38.541007,
            3048.796875
          ],
          [
            -109.259906,
            38.541012,
            3048.59765625
          ],
          [
            -109.259939,
            38.541021,
            3048.796875
          ],
          [
            -109.259964,
            38.541022,
            3048.69921875
          ],
          [
            -109.260019,
            38.541027,
            3048.59765625
          ],
          [
            -109.26035,
            38.541064,
            3045.5
          ],
          [
            -109.260408,
            38.541096,
            3046.69921875
          ],
          [
            -109.260542,
            38.541098,
            3044.59765625
          ],
          [
            -109.260682,
            38.541123,
            3043.296875
          ],
          [
            -109.260726,
            38.541141,
            3043.5
          ],
          [
            -109.260723,
            38.541128,
            3043.09765625
          ],
          [
            -109.260681,
            38.541082,
            3041.0
          ],
          [
            -109.260557,
            38.541008,
            3039.09765625
          ],
          [
            -109.260504,
            38.540989,
            3039.0
          ],
          [
            -109.260397,
            38.540956,
            3039.0
          ],
          [
            -109.260262,
            38.540877,
            3036.296875
          ],
          [
            -109.260114,
            38.54083,
            3034.8984375
          ],
          [
            -109.260053,
            38.540753,
            3030.19921875
          ],
          [
            -109.260045,
            38.540739,
            3029.5
          ],
          [
            -109.260115,
            38.540767,
            3030.796875
          ],
          [
            -109.26027,
            38.540792,
            3030.296875
          ],
          [
            -109.260506,
            38.540863,
            3031.19921875
          ],
          [
            -109.260759,
            38.540984,
            3033.796875
          ],
          [
            -109.260799,
            38.540962,
            3031.8984375
          ],
          [
            -109.260841,
            38.540949,
            3030.59765625
          ],
          [
            -109.260993,
            38.540978,
            3028.5
          ],
          [
            -109.261006,
            38.540952,
            3026.19921875
          ],
          [
            -109.260924,
            38.540905,
            3026.19921875
          ],
          [
            -109.260828,
            38.540782,
            3021.0
          ],
          [
            -109.260728,
            38.540731,
            3019.8984375
          ],
          [
            -109.260615,
            38.540657,
            3017.296875
          ],
          [
            -109.260394,
            38.540573,
            3014.3984375
          ],
          [
            -109.260432,
            38.540528,
            3011.09765625
          ],
          [
            -109.260508,
            38.540548,
            3011.296875
          ],
          [
            -109.26056,
            38.540575,
            3012.0
          ],
          [
            -109.260734,
            38.540655,
            3015.296875
          ],
          [
            -109.260947,
            38.540685,
            3012.296875
          ],
          [
            -109.261079,
            38.540687,
            3008.59765625
          ],
          [
            -109.261247,
            38.540734,
            3005.69921875
          ],
          [
            -109.261422,
            38.540764,
            3002.69921875
          ],
          [
            -109.261494,
            38.540779,
            3002.796875
          ],
          [
            -109.261259,
            38.540595,
            2997.796875
          ],
          [
            -109.261073,
            38.540524,
            2997.59765625
          ],
          [
            -109.260918,
            38.540328,
            2988.19921875
          ],
          [
            -109.261828,
            38.540644,
            2989.3984375
          ],
          [
            -109.262081,
            38.540594,
            2983.296875
          ],
          [
            -109.261834,
            38.540509,
            2983.19921875
          ],
          [
            -109.261819,
            38.540491,
            2982.296875
          ],
          [
            -109.261651,
            38.540375,
            2979.19921875
          ],
          [
            -109.261505,
            38.540179,
            2972.09765625
          ],
          [
            -109.261345,
            38.540096,
            2969.69921875
          ],
          [
            -109.261292,
            38.540028,
            2967.09765625
          ],
          [
            -109.261409,
            38.540025,
            2966.19921875
          ],
          [
            -109.261458,
            38.540026,
            2965.8984375
          ],
          [
            -109.261546,
            38.540032,
            2965.3984375
          ],
          [
            -109.261559,
            38.540032,
            2965.296875
          ],
          [
            -109.261759,
            38.54003,
            2964.3984375
          ],
          [
            -109.261947,
            38.540105,
            2966.3984375
          ],
          [
            -109.262246,
            38.540159,
            2966.19921875
          ],
          [
            -109.262283,
            38.54016,
            2965.796875
          ],
          [
            -109.26232,
            38.540178,
            2965.796875
          ],
          [
            -109.26236,
            38.540183,
            2965.19921875
          ],
          [
            -109.26224,
            38.540108,
            2964.59765625
          ],
          [
            -109.262181,
            38.540038,
            2962.3984375
          ],
          [
            -109.262135,
            38.539968,
            2959.8984375
          ],
          [
            -109.261948,
            38.539826,
            2955.5
          ],
          [
            -109.26145,
            38.539707,
            2953.09765625
          ],
          [
            -109.261168,
            38.539693,
            2956.09765625
          ],
          [
            -109.260994,
            38.539729,
            2960.59765625
          ],
          [
            -109.261031,
            38.53964,
            2958.59765625
          ],
          [
            -109.26105,
            38.539478,
            2956.296875
          ],
          [
            -109.260994,
            38.539355,
            2956.09765625
          ],
          [
            -109.260915,
            38.539303,
            2955.8984375
          ],
          [
            -109.260721,
            38.539252,
            2957.09765625
          ],
          [
            -109.260641,
            38.539178,
            2956.0
          ],
          [
            -109.260854,
            38.539176,
            2953.69921875
          ],
          [
            -109.260935,
            38.539164,
            2952.3984375
          ],
          [
            -109.260935,
            38.539164,
            2952.3984375
          ],
          [
            -109.260991,
            38.539155,
            2951.8984375
          ],
          [
            -109.26115,
            38.5392,
            2951.09765625
          ],
          [
            -109.261198,
            38.539209,
            2950.59765625
          ],
          [
            -109.261245,
            38.539214,
            2949.796875
          ],
          [
            -109.261289,
            38.539207,
            2949.19921875
          ],
          [
            -109.26132,
            38.539193,
            2948.3984375
          ],
          [
            -109.261341,
            38.539173,
            2947.796875
          ],
          [
            -109.261346,
            38.539149,
            2947.296875
          ],
          [
            -109.261345,
            38.539129,
            2947.0
          ],
          [
            -109.261333,
            38.539104,
            2946.796875
          ],
          [
            -109.261322,
            38.539071,
            2946.3984375
          ],
          [
            -109.261322,
            38.539048,
            2946.09765625
          ],
          [
            -109.261326,
            38.539026,
            2945.69921875
          ],
          [
            -109.261344,
            38.538999,
            2945.296875
          ],
          [
            -109.261369,
            38.53898,
            2944.796875
          ],
          [
            -109.26142,
            38.538958,
            2944.09765625
          ],
          [
            -109.261463,
            38.538949,
            2943.5
          ],
          [
            -109.261521,
            38.538944,
            2942.59765625
          ],
          [
            -109.261564,
            38.538949,
            2942.09765625
          ],
          [
            -109.261592,
            38.538958,
            2941.796875
          ],
          [
            -109.26164,
            38.538981,
            2941.19921875
          ],
          [
            -109.261693,
            38.539014,
            2940.296875
          ],
          [
            -109.261879,
            38.539155,
            2936.5
          ],
          [
            -109.261929,
            38.539188,
            2935.5
          ],
          [
            -109.261958,
            38.539201,
            2935.0
          ],
          [
            -109.262,
            38.539213,
            2934.3984375
          ],
          [
            -109.262067,
            38.539223,
            2933.296875
          ],
          [
            -109.262484,
            38.539259,
            2928.296875
          ],
          [
            -109.262557,
            38.539274,
            2927.3984375
          ],
          [
            -109.263095,
            38.539386,
            2921.19921875
          ],
          [
            -109.263095,
            38.539386,
            2921.19921875
          ],
          [
            -109.263207,
            38.539409,
            2919.796875
          ],
          [
            -109.264559,
            38.539762,
            2902.296875
          ],
          [
            -109.265906,
            38.540399,
            2883.796875
          ],
          [
            -109.266338,
            38.540457,
            2878.5
          ],
          [
            -109.267153,
            38.54052,
            2868.296875
          ],
          [
            -109.267968,
            38.540506,
            2855.5
          ],
          [
            -109.26866,
            38.540607,
            2850.296875
          ],
          [
            -109.268851,
            38.540597,
            2846.296875
          ],
          [
            -109.26953,
            38.540544,
            2834.59765625
          ],
          [
            -109.270018,
            38.54067,
            2832.8984375
          ],
          [
            -109.270716,
            38.540873,
            2823.8984375
          ],
          [
            -109.270932,
            38.541027,
            2823.09765625
          ],
          [
            -109.270914,
            38.541225,
            2826.59765625
          ],
          [
            -109.27092,
            38.541409,
            2826.796875
          ],
          [
            -109.271136,
            38.541298,
            2821.8984375
          ],
          [
            -109.271222,
            38.541061,
            2815.3984375
          ],
          [
            -109.271105,
            38.540844,
            2809.8984375
          ],
          [
            -109.270729,
            38.540583,
            2809.0
          ],
          [
            -109.270593,
            38.540409,
            2803.296875
          ],
          [
            -109.270827,
            38.540462,
            2800.8984375
          ],
          [
            -109.271192,
            38.540689,
            2800.09765625
          ],
          [
            -109.272445,
            38.540998,
            2781.09765625
          ],
          [
            -109.272445,
            38.540998,
            2781.09765625
          ],
          [
            -109.272698,
            38.541061,
            2776.19921875
          ],
          [
            -109.273013,
            38.541249,
            2774.296875
          ],
          [
            -109.273168,
            38.541501,
            2775.0
          ],
          [
            -109.273501,
            38.541824,
            2772.09765625
          ],
          [
            -109.274014,
            38.542042,
            2762.5
          ],
          [
            -109.275317,
            38.542611,
            2742.09765625
          ],
          [
            -109.276231,
            38.542993,
            2730.5
          ],
          [
            -109.276718,
            38.543182,
            2724.19921875
          ],
          [
            -109.277373,
            38.543452,
            2713.09765625
          ],
          [
            -109.277509,
            38.543611,
            2711.296875
          ],
          [
            -109.277336,
            38.544017,
            2707.8984375
          ],
          [
            -109.277071,
            38.544447,
            2701.59765625
          ],
          [
            -109.276644,
            38.544949,
            2697.3984375
          ],
          [
            -109.276657,
            38.545191,
            2691.3984375
          ],
          [
            -109.276836,
            38.545254,
            2686.0
          ],
          [
            -109.277052,
            38.545157,
            2682.3984375
          ],
          [
            -109.277299,
            38.544978,
            2680.796875
          ],
          [
            -109.27783,
            38.544833,
            2675.0
          ],
          [
            -109.278917,
            38.544635,
            2664.19921875
          ],
          [
            -109.279553,
            38.544427,
            2655.19921875
          ],
          [
            -109.279707,
            38.544292,
            2651.09765625
          ],
          [
            -109.279732,
            38.543969,
            2644.59765625
          ],
          [
            -109.279547,
            38.543578,
            2637.0
          ],
          [
            -109.279362,
            38.543331,
            2637.69921875
          ],
          [
            -109.279609,
            38.543307,
            2635.09765625
          ],
          [
            -109.280103,
            38.54349,
            2630.296875
          ],
          [
            -109.280306,
            38.54365,
            2626.09765625
          ],
          [
            -109.280868,
            38.543829,
            2622.69921875
          ],
          [
            -109.281368,
            38.544065,
            2619.0
          ],
          [
            -109.281541,
            38.544403,
            2608.796875
          ],
          [
            -109.281659,
            38.544495,
            2607.5
          ],
          [
            -109.281961,
            38.544408,
            2607.19921875
          ],
          [
            -109.282116,
            38.544143,
            2606.19921875
          ],
          [
            -109.282122,
            38.543785,
            2607.8984375
          ],
          [
            -109.282276,
            38.543693,
            2607.09765625
          ],
          [
            -109.282425,
            38.543814,
            2604.19921875
          ],
          [
            -109.28256,
            38.544094,
            2599.5
          ],
          [
            -109.282752,
            38.544331,
            2595.0
          ],
          [
            -109.283073,
            38.544466,
            2590.0
          ],
          [
            -109.28369,
            38.544427,
            2581.3984375
          ],
          [
            -109.284154,
            38.544331,
            2576.796875
          ],
          [
            -109.284333,
            38.544143,
            2574.59765625
          ],
          [
            -109.284468,
            38.543834,
            2572.796875
          ],
          [
            -109.284641,
            38.543756,
            2571.59765625
          ],
          [
            -109.285117,
            38.54393,
            2565.09765625
          ],
          [
            -109.285333,
            38.544032,
            2561.8984375
          ],
          [
            -109.285315,
            38.544239,
            2561.19921875
          ],
          [
            -109.285296,
            38.544403,
            2559.09765625
          ],
          [
            -109.285216,
            38.544544,
            2556.8984375
          ],
          [
            -109.285043,
            38.544737,
            2555.0
          ],
          [
            -109.284944,
            38.544935,
            2553.69921875
          ],
          [
            -109.285074,
            38.5452,
            2546.796875
          ],
          [
            -109.285086,
            38.545456,
            2543.19921875
          ],
          [
            -109.285154,
            38.545596,
            2539.19921875
          ],
          [
            -109.285271,
            38.545568,
            2537.3984375
          ],
          [
            -109.285457,
            38.545394,
            2536.8984375
          ],
          [
            -109.285759,
            38.545239,
            2533.09765625
          ],
          [
            -109.285938,
            38.545123,
            2531.3984375
          ],
          [
            -109.286074,
            38.544949,
            2531.0
          ],
          [
            -109.286228,
            38.54478,
            2529.5
          ],
          [
            -109.286537,
            38.54463,
            2525.5
          ],
          [
            -109.286753,
            38.544529,
            2522.19921875
          ],
          [
            -109.287013,
            38.54422,
            2517.59765625
          ],
          [
            -109.287173,
            38.544128,
            2514.19921875
          ],
          [
            -109.287272,
            38.544254,
            2510.59765625
          ],
          [
            -109.287216,
            38.544471,
            2509.296875
          ],
          [
            -109.287229,
            38.544659,
            2506.69921875
          ],
          [
            -109.287112,
            38.54494,
            2504.796875
          ],
          [
            -109.287099,
            38.545312,
            2498.8984375
          ],
          [
            -109.287186,
            38.545679,
            2492.796875
          ],
          [
            -109.287084,
            38.545951,
            2490.5
          ],
          [
            -109.287084,
            38.545951,
            2490.5
          ],
          [
            -109.287068,
            38.545992,
            2489.796875
          ],
          [
            -109.286772,
            38.546413,
            2484.0
          ],
          [
            -109.286512,
            38.546717,
            2479.0
          ],
          [
            -109.286414,
            38.546963,
            2474.69921875
          ],
          [
            -109.286482,
            38.547258,
            2467.296875
          ],
          [
            -109.286568,
            38.547325,
            2464.796875
          ],
          [
            -109.286661,
            38.547301,
            2463.796875
          ],
          [
            -109.286741,
            38.547137,
            2463.796875
          ],
          [
            -109.287093,
            38.546992,
            2458.8984375
          ],
          [
            -109.287809,
            38.546809,
            2450.09765625
          ],
          [
            -109.2881,
            38.546775,
            2444.19921875
          ],
          [
            -109.28813,
            38.546838,
            2442.5
          ],
          [
            -109.288118,
            38.547002,
            2440.3984375
          ],
          [
            -109.288242,
            38.547185,
            2437.19921875
          ],
          [
            -109.288482,
            38.547287,
            2433.8984375
          ],
          [
            -109.288686,
            38.547306,
            2431.19921875
          ],
          [
            -109.289186,
            38.547268,
            2425.0
          ],
          [
            -109.289606,
            38.547277,
            2419.8984375
          ],
          [
            -109.290082,
            38.547089,
            2415.09765625
          ],
          [
            -109.290397,
            38.547065,
            2412.296875
          ],
          [
            -109.290644,
            38.547065,
            2410.19921875
          ],
          [
            -109.290903,
            38.547012,
            2408.09765625
          ],
          [
            -109.291065,
            38.54698,
            2406.59765625
          ],
          [
            -109.291035,
            38.547174,
            2404.796875
          ],
          [
            -109.290914,
            38.548101,
            2400.8984375
          ],
          [
            -109.290737,
            38.548274,
            2401.5
          ],
          [
            -109.290576,
            38.548595,
            2402.296875
          ],
          [
            -109.290411,
            38.549118,
            2401.19921875
          ],
          [
            -109.290267,
            38.54928,
            2401.296875
          ],
          [
            -109.290163,
            38.549315,
            2402.09765625
          ],
          [
            -109.290025,
            38.549298,
            2403.69921875
          ],
          [
            -109.289747,
            38.549116,
            2406.09765625
          ],
          [
            -109.289513,
            38.549043,
            2407.69921875
          ]
        ]
      }
    }
  ]
}